"","Week","Total","A00..04","A05..09","A10..14","A15..19","A20..24","A25..29","A30..34","A35..39","A40..44","A45..49","A50..54","A55..59","A60..64","A65..69","A70..74","A75..79","A80+","Unknown","year","pathogen"
"1",1,"0.4","2.16","0.89","0.24","0.29","0.39","0.34","0.33","0.51","0.41","0.35","0.23","0.26","0.17",0.18,0.3,0.11,0.14,NA,2016,"Flu"
"2",2,"0.7","3.17","2.35","0.49","0.55","0.52","0.63","0.57","0.59","0.89","0.64","0.63","0.45","0.34",0.44,0.16,0.16,0.1,NA,2016,"Flu"
"3",3,"1.33","6.36","6.45","2.09","1.08","0.5","1.19","1.03","1.29","1.33","0.78","0.73","0.77","0.62",0.31,0.38,0.39,0.18,NA,2016,"Flu"
"4",4,"2.72","13.82","11.59","4.62","1.82","1.07","1.71","2.74","2.87","2.65","2.12","1.7","1.54","1.17",0.66,0.6,0.46,0.47,NA,2016,"Flu"
"5",5,"3.65","16.88","13.59","5.68","2.9","1.7","2.59","3.6","3.86","3.09","3.16","2.36","2.62","1.82",1.32,1.04,1.15,0.71,NA,2016,"Flu"
"6",6,"3.83","18.32","15.41","4.89","3.02","1.77","3.17","3.75","4.17","3.4","2.92","2.46","2.41","1.97",1.21,1.37,1.1,0.57,NA,2016,"Flu"
"7",7,"5.38","24.05","22.52","6.52","3.9","2.73","4.27","5.56","4.73","4.98","4.73","3.94","3.89","2.92",1.8,1.34,1.01,1.13,NA,2016,"Flu"
"8",8,"7.69","31.98","31.6","13.67","7.23","3.89","5.53","7.64","7.75","6.76","5.94","4.97","4.95","3.52",2.54,2.65,1.91,1.84,NA,2016,"Flu"
"9",9,"9.35","34.3","42.28","18.51","10.51","4.74","8.03","9.14","8.48","7.57","6.82","6.27","4.89","4.3",3.16,3.26,2.71,1.54,NA,2016,"Flu"
"10",10,"12.16","44.1","58.44","25.88","14.97","6.71","9.78","11.82","10.84","8.9","7.87","7.02","6.51","5.4",4.03,4.27,3.17,2.14,NA,2016,"Flu"
"11",11,"13.55","47.03","61.18","28.65","18.97","7.56","11.11","13.74","12.3","10.33","8.9","7.25","7.75","6.1",4.41,4.87,4.28,2.75,NA,2016,"Flu"
"12",12,"10.78","39.04","43","22.73","13.96","7.8","9.52","11.61","8.82","7.98","7.04","5.77","5.63","5.25",4.36,4.51,4.07,2.61,NA,2016,"Flu"
"13",13,"7.33","29.37","26.76","10.52","7.23","5.14","7.21","7.87","6.27","5.54","4.71","3.82","3.83","3.64",3.46,5.17,3.82,3.36,NA,2016,"Flu"
"14",14,"5.46","19.95","15.88","6.42","5.2","4.2","6.24","6.95","5.48","4.02","3.75","3.19","3.65","3.48",2.94,3.94,2.64,2.12,NA,2016,"Flu"
"15",15,"3.1","12.01","11.57","5.19","3.35","2.21","2.96","3.62","2.51","2.16","1.79","1.6","1.66","1.72",1.45,1.91,1.49,1.15,NA,2016,"Flu"
"16",16,"1.73","6.42","7.83","3.67","2.47","1.03","1.3","1.78","1.15","1.37","1.05","0.8","0.77","0.59",0.96,0.93,0.78,0.38,NA,2016,"Flu"
"17",17,"1.09","4.21","5.31","2.64","1.41","0.63","0.97","0.86","0.81","0.75","0.43","0.44","0.55","0.53",0.5,0.41,0.37,0.36,NA,2016,"Flu"
"18",18,"0.52","1.97","2.57","0.98","0.41","0.37","0.37","0.59","0.51","0.29","0.3","0.14","0.24","0.36",0.2,0.27,0.25,0.2,NA,2016,"Flu"
"19",19,"0.49","1.17","2.91","0.98","0.38","0.35","0.35","0.46","0.45","0.44","0.29","0.26","0.29","0.25",0.22,0.25,0.25,0.12,NA,2016,"Flu"
"20",20,"0.15","0.51","0.42","0.19","0.12",NA,"0.2","0.17","0.04","0.21","0.18","0.06","0.05","0.11",0.11,0.08,0.05,0.18,NA,2016,"Flu"
"21",21,"0.08","0.48","0.19","0.19",NA,"0.09","0.06","0.06","0.04",NA,"0.05","0.04","0.05","0.04",0.04,0.05,0.05,0.02,NA,2016,"Flu"
"22",22,"0.12","0.13","1.08","0.82","0.05",NA,"0.02","0.04","0.02","0.06","0.05",NA,"0.05","0.02",0.11,0.03,0.02,0.04,NA,2016,"Flu"
"23",23,"0.03","0.13","0.03","0.05",NA,"0.04",NA,"0.04","0.02",NA,"0.05",NA,"0.03",NA,0.04,0.03,0.05,NA,NA,2016,"Flu"
"24",24,"0.02","0.03","0.08",NA,NA,NA,NA,"0.02",NA,"0.04","0.03","0.01",NA,NA,NA,0.05,0.02,NA,NA,2016,"Flu"
"25",25,"0.01","0.08",NA,NA,NA,NA,"0.02","0.04","0.02",NA,"0.02","0.01",NA,NA,NA,0.05,NA,NA,NA,2016,"Flu"
"26",26,"0.02","0.08","0.03",NA,"0.02","0.02","0.02","0.02",NA,"0.04",NA,"0.01",NA,"0.02",NA,NA,0.02,0.04,NA,2016,"Flu"
"27",27,"0",NA,"0.03","0.03",NA,NA,NA,NA,NA,"0.02",NA,"0.01","0.02",NA,NA,NA,0.02,NA,NA,2016,"Flu"
"28",28,"0.01","0.03","0.03",NA,NA,"0.04","0.02","0.06",NA,NA,NA,NA,NA,"0.02",NA,NA,NA,NA,NA,2016,"Flu"
"29",29,"0.01",NA,"0.03",NA,NA,NA,NA,NA,NA,"0.02","0.03","0.01",NA,"0.02",NA,NA,0.05,0.02,NA,2016,"Flu"
"30",30,"0.03","0.11","0.17","0.03",NA,NA,NA,NA,"0.02","0.04","0.06","0.01","0.02","0.02",0.02,NA,NA,NA,NA,2016,"Flu"
"31",31,"0","0.03","0.03",NA,NA,NA,"0.04",NA,"0.04",NA,NA,NA,NA,NA,NA,0.03,NA,0.02,NA,2016,"Flu"
"32",32,"0","0.11",NA,NA,NA,"0.02","0.02",NA,NA,NA,NA,NA,NA,NA,NA,NA,NA,NA,NA,2016,"Flu"
"33",33,"0","0.05",NA,"0.03",NA,"0.04",NA,NA,NA,NA,NA,NA,"0.03","0.02",NA,NA,NA,NA,NA,2016,"Flu"
"34",34,"0.01","0.11",NA,NA,"0.02",NA,NA,"0.02",NA,NA,NA,"0.01","0.02",NA,NA,NA,0.05,0.02,NA,2016,"Flu"
"35",35,"0.01","0.05",NA,"0.03",NA,NA,"0.06",NA,"0.02","0.02",NA,NA,"0.02",NA,NA,NA,0.02,NA,NA,2016,"Flu"
"36",36,"0.02","0.05","0.03",NA,"0.02","0.02","0.02","0.02",NA,NA,NA,"0.01","0.05",NA,0.02,NA,NA,0.02,NA,2016,"Flu"
"37",37,"0.02","0.11","0.03","0.03",NA,NA,NA,"0.02","0.02","0.02","0.05","0.03",NA,NA,NA,0.03,NA,NA,NA,2016,"Flu"
"38",38,"0.02","0.16",NA,NA,"0.02",NA,"0.04","0.04","0.02","0.04","0.03","0.01",NA,NA,0.07,NA,NA,NA,NA,2016,"Flu"
"39",39,"0.03","0.05","0.03","0.03","0.02",NA,"0.02",NA,"0.02","0.04","0.06","0.04","0.06",NA,0.09,NA,0.02,NA,NA,2016,"Flu"
"40",40,"0.04","0.11",NA,"0.03","0.02","0.09","0.07","0.02","0.02","0.02","0.08","0.03","0.02","0.08",NA,0.05,0.05,0.02,NA,2016,"Flu"
"41",41,"0.04","0.13","0.03","0.03","0.05","0.04","0.04","0.02",NA,"0.02","0.03","0.07","0.05","0.02",NA,0.11,0.07,0.06,NA,2016,"Flu"
"42",42,"0.05","0.19","0.06","0.03","0.05","0.04","0.06",NA,NA,"0.02","0.06","0.06","0.02","0.04",0.04,0.08,0.05,0.08,NA,2016,"Flu"
"43",43,"0.05","0.08","0.06","0.11","0.12","0.04","0.02","0.02","0.02","0.02","0.02","0.09","0.08","0.02",0.02,0.05,0.02,0.04,NA,2016,"Flu"
"44",44,"0.07","0.21","0.03","0.08","0.05","0.04","0.04","0.06","0.1","0.04","0.03","0.06","0.1","0.09",0.02,0.05,0.14,0.08,NA,2016,"Flu"
"45",45,"0.06","0.13","0.14","0.11","0.02","0.07","0.02","0.02","0.06","0.04","0.05","0.09","0.05","0.02",0.04,0.08,0.02,0.06,NA,2016,"Flu"
"46",46,"0.12","0.24","0.25","0.16","0.29","0.11","0.07","0.06","0.06","0.08","0.14","0.06","0.18","0.09",0.15,0.03,0.07,0.1,NA,2016,"Flu"
"47",47,"0.19","0.56","0.44","0.38","0.29","0.13","0.13","0.11","0.2","0.15","0.08","0.09","0.16","0.11",0.2,0.16,0.16,0.16,NA,2016,"Flu"
"48",48,"0.23","0.67","0.47","0.6","0.36","0.13","0.15","0.08","0.24","0.17","0.21","0.14","0.13","0.17",0.24,0.16,0.09,0.28,NA,2016,"Flu"
"49",49,"0.43","1.28","1","1.66","0.86","0.31","0.26","0.27","0.14","0.27","0.21","0.29","0.35","0.17",0.18,0.47,0.23,0.32,NA,2016,"Flu"
"50",50,"1.02","3.3","2.38","2.85","2.3","0.63","0.58","0.44","0.55","0.83","0.56","0.74","0.74","0.59",0.53,0.47,0.67,0.95,NA,2016,"Flu"
"51",51,"1.69","3.54","3.51","4.05","3.28","0.85","0.82","0.94","1.11","1.14","1.25","1.16","1.54","1.25",1.4,1.81,1.29,1.98,NA,2016,"Flu"
"52",52,"2.06","3.49","2.85","3.56","2.51","1.05","1.02","1.05","1.19","1.58","1.33","1.56","1.78","1.67",2.04,2.27,2.32,5.2,NA,2016,"Flu"
"53",1,"0.05","0.96","0.06",NA,NA,"0.02",NA,NA,NA,NA,NA,NA,NA,NA,NA,NA,NA,NA,NA,2016,"RSV"
"54",2,"0.06","1.17",NA,"0.03","0.02","0.04",NA,NA,"0.02",NA,"0.02",NA,NA,NA,NA,0.03,NA,NA,NA,2016,"RSV"
"55",3,"0.11","2.1","0.11","0.05",NA,NA,NA,NA,NA,NA,NA,"0.01","0.02",NA,0.02,NA,NA,NA,NA,2016,"RSV"
"56",4,"0.11","2.08","0.11","0.08","0.02",NA,"0.04","0.02",NA,NA,NA,"0.03",NA,NA,NA,NA,NA,NA,NA,2016,"RSV"
"57",5,"0.14","2.9","0.03","0.03",NA,NA,NA,"0.02",NA,"0.04","0.02",NA,"0.03",NA,0.02,NA,NA,NA,NA,2016,"RSV"
"58",6,"0.17","3.46","0.06","0.03","0.02",NA,NA,"0.04","0.02",NA,NA,"0.01","0.02",NA,NA,NA,NA,0.04,NA,2016,"RSV"
"59",7,"0.2","3.86","0.08",NA,"0.02","0.04",NA,NA,"0.1","0.02","0.03","0.01","0.05","0.04",0.04,NA,0.05,NA,NA,2016,"RSV"
"60",8,"0.17","3.01","0.14","0.08","0.02","0.02","0.02",NA,"0.04","0.04","0.02","0.03","0.02","0.04",NA,NA,NA,0.06,NA,2016,"RSV"
"61",9,"0.22","4.18","0.11","0.11","0.05",NA,"0.02","0.04","0.04",NA,NA,"0.04","0.03","0.02",0.04,0.03,0.02,0.04,NA,2016,"RSV"
"62",10,"0.14","2.56","0.14","0.03","0.02",NA,NA,"0.04","0.02",NA,NA,NA,"0.03","0.04",0.04,0.03,0.02,0.02,NA,2016,"RSV"
"63",11,"0.13","2.53","0.11","0.03",NA,"0.02",NA,NA,"0.02",NA,NA,"0.03","0.02",NA,0.02,NA,0.05,0.04,NA,2016,"RSV"
"64",12,"0.1","1.92","0.03","0.03","0.02",NA,"0.02",NA,NA,"0.02",NA,NA,NA,NA,NA,0.03,0.05,0.02,NA,2016,"RSV"
"65",13,"0.07","1.33","0.06",NA,NA,NA,NA,NA,NA,NA,NA,NA,"0.02",NA,NA,0.05,0.02,0.02,NA,2016,"RSV"
"66",14,"0.09","1.52","0.06","0.08","0.02",NA,NA,NA,"0.02","0.02",NA,"0.01","0.03",NA,0.02,NA,0.02,0.04,NA,2016,"RSV"
"67",15,"0.08","1.23","0.17","0.05","0.05",NA,NA,NA,"0.02","0.04","0.02",NA,"0.03","0.04",0.02,0.05,NA,0.02,NA,2016,"RSV"
"68",16,"0.03","0.51","0.03","0.03","0.02",NA,NA,NA,"0.02",NA,NA,NA,NA,NA,NA,NA,NA,NA,NA,2016,"RSV"
"69",17,"0.02","0.45",NA,"0.03",NA,NA,"0.02",NA,NA,NA,NA,NA,NA,NA,NA,NA,0.02,NA,NA,2016,"RSV"
"70",18,"0.02","0.32","0.06",NA,NA,NA,NA,NA,NA,NA,NA,"0.01",NA,NA,NA,NA,NA,NA,NA,2016,"RSV"
"71",19,"0.02","0.29",NA,"0.03",NA,NA,NA,NA,NA,NA,NA,NA,NA,"0.02",NA,NA,NA,NA,NA,2016,"RSV"
"72",20,"0","0.13",NA,NA,NA,NA,NA,NA,NA,NA,NA,NA,NA,NA,NA,NA,NA,NA,NA,2016,"RSV"
"73",21,"0.01","0.24",NA,NA,NA,NA,NA,NA,NA,NA,NA,NA,NA,NA,NA,NA,NA,NA,NA,2016,"RSV"
"74",22,"0","0.05",NA,NA,NA,NA,NA,NA,NA,NA,NA,NA,NA,NA,NA,NA,NA,NA,NA,2016,"RSV"
"75",23,"0","0.03","0.06",NA,NA,NA,NA,NA,NA,NA,"0.02",NA,NA,NA,NA,NA,NA,NA,NA,2016,"RSV"
"76",24,"0.01","0.19","0.03",NA,NA,NA,NA,NA,NA,NA,NA,NA,NA,NA,NA,NA,0.02,NA,NA,2016,"RSV"
"77",25,"0","0.13",NA,NA,NA,NA,NA,NA,NA,NA,NA,NA,NA,NA,NA,NA,NA,NA,NA,2016,"RSV"
"78",26,NA,NA,NA,NA,NA,NA,NA,NA,NA,NA,NA,NA,NA,NA,NA,NA,NA,NA,NA,2016,"RSV"
"79",27,"0","0.05",NA,NA,NA,NA,NA,NA,NA,NA,NA,NA,NA,NA,NA,NA,NA,NA,NA,2016,"RSV"
"80",28,"0","0.03",NA,NA,NA,NA,NA,NA,NA,NA,NA,NA,NA,NA,NA,NA,NA,NA,NA,2016,"RSV"
"81",29,"0","0.03",NA,NA,NA,NA,NA,NA,NA,NA,NA,NA,NA,NA,NA,NA,NA,NA,NA,2016,"RSV"
"82",30,NA,NA,NA,NA,NA,NA,NA,NA,NA,NA,NA,NA,NA,NA,NA,NA,NA,NA,NA,2016,"RSV"
"83",31,"0","0.03",NA,"0.03",NA,NA,NA,NA,NA,NA,NA,NA,NA,NA,NA,NA,NA,NA,NA,2016,"RSV"
"84",32,"0",NA,NA,"0.03",NA,NA,NA,NA,NA,NA,NA,NA,NA,NA,NA,NA,NA,NA,NA,2016,"RSV"
"85",33,NA,NA,NA,NA,NA,NA,NA,NA,NA,NA,NA,NA,NA,NA,NA,NA,NA,NA,NA,2016,"RSV"
"86",34,"0","0.03","0.03",NA,NA,NA,NA,"0.02",NA,NA,NA,NA,NA,NA,NA,NA,NA,NA,NA,2016,"RSV"
"87",35,"0","0.05",NA,NA,NA,NA,NA,NA,NA,NA,NA,NA,NA,NA,NA,NA,NA,NA,NA,2016,"RSV"
"88",36,"0","0.05",NA,NA,NA,NA,NA,NA,NA,NA,NA,NA,NA,NA,NA,NA,NA,NA,NA,2016,"RSV"
"89",37,"0","0.03",NA,NA,NA,NA,NA,NA,NA,NA,NA,NA,NA,NA,NA,NA,NA,NA,NA,2016,"RSV"
"90",38,"0","0.08",NA,NA,NA,NA,NA,NA,NA,NA,NA,NA,NA,NA,NA,NA,NA,NA,NA,2016,"RSV"
"91",39,"0","0.03",NA,NA,NA,NA,NA,NA,NA,NA,NA,NA,NA,"0.02",NA,NA,NA,NA,NA,2016,"RSV"
"92",40,NA,NA,NA,NA,NA,NA,NA,NA,NA,NA,NA,NA,NA,NA,NA,NA,NA,NA,NA,2016,"RSV"
"93",41,"0","0.05",NA,NA,NA,NA,NA,NA,NA,NA,NA,NA,NA,NA,NA,NA,NA,NA,NA,2016,"RSV"
"94",42,"0","0.11","0.03",NA,NA,NA,NA,NA,NA,NA,NA,NA,NA,NA,NA,NA,NA,NA,NA,2016,"RSV"
"95",43,"0","0.21",NA,NA,NA,NA,NA,NA,NA,NA,NA,NA,NA,NA,NA,NA,NA,NA,NA,2016,"RSV"
"96",44,"0.01","0.24",NA,"0.03",NA,NA,NA,NA,NA,NA,NA,NA,NA,NA,0.02,NA,NA,NA,NA,2016,"RSV"
"97",45,"0.01","0.24","0.03",NA,NA,NA,NA,NA,NA,NA,NA,NA,NA,NA,NA,NA,NA,NA,NA,2016,"RSV"
"98",46,"0.02","0.45","0.03",NA,NA,NA,NA,NA,NA,NA,NA,NA,NA,NA,NA,NA,NA,NA,NA,2016,"RSV"
"99",47,"0.05","1.01",NA,"0.03",NA,NA,NA,NA,NA,NA,NA,NA,NA,NA,NA,NA,NA,NA,NA,2016,"RSV"
"100",48,"0.1","2.21","0.03",NA,NA,NA,NA,NA,"0.02",NA,NA,NA,NA,NA,NA,NA,NA,0.02,NA,2016,"RSV"
"101",49,"0.13","2.58","0.11",NA,"0.02",NA,NA,NA,NA,NA,NA,"0.01","0.02",NA,NA,NA,0.05,NA,NA,2016,"RSV"
"102",50,"0.22","4.42","0.25","0.11",NA,NA,NA,NA,"0.02",NA,NA,"0.03","0.02","0.02",NA,0.03,NA,NA,NA,2016,"RSV"
"103",51,"0.26","5.19","0.19","0.08","0.05",NA,NA,NA,"0.02",NA,NA,NA,NA,NA,0.07,NA,0.02,0.02,NA,2016,"RSV"
"104",52,"0.2","4.15","0.11",NA,"0.02",NA,NA,"0.02",NA,NA,NA,NA,NA,NA,NA,0.03,NA,0.02,NA,2016,"RSV"
"105",1,"2.41","4.48","2.47","1.82","2.11","1.87","1.47","1.6","1.78","1.98","2.27","2.21","2.17","2.12",2.14,3.04,3.42,4.83,NA,2017,"Flu"
"106",2,"4.36","7.31","5.93","5.56","5.22","3.3","2.69","2.75","2.74","3.29","3.7","3.5","3.85","4.16",3.41,4.01,5.29,9.56,NA,2017,"Flu"
"107",3,"7.24","16.65","15.64","13.65","10.8","4.26","3.62","4.32","4.56","5.08","6.2","5.88","5.76","5.11",4.6,5.61,7.5,11.41,NA,2017,"Flu"
"108",4,"12.17","24.41","25.5","27.93","18.28","7.23","5.99","7.9","8.44","9.35","9.66","10.46","11.31","8.72",6.98,8.41,10.9,17.19,NA,2017,"Flu"
"109",5,"17.31","30.6","30.9","33.99","25.7","9.36","9.87","11.22","12.65","13.02","15.42","15.25","15.24","14.55",11.79,15.07,17.06,25.96,NA,2017,"Flu"
"110",6,"20.12","38.04","30.14","29.15","22","11.75","12.68","14.03","15.95","16.21","18.19","17.69","19.19","16.73",14.74,19.56,24.3,32.55,NA,2017,"Flu"
"111",7,"17.9","39.11","25.2","18.87","17.27","10.05","11.25","12.67","13.83","14.04","16.02","16.25","18.72","17.32",13.78,17.59,19.82,29.84,NA,2017,"Flu"
"112",8,"14.48","27.84","18.61","14.5","12.13","6.97","8.78","10.3","10.99","11.1","11.77","13.73","15.15","13.98",11.45,14.36,18.62,30.11,NA,2017,"Flu"
"113",9,"7.47","15.22","12.08","7.03","6.1","3.02","3.94","5.15","5.29","5.5","6.3","7.15","7.24","7.23",6.45,7.3,10.5,14.61,NA,2017,"Flu"
"114",10,"4.1","8.33","6.18","4.86","3.33","2.08","2.58","2.64","3.01","3.02","3.68","3.87","4.35","3.98",3.48,3.98,4.72,7.18,NA,2017,"Flu"
"115",11,"2.07","3.43","3.43","2.12","1.89","1.06","1","1.47","1.53","1.94","1.83","2.01","2.04","2.17",1.91,1.96,2.69,3.49,NA,2017,"Flu"
"116",12,"1.28","2.47","2.44","1.6","1","0.48","0.79","0.89","0.79","1.04","1.07","1.13","1.3","1.17",1.06,1.41,1.42,2.35,NA,2017,"Flu"
"117",13,"0.76","1.98","1.26","1.03","0.51","0.17","0.24","0.57","0.6","0.85","0.72","0.75","0.73","0.97",0.68,0.55,0.8,0.93,NA,2017,"Flu"
"118",14,"0.48","1.22","1.4","0.84","0.44","0.13","0.15","0.3","0.25","0.33","0.27","0.44","0.42","0.39",0.4,0.33,0.52,0.81,NA,2017,"Flu"
"119",15,"0.2","0.47","0.55","0.19","0.34","0.09","0.08","0.15","0.1","0.1","0.15","0.21","0.16","0.2",0.13,0.17,0.19,0.25,NA,2017,"Flu"
"120",16,"0.12","0.18","0.08","0.19","0.05","0.07","0.04","0.04","0.1","0.04","0.1","0.1","0.14","0.11",0.13,0.3,0.24,0.19,NA,2017,"Flu"
"121",17,"0.15","0.29","0.33","0.57","0.1","0.07","0.06","0.11","0.15","0.21","0.07","0.1","0.09","0.11",0.15,0.06,0.17,0.19,NA,2017,"Flu"
"122",18,"0.12","0.31","0.38","0.11","0.17","0.07","0.02","0.06","0.06","0.02","0.12","0.11","0.16","0.09",0.13,0.08,0.07,0.23,NA,2017,"Flu"
"123",19,"0.13","0.49","0.16","0.27","0.12","0.04","0.04","0.08","0.15","0.04","0.07","0.1","0.09","0.13",0.13,0.08,0.19,0.17,NA,2017,"Flu"
"124",20,"0.09","0.18","0.19","0.14","0.1","0.02","0.04","0.08","0.02","0.06","0.13","0.04","0.09","0.09",0.08,0.11,0.12,0.08,NA,2017,"Flu"
"125",21,"0.04","0.16","0.16","0.03","0.05",NA,NA,"0.02","0.02","0.02","0.05","0.03","0.03","0.04",NA,NA,0.05,0.06,NA,2017,"Flu"
"126",22,"0.04","0.1","0.08","0.03","0.05","0.04","0.04","0.08","0.06",NA,NA,"0.04","0.03","0.02",0.04,NA,0.05,0.12,NA,2017,"Flu"
"127",23,"0.02","0.08","0.03","0.03",NA,NA,NA,"0.04","0.02",NA,"0.02",NA,"0.03",NA,0.02,0.06,0.02,0.02,NA,2017,"Flu"
"128",24,"0.02",NA,NA,"0.03","0.02",NA,"0.02","0.08",NA,"0.04","0.02",NA,NA,"0.04",NA,NA,0.02,NA,NA,2017,"Flu"
"129",25,"0.02","0.03","0.08",NA,NA,"0.02","0.02",NA,NA,NA,"0.02","0.01","0.06","0.04",NA,NA,0.05,0.04,NA,2017,"Flu"
"130",26,"0.01","0.03",NA,NA,NA,NA,NA,"0.04",NA,NA,NA,"0.01","0.03",NA,0.04,NA,0.05,NA,NA,2017,"Flu"
"131",27,"0","0.03",NA,NA,"0.05",NA,NA,"0.02",NA,"0.02",NA,NA,NA,NA,NA,0.06,NA,NA,NA,2017,"Flu"
"132",28,"0","0.05",NA,NA,NA,NA,"0.02","0.02","0.02",NA,NA,NA,NA,"0.04",0.02,NA,NA,NA,NA,2017,"Flu"
"133",29,"0",NA,NA,NA,NA,NA,NA,"0.02",NA,NA,NA,NA,NA,NA,NA,NA,0.02,NA,NA,2017,"Flu"
"134",30,"0.02","0.05",NA,NA,NA,NA,"0.02","0.04",NA,"0.04","0.02",NA,"0.03",NA,0.04,NA,NA,NA,NA,2017,"Flu"
"135",31,"0.01","0.05",NA,NA,NA,"0.04",NA,"0.06",NA,NA,NA,"0.01","0.02","0.02",0.02,0.03,NA,NA,NA,2017,"Flu"
"136",32,"0.01","0.05",NA,"0.05",NA,NA,"0.02",NA,"0.02",NA,NA,"0.01",NA,NA,0.02,NA,NA,0.02,NA,2017,"Flu"
"137",33,"0",NA,NA,NA,NA,NA,NA,NA,NA,NA,NA,NA,NA,NA,0.02,NA,NA,0.02,NA,2017,"Flu"
"138",34,"0",NA,NA,"0.03",NA,NA,NA,NA,NA,NA,NA,NA,NA,NA,NA,NA,0.05,NA,NA,2017,"Flu"
"139",35,"0.01","0.03","0.03",NA,"0.02",NA,"0.02","0.04","0.02",NA,NA,"0.04",NA,"0.02",NA,NA,NA,NA,NA,2017,"Flu"
"140",36,"0.02","0.13","0.03","0.03",NA,"0.04","0.02","0.04","0.02",NA,"0.02",NA,"0.02","0.02",0.02,NA,NA,0.02,NA,2017,"Flu"
"141",37,"0.01","0.05","0.03","0.03","0.02",NA,NA,NA,"0.02",NA,"0.02",NA,"0.02","0.04",0.02,0.03,NA,NA,NA,2017,"Flu"
"142",38,"0.01",NA,"0.08",NA,"0.02",NA,"0.02",NA,NA,"0.02",NA,"0.01","0.03","0.02",NA,NA,NA,0.04,NA,2017,"Flu"
"143",39,"0.03","0.08","0.05",NA,"0.05","0.02","0.02","0.02",NA,NA,"0.03","0.01",NA,"0.02",0.04,0.06,0.07,0.02,NA,2017,"Flu"
"144",40,"0.04",NA,NA,"0.03","0.05","0.04","0.04","0.09",NA,"0.04","0.03","0.03","0.06","0.04",0.02,0.08,0.07,0.04,NA,2017,"Flu"
"145",41,"0.03","0.03","0.05",NA,NA,"0.09",NA,NA,NA,"0.1","0.05","0.03","0.02","0.02",NA,0.08,0.02,NA,NA,2017,"Flu"
"146",42,"0.03","0.08",NA,"0.03",NA,NA,"0.09","0.04","0.06","0.02",NA,"0.04","0.05","0.06",0.02,NA,0.05,0.04,NA,2017,"Flu"
"147",43,"0.04","0.08","0.08",NA,"0.02","0.04","0.02","0.02","0.08","0.06",NA,"0.04","0.05","0.06",0.02,0.08,0.02,0.04,NA,2017,"Flu"
"148",44,"0.03","0.05","0.03",NA,NA,"0.07",NA,"0.04",NA,"0.08","0.02",NA,"0.02","0.06",0.06,NA,0.05,0.06,NA,2017,"Flu"
"149",45,"0.06","0.18","0.11","0.11",NA,"0.04","0.06","0.04","0.08","0.04","0.03","0.06","0.06","0.09",0.06,NA,0.02,0.02,NA,2017,"Flu"
"150",46,"0.05","0.13","0.08","0.05","0.02","0.02","0.06","0.04","0.06","0.02","0.05","0.06","0.08","0.06",0.02,0.03,0.02,0.02,NA,2017,"Flu"
"151",47,"0.1","0.23","0.19","0.27","0.07","0.02","0.09","0.08","0.1","0.1","0.03","0.06","0.09","0.13",0.06,0.03,0.12,0.08,NA,2017,"Flu"
"152",48,"0.11","0.16","0.49","0.27","0.22","0.02","0.06","0.06","0.1","0.17","0.05","0.04","0.08","0.06",0.08,0.06,0.12,0.04,NA,2017,"Flu"
"153",49,"0.2","0.57","0.85","0.22","0.34","0.07","0.08","0.13","0.14","0.21","0.22","0.1","0.2","0.13",0.15,0.06,0.09,0.12,NA,2017,"Flu"
"154",50,"0.36","1.12","1.15","0.68","0.37","0.22","0.17","0.11","0.37","0.44","0.32","0.23","0.28","0.24",0.25,0.3,0.28,0.14,NA,2017,"Flu"
"155",51,"0.59","1.38","2.09","1.06","0.51","0.22","0.23","0.3","0.52","0.73","0.32","0.47","0.61","0.46",0.53,0.53,0.42,0.41,NA,2017,"Flu"
"156",52,"0.76","2.16","1.76","1.06","1","0.46","0.11","0.32","0.64","0.83","0.57","0.47","0.56","0.59",0.53,0.89,0.66,1.2,NA,2017,"Flu"
"157",1,"0.25","4.32","0.14","0.19",NA,"0.02","0.02",NA,"0.02",NA,"0.05","0.01","0.03","0.04",0.11,0.03,0.17,0.1,NA,2017,"RSV"
"158",2,"0.26","4.45","0.36","0.19","0.02","0.02","0.02","0.02","0.02","0.02","0.02","0.01","0.03","0.02",0.04,0.03,0.07,0.12,NA,2017,"RSV"
"159",3,"0.31","5.33","0.47","0.11","0.17",NA,"0.02","0.02",NA,"0.02","0.02","0.03","0.06","0.02",0.04,0.03,0.07,0.12,NA,2017,"RSV"
"160",4,"0.33","5.62","0.3","0.35","0.24","0.02","0.02","0.08","0.02","0.06","0.02","0.03","0.03","0.04",0.04,NA,0.09,0.08,NA,2017,"RSV"
"161",5,"0.35","5.33","0.52","0.57","0.12",NA,"0.02","0.06","0.04","0.06","0.05","0.07","0.09","0.06",0.08,0.08,NA,0.06,NA,2017,"RSV"
"162",6,"0.41","6.01","0.71","0.19","0.27","0.02","0.08","0.04","0.06","0.08","0.07","0.11","0.11","0.11",0.06,0.14,0.21,0.21,NA,2017,"RSV"
"163",7,"0.28","4.06","0.19","0.24","0.17",NA,"0.06","0.02","0.06","0.02","0.03","0.04","0.08","0.06",0.15,0.14,0.09,0.23,NA,2017,"RSV"
"164",8,"0.21","2.71","0.19","0.05","0.05","0.07","0.04","0.02",NA,"0.08","0.02","0.09","0.06","0.09",0.17,0.06,0.19,0.27,NA,2017,"RSV"
"165",9,"0.16","1.8","0.27","0.22","0.07","0.04","0.04",NA,"0.08",NA,"0.02","0.03","0.03","0.02",0.15,0.06,0.19,0.16,NA,2017,"RSV"
"166",10,"0.11","1.64","0.03","0.11","0.02",NA,NA,"0.02",NA,NA,"0.02","0.01","0.05","0.06",0.06,0.03,0.07,0.08,NA,2017,"RSV"
"167",11,"0.06","0.78","0.03","0.05","0.02",NA,NA,"0.02",NA,NA,"0.02","0.03","0.03",NA,0.04,0.06,0.07,0.12,NA,2017,"RSV"
"168",12,"0.02","0.39",NA,"0.03",NA,NA,NA,NA,"0.02",NA,NA,NA,NA,NA,NA,NA,0.02,0.02,NA,2017,"RSV"
"169",13,"0.03","0.42","0.05",NA,NA,NA,NA,NA,NA,NA,NA,"0.01",NA,"0.02",NA,0.03,0.02,NA,NA,2017,"RSV"
"170",14,"0.02","0.31",NA,NA,NA,NA,NA,"0.02",NA,NA,NA,NA,NA,NA,NA,NA,NA,0.04,NA,2017,"RSV"
"171",15,"0","0.13",NA,"0.03",NA,NA,NA,"0.02",NA,NA,NA,NA,NA,NA,NA,NA,NA,NA,NA,2017,"RSV"
"172",16,"0","0.08",NA,NA,NA,NA,NA,NA,NA,NA,NA,NA,NA,NA,NA,NA,NA,NA,NA,2017,"RSV"
"173",17,"0","0.05",NA,NA,NA,NA,NA,NA,NA,NA,NA,NA,NA,NA,NA,NA,NA,NA,NA,2017,"RSV"
"174",18,"0","0.13",NA,NA,NA,NA,NA,NA,NA,NA,NA,NA,NA,NA,NA,NA,NA,NA,NA,2017,"RSV"
"175",19,"0","0.13",NA,NA,NA,NA,NA,NA,NA,NA,NA,NA,NA,NA,NA,NA,NA,NA,NA,2017,"RSV"
"176",20,"0","0.08",NA,NA,NA,NA,NA,NA,NA,NA,NA,NA,NA,NA,NA,NA,NA,NA,NA,2017,"RSV"
"177",21,"0",NA,NA,NA,"0.02",NA,NA,NA,NA,NA,NA,NA,NA,NA,NA,NA,NA,NA,NA,2017,"RSV"
"178",22,"0","0.03",NA,NA,NA,NA,NA,NA,NA,NA,NA,NA,NA,"0.02",NA,NA,NA,NA,NA,2017,"RSV"
"179",23,NA,NA,NA,NA,NA,NA,NA,NA,NA,NA,NA,NA,NA,NA,NA,NA,NA,NA,NA,2017,"RSV"
"180",24,"0",NA,"0.03",NA,NA,NA,NA,NA,NA,NA,NA,NA,NA,NA,NA,NA,NA,NA,NA,2017,"RSV"
"181",25,NA,NA,NA,NA,NA,NA,NA,NA,NA,NA,NA,NA,NA,NA,NA,NA,NA,NA,NA,2017,"RSV"
"182",26,"0","0.03",NA,NA,NA,NA,NA,NA,NA,NA,NA,NA,NA,NA,NA,NA,NA,NA,NA,2017,"RSV"
"183",27,NA,NA,NA,NA,NA,NA,NA,NA,NA,NA,NA,NA,NA,NA,NA,NA,NA,NA,NA,2017,"RSV"
"184",28,NA,NA,NA,NA,NA,NA,NA,NA,NA,NA,NA,NA,NA,NA,NA,NA,NA,NA,NA,2017,"RSV"
"185",29,NA,NA,NA,NA,NA,NA,NA,NA,NA,NA,NA,NA,NA,NA,NA,NA,NA,NA,NA,2017,"RSV"
"186",30,NA,NA,NA,NA,NA,NA,NA,NA,NA,NA,NA,NA,NA,NA,NA,NA,NA,NA,NA,2017,"RSV"
"187",31,"0","0.05",NA,NA,NA,NA,NA,NA,NA,NA,NA,NA,NA,NA,NA,NA,NA,NA,NA,2017,"RSV"
"188",32,"0",NA,"0.03",NA,NA,NA,NA,NA,NA,NA,NA,"0.01",NA,NA,NA,NA,NA,NA,NA,2017,"RSV"
"189",33,"0",NA,"0.03",NA,NA,NA,NA,NA,NA,NA,NA,NA,NA,NA,NA,NA,NA,NA,NA,2017,"RSV"
"190",34,"0",NA,NA,NA,NA,"0.02",NA,NA,NA,NA,NA,NA,NA,NA,NA,NA,NA,NA,NA,2017,"RSV"
"191",35,NA,NA,NA,NA,NA,NA,NA,NA,NA,NA,NA,NA,NA,NA,NA,NA,NA,NA,NA,2017,"RSV"
"192",36,NA,NA,NA,NA,NA,NA,NA,NA,NA,NA,NA,NA,NA,NA,NA,NA,NA,NA,NA,2017,"RSV"
"193",37,"0",NA,NA,"0.03",NA,NA,NA,NA,NA,NA,NA,NA,NA,NA,NA,NA,NA,NA,NA,2017,"RSV"
"194",38,"0","0.05",NA,NA,NA,NA,NA,NA,NA,NA,NA,NA,NA,NA,NA,NA,NA,NA,NA,2017,"RSV"
"195",39,"0","0.05","0.03",NA,NA,NA,NA,NA,NA,NA,NA,NA,NA,NA,NA,NA,NA,NA,NA,2017,"RSV"
"196",40,"0","0.03",NA,NA,NA,NA,NA,NA,NA,NA,NA,NA,NA,NA,NA,NA,NA,NA,NA,2017,"RSV"
"197",41,"0",NA,NA,NA,NA,NA,NA,NA,NA,"0.02",NA,NA,NA,NA,NA,NA,NA,NA,NA,2017,"RSV"
"198",42,"0","0.03",NA,NA,"0.02",NA,NA,NA,NA,NA,NA,NA,NA,NA,NA,NA,NA,NA,NA,2017,"RSV"
"199",43,"0","0.05","0.05","0.03",NA,NA,NA,NA,NA,NA,NA,NA,NA,NA,NA,NA,NA,NA,NA,2017,"RSV"
"200",44,"0","0.03","0.03",NA,NA,"0.02",NA,NA,NA,NA,NA,NA,NA,NA,NA,NA,NA,NA,NA,2017,"RSV"
"201",45,"0","0.1",NA,"0.03",NA,NA,NA,NA,"0.02",NA,NA,NA,NA,NA,NA,NA,NA,NA,NA,2017,"RSV"
"202",46,"0","0.05",NA,NA,NA,NA,NA,NA,NA,NA,NA,NA,NA,NA,NA,NA,NA,NA,NA,2017,"RSV"
"203",47,"0","0.1",NA,NA,NA,NA,NA,NA,NA,NA,NA,NA,"0.02",NA,NA,NA,NA,NA,NA,2017,"RSV"
"204",48,"0.01","0.29",NA,NA,"0.02",NA,NA,NA,NA,NA,NA,NA,NA,NA,NA,NA,NA,NA,NA,2017,"RSV"
"205",49,"0","0.08",NA,NA,NA,NA,NA,NA,NA,NA,NA,NA,NA,NA,NA,NA,NA,NA,NA,2017,"RSV"
"206",50,"0.02","0.23","0.05",NA,"0.02",NA,NA,NA,NA,NA,NA,NA,NA,"0.02",NA,NA,NA,0.06,NA,2017,"RSV"
"207",51,"0.02","0.42",NA,"0.03",NA,NA,NA,NA,NA,NA,NA,NA,NA,NA,NA,NA,NA,NA,NA,2017,"RSV"
"208",52,"0.03","0.65","0.03",NA,NA,NA,NA,NA,NA,NA,NA,"0.03",NA,NA,0.02,NA,NA,NA,NA,2017,"RSV"
"209",1,"2.02","4.84","3.36","1.46","1.35","0.8","1.02","1.11","2","1.96","2.36","2.02","2.01","1.64",1.62,2.14,2.52,2.91,NA,2018,"Flu"
"210",2,"3.77","7.19","6.25","4.56","3.35","2.04","1.67","2.34","3.47","4.53","4.24","4.04","3.68","3.16",3.28,3.75,4.06,3.93,NA,2018,"Flu"
"211",3,"6.5","19.63","18.26","10.34","6.97","3.23","2.84","3.65","6.17","6.24","6.79","5.61","5.39","4.45",3.43,4.33,4.69,5.41,NA,2018,"Flu"
"212",4,"13.3","29.67","43.59","27.81","16.63","6.05","5.25","7.12","12.78","15.18","13.49","12.05","10.96","9.58",6.9,7.19,7.57,8.86,NA,2018,"Flu"
"213",5,"21.81","42.7","67.64","50.84","30.16","9.46","8.42","11.86","21.63","24.51","22.84","19.81","18.1","16.16",10.78,11.17,12.34,14.04,NA,2018,"Flu"
"214",6,"24.79","50.65","59.37","41.23","28.04","10.8","9.94","14.28","26.26","30.96","30.04","24.78","23.69","21.62",13.46,16.03,17.81,18.43,NA,2018,"Flu"
"215",7,"31.98","59.95","56.72","36.21","30.21","17.53","15.76","21.21","34.37","38.52","40.09","34.82","33.89","30.38",21.09,23.25,25.51,30.76,NA,2018,"Flu"
"216",8,"49.43","85.06","80.88","48.5","47.07","29.37","24.64","33.57","51.6","58.02","60.35","56.41","53.78","47.62",34.65,37.8,44.59,51.51,NA,2018,"Flu"
"217",9,"59.42","107.7","96.31","58.46","51.19","30.8","29.47","40.38","58.57","63.89","67.25","65.05","64.92","58.46",43.03,50.52,57.52,71.07,NA,2018,"Flu"
"218",10,"71.21","128.52","112.57","68.56","59.4","34.25","37.27","49.47","71.08","76.6","79.44","77.14","77.91","71.48",54.58,60.11,72.4,86.16,NA,2018,"Flu"
"219",11,"61.33","122.96","91.04","56.65","46.69","29.54","32.37","43.23","61.01","63.17","65.96","66.02","66.51","61.6",49.49,55.11,63.48,74.44,NA,2018,"Flu"
"220",12,"34.67","83.33","57.16","27","22.42","16.57","18.72","27.06","35.8","35.9","35.15","33.75","36.91","33.49",27.4,30.97,35.55,40.42,NA,2018,"Flu"
"221",13,"18.06","50.19","27.68","9.99","10.86","8.26","10.48","13.96","19.33","17.92","17.62","17.09","18.2","17.53",15.25,16.92,19.84,21.29,NA,2018,"Flu"
"222",14,"8.97","23.09","11.71","3.94","3.8","3.25","5","6.57","9.46","8.98","9.03","8.42","9.54","8.89",8.25,9.22,11.31,13.31,NA,2018,"Flu"
"223",15,"5.39","13.76","6.5","3.19","2.8","2.56","3.04","4.85","6.3","6.24","5.4","4.92","5.53","5",5.11,4.61,5.86,6.75,NA,2018,"Flu"
"224",16,"2.52","8.28","4.39","1.43","1.52","1.37","1.54","1.92","3.07","2.45","1.98","2.35","2.26","1.85",1.93,3.08,2.37,2.58,NA,2018,"Flu"
"225",17,"0.63","2.7","1.2","0.27","0.42","0.15","0.15","0.35","0.84","0.64","0.39","0.49","0.5","0.45",0.75,0.72,0.71,0.54,NA,2018,"Flu"
"226",18,"0.27","0.97","0.49","0.03","0.2","0.15","0.19","0.3","0.29","0.21","0.21","0.2","0.23","0.2",0.27,0.19,0.51,0.2,NA,2018,"Flu"
"227",19,"0.1","0.64","0.11",NA,"0.15","0.09","0.08","0.09","0.08","0.08","0.09","0.01","0.06","0.13",0.04,0.08,0.02,0.15,NA,2018,"Flu"
"228",20,"0.06","0.2",NA,"0.05",NA,"0.02","0.06","0.07","0.02","0.02","0.07","0.07","0.05","0.09",0.08,0.11,0.12,0.04,NA,2018,"Flu"
"229",21,"0.04","0.13","0.05","0.03","0.05","0.04","0.04","0.02","0.02","0.04","0.02","0.01","0.06","0.05",0.04,0.03,NA,0.02,NA,2018,"Flu"
"230",22,"0.05","0.33","0.25","0.03",NA,"0.04","0.06",NA,"0.02",NA,"0.02","0.01","0.03","0.04",NA,0.08,0.07,NA,NA,2018,"Flu"
"231",23,"0.02","0.18",NA,"0.03","0.05",NA,NA,"0.04",NA,NA,"0.05",NA,"0.02","0.02",0.02,NA,0.02,NA,NA,2018,"Flu"
"232",24,"0.03","0.08","0.08",NA,NA,NA,NA,"0.04","0.06","0.08","0.02","0.01","0.02","0.04",0.04,NA,NA,NA,NA,2018,"Flu"
"233",25,"0.02",NA,"0.05","0.03",NA,NA,"0.06","0.04","0.02",NA,NA,NA,"0.03","0.04",0.06,NA,NA,0.04,NA,2018,"Flu"
"234",26,"0","0.05","0.03",NA,NA,NA,NA,NA,NA,NA,"0.02",NA,"0.02",NA,NA,NA,0.05,NA,NA,2018,"Flu"
"235",27,"0.03","0.13",NA,NA,"0.05",NA,NA,"0.06","0.02",NA,"0.04","0.01","0.03","0.02",0.02,0.03,0.02,NA,NA,2018,"Flu"
"236",28,"0","0.03",NA,"0.03",NA,NA,"0.02","0.04",NA,NA,NA,"0.01",NA,"0.02",0.02,NA,NA,NA,NA,2018,"Flu"
"237",29,"0.02","0.08",NA,NA,NA,NA,"0.06",NA,NA,NA,NA,"0.03",NA,NA,0.02,0.06,NA,NA,NA,2018,"Flu"
"238",30,"0.01","0.1","0.03",NA,NA,NA,"0.02","0.02",NA,NA,"0.02","0.01","0.05",NA,NA,NA,NA,NA,NA,2018,"Flu"
"239",31,"0.01","0.05",NA,NA,NA,NA,NA,NA,NA,"0.04","0.02","0.01","0.02","0.02",0.02,NA,NA,NA,NA,2018,"Flu"
"240",32,"0.01","0.03",NA,"0.03","0.02",NA,"0.02",NA,NA,NA,"0.02",NA,NA,NA,0.02,0.06,NA,0.02,NA,2018,"Flu"
"241",33,"0",NA,NA,"0.03",NA,NA,NA,"0.04",NA,"0.02",NA,"0.01","0.02",NA,NA,NA,NA,0.02,NA,2018,"Flu"
"242",34,"0",NA,"0.05",NA,"0.02",NA,NA,"0.02",NA,"0.02",NA,NA,NA,NA,NA,NA,NA,0.02,NA,2018,"Flu"
"243",35,"0",NA,NA,NA,NA,"0.04",NA,"0.04",NA,NA,"0.02",NA,NA,NA,0.02,0.03,NA,NA,NA,2018,"Flu"
"244",36,"0.02","0.05",NA,NA,NA,NA,"0.04","0.02","0.04","0.04","0.02","0.04","0.02",NA,NA,NA,NA,NA,NA,2018,"Flu"
"245",37,"0.01","0.05",NA,NA,NA,"0.04",NA,NA,"0.04",NA,"0.02",NA,NA,"0.02",NA,0.03,NA,NA,NA,2018,"Flu"
"246",38,"0","0.03",NA,NA,NA,NA,"0.02","0.02",NA,"0.02",NA,"0.01","0.03","0.02",NA,NA,NA,NA,NA,2018,"Flu"
"247",39,"0.02","0.08",NA,"0.03","0.02",NA,NA,NA,"0.06",NA,"0.04","0.04","0.05",NA,NA,NA,0.02,NA,NA,2018,"Flu"
"248",40,"0.02",NA,NA,"0.03",NA,NA,"0.02","0.02","0.04","0.02","0.02","0.01","0.02","0.05",NA,NA,0.02,0.02,NA,2018,"Flu"
"249",41,"0.04","0.13","0.03",NA,"0.02","0.04","0.04","0.06","0.02","0.06","0.04","0.07","0.03","0.04",0.04,NA,0.07,NA,NA,2018,"Flu"
"250",42,"0.03","0.23","0.03",NA,NA,NA,"0.02","0.06","0.02","0.04","0.02","0.04","0.02","0.04",0.02,0.03,0.02,0.02,NA,2018,"Flu"
"251",43,"0.06","0.13","0.05","0.05","0.05","0.04","0.06","0.09","0.08","0.02","0.05","0.09","0.06","0.07",NA,0.11,0.02,0.06,NA,2018,"Flu"
"252",44,"0.04","0.18","0.03","0.08",NA,"0.04","0.06",NA,"0.04","0.02","0.02","0.03","0.05","0.04",0.1,0.06,NA,0.06,NA,2018,"Flu"
"253",45,"0.09","0.48","0.16","0.08","0.12","0.07","0.06","0.02","0.06","0.06","0.09","0.12","0.06","0.05",0.06,0.06,0.07,0.02,NA,2018,"Flu"
"254",46,"0.11","0.46","0.19","0.05","0.12","0.07","0.21","0.11","0.06","0.04","0.13","0.07","0.11","0.05",0.04,0.08,0.02,0.11,NA,2018,"Flu"
"255",47,"0.13","0.48","0.3","0.14","0.22","0.04","0.1","0.06","0.11","0.14","0.09","0.13","0.06","0.05",0.12,0.11,0.07,0.06,NA,2018,"Flu"
"256",48,"0.22","0.97","0.41","0.03","0.2","0.15","0.17","0.15","0.15","0.21","0.16","0.2","0.15","0.22",0.17,0.11,0.07,0.33,NA,2018,"Flu"
"257",49,"0.34","1.2","0.82","0.24","0.32","0.15","0.17","0.31","0.29","0.33","0.29","0.26","0.23","0.31",0.17,0.33,0.27,0.44,NA,2018,"Flu"
"258",50,"0.41","1.73","1.17","0.16","0.17","0.26","0.35","0.42","0.25","0.41","0.32","0.28","0.35","0.33",0.29,0.39,0.32,0.24,NA,2018,"Flu"
"259",51,"0.56","2.22","1.26","0.59","0.37","0.3","0.46","0.46","0.51","0.58","0.38","0.36","0.38","0.44",0.39,0.42,0.42,0.54,NA,2018,"Flu"
"260",52,"0.36","1.25","0.63","0.24","0.2","0.17","0.35","0.41","0.21","0.31","0.2","0.12","0.41","0.29",0.23,0.42,0.49,0.5,NA,2018,"Flu"
"261",1,"0.03","0.54",NA,NA,"0.02",NA,NA,NA,NA,NA,NA,NA,"0.02",NA,NA,NA,NA,NA,NA,2018,"RSV"
"262",2,"0.05","0.76","0.08","0.08",NA,NA,"0.04",NA,"0.02",NA,"0.02","0.01","0.02","0.02",NA,NA,NA,0.02,NA,2018,"RSV"
"263",3,"0.12","2.09","0.16","0.05",NA,"0.02",NA,"0.04",NA,NA,"0.02","0.01","0.05","0.02",NA,0.03,NA,NA,NA,2018,"RSV"
"264",4,"0.21","3.26","0.25","0.05","0.07","0.02","0.08","0.07","0.04","0.04","0.02",NA,"0.06","0.04",0.04,0.11,0.02,0.07,NA,2018,"RSV"
"265",5,"0.31","5.23","0.41","0.14","0.17","0.02",NA,"0.06","0.02","0.06","0.05","0.03","0.03","0.04",0.06,0.06,0.07,0.04,NA,2018,"RSV"
"266",6,"0.34","5.58","0.46","0.24","0.15",NA,"0.04","0.11","0.08","0.04","0.07","0.04","0.08","0.07",0.02,NA,0.02,0.04,NA,2018,"RSV"
"267",7,"0.36","5.71","0.38","0.05","0.02","0.07","0.08","0.15","0.04","0.1","0.09","0.06","0.14","0.05",0.08,0.03,0.02,0.11,NA,2018,"RSV"
"268",8,"0.27","4.23","0.22","0.14","0.05","0.07","0.04","0.02","0.1","0.04","0.05","0.1","0.09","0.05",0.08,0.03,0.05,0.07,NA,2018,"RSV"
"269",9,"0.53","8.16","0.41","0.16","0.17","0.11","0.1","0.13","0.1","0.1","0.13","0.13","0.12","0.13",0.12,0.08,0.24,0.24,NA,2018,"RSV"
"270",10,"0.5","6.68","0.41","0.27","0.25","0.09","0.12","0.24","0.15","0.12","0.2","0.12","0.2","0.09",0.23,0.14,0.22,0.37,NA,2018,"RSV"
"271",11,"0.42","5.84","0.46","0.24","0.2","0.09","0.15","0.15","0.06","0.08","0.14","0.13","0.12","0.22",0.04,0.19,0.2,0.17,NA,2018,"RSV"
"272",12,"0.4","4.95","0.44","0.38","0.32","0.04","0.13","0.13","0.11","0.08","0.09","0.12","0.15","0.18",0.15,0.06,0.24,0.26,NA,2018,"RSV"
"273",13,"0.23","2.78","0.22","0.24","0.07","0.02","0.1","0.02","0.02","0.06","0.09","0.1","0.08","0.09",0.15,0.14,0.22,0.2,NA,2018,"RSV"
"274",14,"0.14","1.91","0.14","0.11","0.05","0.02",NA,"0.02",NA,"0.04","0.05","0.01","0.06","0.07",0.04,0.03,0.07,0.13,NA,2018,"RSV"
"275",15,"0.15","1.61","0.08","0.03",NA,"0.04","0.08","0.07","0.06","0.02","0.02","0.06","0.14","0.09",0.17,0.08,0.15,0.11,NA,2018,"RSV"
"276",16,"0.08","0.87","0.05","0.05","0.02",NA,"0.02","0.02",NA,NA,"0.05","0.01","0.08","0.04",0.08,0.03,0.05,0.09,NA,2018,"RSV"
"277",17,"0.06","0.82","0.03",NA,NA,NA,NA,"0.06",NA,"0.02","0.02",NA,"0.05","0.05",0.02,0.03,0.05,0.06,NA,2018,"RSV"
"278",18,"0.03","0.48","0.03",NA,NA,NA,NA,NA,NA,NA,NA,NA,NA,"0.02",0.02,0.03,NA,NA,NA,2018,"RSV"
"279",19,"0.01","0.2","0.08",NA,NA,NA,NA,NA,NA,NA,NA,NA,"0.02",NA,NA,NA,NA,NA,NA,2018,"RSV"
"280",20,"0.01","0.23",NA,NA,NA,NA,NA,NA,NA,NA,NA,"0.01",NA,NA,0.02,NA,NA,NA,NA,2018,"RSV"
"281",21,"0","0.05",NA,NA,NA,NA,NA,NA,NA,NA,NA,NA,NA,NA,NA,NA,NA,NA,NA,2018,"RSV"
"282",22,"0","0.03","0.03","0.03","0.02",NA,NA,NA,NA,NA,NA,NA,NA,NA,NA,NA,NA,NA,NA,2018,"RSV"
"283",23,"0","0.03",NA,"0.03",NA,NA,NA,NA,NA,NA,NA,NA,NA,NA,NA,NA,NA,NA,NA,2018,"RSV"
"284",24,"0","0.08",NA,NA,NA,NA,NA,NA,NA,NA,NA,NA,NA,NA,NA,NA,NA,NA,NA,2018,"RSV"
"285",25,NA,NA,NA,NA,NA,NA,NA,NA,NA,NA,NA,NA,NA,NA,NA,NA,NA,NA,NA,2018,"RSV"
"286",26,"0","0.03",NA,NA,NA,NA,NA,NA,NA,NA,NA,NA,NA,NA,NA,NA,NA,NA,NA,2018,"RSV"
"287",27,NA,NA,NA,NA,NA,NA,NA,NA,NA,NA,NA,NA,NA,NA,NA,NA,NA,NA,NA,2018,"RSV"
"288",28,"0","0.03",NA,NA,NA,NA,NA,NA,NA,NA,NA,NA,NA,NA,NA,NA,NA,NA,NA,2018,"RSV"
"289",29,"0","0.03",NA,NA,NA,NA,NA,NA,NA,NA,NA,NA,NA,NA,NA,NA,NA,NA,NA,2018,"RSV"
"290",30,"0",NA,NA,"0.03",NA,NA,NA,NA,NA,NA,NA,NA,NA,NA,NA,NA,0.02,NA,NA,2018,"RSV"
"291",31,"0","0.03",NA,NA,NA,NA,NA,NA,NA,NA,NA,NA,NA,NA,NA,NA,NA,NA,NA,2018,"RSV"
"292",32,"0",NA,NA,NA,NA,NA,NA,NA,NA,"0.02",NA,NA,NA,NA,NA,NA,NA,NA,NA,2018,"RSV"
"293",33,NA,NA,NA,NA,NA,NA,NA,NA,NA,NA,NA,NA,NA,NA,NA,NA,NA,NA,NA,2018,"RSV"
"294",34,"0",NA,NA,NA,NA,NA,NA,NA,NA,NA,NA,NA,NA,NA,NA,NA,NA,0.02,NA,2018,"RSV"
"295",35,NA,NA,NA,NA,NA,NA,NA,NA,NA,NA,NA,NA,NA,NA,NA,NA,NA,NA,NA,2018,"RSV"
"296",36,"0","0.03",NA,NA,NA,NA,NA,NA,NA,NA,NA,NA,NA,NA,NA,NA,NA,NA,NA,2018,"RSV"
"297",37,"0",NA,"0.03",NA,NA,NA,NA,NA,NA,NA,NA,NA,NA,NA,NA,NA,NA,NA,NA,2018,"RSV"
"298",38,"0","0.03",NA,NA,NA,NA,NA,NA,NA,NA,NA,NA,NA,NA,NA,NA,NA,NA,NA,2018,"RSV"
"299",39,NA,NA,NA,NA,NA,NA,NA,NA,NA,NA,NA,NA,NA,NA,NA,NA,NA,NA,NA,2018,"RSV"
"300",40,NA,NA,NA,NA,NA,NA,NA,NA,NA,NA,NA,NA,NA,NA,NA,NA,NA,NA,NA,2018,"RSV"
"301",41,"0","0.03",NA,NA,NA,NA,NA,NA,NA,NA,NA,NA,NA,NA,NA,NA,NA,NA,NA,2018,"RSV"
"302",42,"0",NA,NA,NA,NA,NA,NA,NA,NA,"0.02",NA,NA,NA,NA,NA,NA,NA,NA,NA,2018,"RSV"
"303",43,"0","0.05",NA,NA,NA,NA,NA,NA,NA,NA,NA,NA,NA,NA,NA,NA,NA,NA,NA,2018,"RSV"
"304",44,"0","0.03",NA,NA,NA,NA,NA,NA,NA,NA,NA,NA,NA,NA,NA,NA,NA,NA,NA,2018,"RSV"
"305",45,"0","0.05","0.03","0.03",NA,NA,NA,NA,NA,NA,NA,NA,NA,NA,NA,NA,NA,NA,NA,2018,"RSV"
"306",46,"0","0.18","0.03",NA,NA,NA,NA,NA,NA,NA,NA,NA,NA,NA,NA,NA,NA,NA,NA,2018,"RSV"
"307",47,"0","0.1",NA,NA,NA,NA,NA,NA,NA,NA,NA,NA,NA,NA,NA,NA,NA,NA,NA,2018,"RSV"
"308",48,"0.02","0.38","0.03",NA,"0.02",NA,NA,NA,NA,NA,NA,NA,NA,NA,0.02,NA,0.02,NA,NA,2018,"RSV"
"309",49,"0.03","0.54",NA,"0.03",NA,NA,NA,NA,NA,NA,"0.02",NA,NA,"0.02",0.02,0.03,NA,NA,NA,2018,"RSV"
"310",50,"0.06","1.15","0.05","0.03",NA,"0.02",NA,NA,"0.02",NA,NA,NA,NA,NA,NA,NA,NA,0.02,NA,2018,"RSV"
"311",51,"0.09","1.5","0.14","0.05",NA,NA,"0.04",NA,NA,"0.02",NA,"0.04",NA,NA,NA,NA,NA,NA,NA,2018,"RSV"
"312",52,"0.07","1.33",NA,NA,NA,NA,NA,NA,NA,"0.02",NA,NA,NA,"0.02",NA,NA,0.02,NA,NA,2018,"RSV"
"313",1,"0.72","2.65","0.67","0.27","0.23","0.63","0.63","0.66","0.59","0.53","0.57","0.54","0.56","0.69",0.64,0.76,0.85,1.02,NA,2019,"Flu"
"314",2,"1.79","4.7","2.39","1.08","1.45","1.48","1.46","2","1.74","1.49","1.93","1.98","1.42","1.38",1.32,1.25,1.68,1.9,NA,2019,"Flu"
"315",3,"3.18","12.02","5.96","2.54","1.98","1.87","2.68","3.46","3.1","3.06","3.2","2.53","2.67","2.3",1.4,1.96,2.48,2.73,NA,2019,"Flu"
"316",4,"5.91","22.47","14.33","4.89","3.81","3.58","4.79","4.71","6.26","5.56","5.1","5.29","4.81","4.11",2.86,3.54,3.84,4.86,NA,2019,"Flu"
"317",5,"12.7","39.13","27.37","10.75","9.95","8.05","10.42","11.9","13.67","13.1","12.95","12.43","10.63","9.88",5.78,8.17,8.54,9.61,NA,2019,"Flu"
"318",6,"20.33","59.7","38.32","17.58","18.73","12.93","16.91","18.43","21.55","20.33","20.54","18.7","17.89","15.3",11.94,13.45,14.86,17.37,NA,2019,"Flu"
"319",7,"29.95","84.11","53.34","24.82","24.14","18.25","23.1","28.31","30.63","30.07","31.02","29.86","27.43","23.34",18.85,19.79,22.91,29.18,NA,2019,"Flu"
"320",8,"32.46","96.91","54.41","24.33","24.98","21.33","23.94","29.37","32.25","31.82","31.67","29.61","28.9","27.85",21.44,24.03,26.52,34.24,NA,2019,"Flu"
"321",9,"30.18","86.03","51.41","24.6","22.87","18.81","22.92","27.11","28.74","28.74","28.37","27.27","27.95","24.74",20.85,21.72,27.58,33.83,NA,2019,"Flu"
"322",10,"26.63","72.02","42.45","20.71","21.78","17.32","19.67","25.37","25.22","23.63","24.05","23.47","24.21","21.87",19.84,22.51,25.69,32.63,NA,2019,"Flu"
"323",11,"21.78","56.77","36.97","17.18","19.09","14.26","16.51","19.98","22.08","19.92","19.49","19","20.19","18.01",15.19,16.82,19.22,25.73,NA,2019,"Flu"
"324",12,"16.48","47.18","29.22","14.26","18.94","9.59","10.48","13.12","14.26","13.99","13.56","13.87","14.55","13.99",11.59,13.66,15.32,21.1,NA,2019,"Flu"
"325",13,"10.77","30.34","18.65","9.83","10.03","6.66","6.27","9.06","9.93","8.94","9.44","8.9","8.74","8.89",8.23,9.42,11.66,13.55,NA,2019,"Flu"
"326",14,"6.26","18.18","10.73","6.62","4.7","3.34","4.24","5.22","5.54","5.26","5.01","4.8","5.09","5.42",4.2,5.88,6.55,9.12,NA,2019,"Flu"
"327",15,"3.73","9.14","5.37","3.89","2.87","1.97","2.62","3","3.35","3.56","2.77","2.95","3.22","3.17",3.21,3.08,4.33,6.34,NA,2019,"Flu"
"328",16,"1.72","4.44","2.25","1.65","1.55","1.24","1.02","1.53","1.47","1.2","1.1","1.16","1.35","1.52",1.56,1.93,2.37,2.9,NA,2019,"Flu"
"329",17,"1.18","2.6","1.31","0.54","0.94","0.69","0.55","0.91","0.78","0.65","0.8","0.77","0.95","1.03",0.99,1.61,2.79,2.59,NA,2019,"Flu"
"330",18,"0.53","1.19","0.51","0.35","0.2","0.26","0.35","0.53","0.55","0.24","0.28","0.49","0.42","0.5",0.62,0.71,0.83,1.04,NA,2019,"Flu"
"331",19,"0.37","0.86","0.59","0.46","0.58","0.28","0.35","0.16","0.34","0.16","0.25","0.27","0.27","0.23",0.33,0.3,0.54,0.51,NA,2019,"Flu"
"332",20,"0.23","0.56","0.24","0.16","0.2","0.26","0.08","0.25","0.3","0.24","0.06","0.09","0.13","0.28",0.23,0.22,0.41,0.4,NA,2019,"Flu"
"333",21,"0.17","0.45","0.19","0.14","0.13","0.07","0.14","0.13","0.09","0.12","0.11","0.15","0.21","0.14",0.1,0.11,0.39,0.25,NA,2019,"Flu"
"334",22,"0.1","0.25","0.11","0.05","0.1","0.04","0.08","0.07","0.13","0.06","0.02","0.07","0.1","0.02",0.04,0.14,0.13,0.3,NA,2019,"Flu"
"335",23,"0.07","0.28","0.08","0.16","0.05","0.02","0.02","0.07","0.02","0.02","0.04","0.03","0.09","0.07",0.06,0.14,0.03,0.11,NA,2019,"Flu"
"336",24,"0.04","0.13","0.03",NA,NA,"0.07","0.02","0.05","0.02","0.02",NA,"0.01","0.04","0.09",0.02,0.14,NA,NA,NA,2019,"Flu"
"337",25,"0.02","0.03",NA,"0.03",NA,"0.04","0.02",NA,NA,NA,"0.02","0.04","0.03","0.02",NA,NA,0.03,NA,NA,2019,"Flu"
"338",26,"0.03","0.1","0.05","0.03","0.03","0.07","0.04",NA,"0.04","0.02","0.04",NA,"0.01","0.02",0.02,NA,0.03,NA,NA,2019,"Flu"
"339",27,"0.03","0.05","0.03",NA,"0.03",NA,NA,"0.04",NA,NA,"0.02","0.07","0.01","0.07",0.02,0.08,NA,0.02,NA,2019,"Flu"
"340",28,"0.02",NA,NA,NA,NA,NA,"0.06","0.04","0.02",NA,"0.02","0.01","0.01","0.05",NA,0.03,NA,0.02,NA,2019,"Flu"
"341",29,"0.02","0.03",NA,NA,"0.03","0.02",NA,NA,"0.02",NA,"0.08",NA,"0.06","0.04",0.04,NA,0.03,0.04,NA,2019,"Flu"
"342",30,"0.02",NA,NA,NA,"0.03","0.04","0.04",NA,NA,"0.04","0.02","0.01",NA,NA,0.02,0.03,0.05,NA,NA,2019,"Flu"
"343",31,"0.03","0.05",NA,"0.05",NA,"0.09",NA,"0.02",NA,NA,"0.04","0.03",NA,"0.05",0.04,0.03,0.03,0.05,NA,2019,"Flu"
"344",32,"0.02","0.05","0.03",NA,"0.03","0.02","0.02","0.02","0.02",NA,NA,NA,"0.01","0.02",0.02,0.03,NA,0.02,NA,2019,"Flu"
"345",33,"0.02",NA,"0.03",NA,NA,"0.02","0.04","0.07","0.02","0.02",NA,"0.01","0.04","0.02",NA,NA,0.08,0.02,NA,2019,"Flu"
"346",34,"0.02","0.05",NA,"0.05","0.03",NA,"0.06","0.02",NA,"0.02","0.02",NA,"0.01","0.04",NA,0.03,NA,NA,NA,2019,"Flu"
"347",35,"0.02","0.08","0.03",NA,NA,"0.02","0.02","0.02","0.02","0.04",NA,"0.01","0.04","0.02",0.06,NA,0.05,NA,NA,2019,"Flu"
"348",36,"0.03","0.08","0.03",NA,"0.05","0.11","0.02","0.04","0.02","0.04",NA,"0.07",NA,"0.02",0.02,NA,NA,NA,NA,2019,"Flu"
"349",37,"0.04","0.08","0.08","0.08","0.03","0.04","0.02","0.02","0.02","0.06","0.06","0.04","0.06","0.05",0.02,0.03,NA,0.04,NA,2019,"Flu"
"350",38,"0.03","0.08","0.03",NA,"0.03","0.04","0.04",NA,"0.08",NA,NA,"0.03","0.07","0.02",0.06,NA,0.08,0.04,NA,2019,"Flu"
"351",39,"0.05","0.05","0.05",NA,NA,"0.02","0.02","0.09","0.04","0.14","0.02","0.07","0.06","0.02",0.06,0.08,NA,0.05,NA,2019,"Flu"
"352",40,"0.04","0.08","0.05",NA,"0.03","0.04","0.1","0.05","0.04","0.08","0.02","0.06","0.01","0.04",0.06,0.03,NA,0.02,NA,2019,"Flu"
"353",41,"0.07","0.1","0.05","0.03","0.03","0.13","0.12","0.09","0.09",NA,"0.09","0.13","0.04","0.04",0.06,0.03,0.08,0.11,NA,2019,"Flu"
"354",42,"0.14","0.45","0.21","0.03","0.05","0.15","0.08","0.09","0.08","0.04","0.15","0.09","0.15","0.14",0.14,0.3,0.18,0.16,NA,2019,"Flu"
"355",43,"0.1","0.25","0.19","0.08","0.03","0.13","0.1","0.15","0.04","0.12","0.08","0.1","0.12","0.05",NA,0.11,0.05,0.12,NA,2019,"Flu"
"356",44,"0.09","0.2","0.21","0.03","0.08","0.02","0.18","0.09","0.06","0.04","0.08","0.04","0.1","0.11",0.06,0.05,0.05,0.07,NA,2019,"Flu"
"357",45,"0.12","0.25","0.27","0.22","0.18","0.15","0.06","0.15","0.09","0.08","0.11","0.06","0.06","0.05",0.08,0.08,0.15,0.18,NA,2019,"Flu"
"358",46,"0.14","0.3","0.46","0.14","0.08","0.07","0.16","0.13","0.17","0.08","0.17","0.06","0.09","0.11",0.08,0.14,0.23,0.05,NA,2019,"Flu"
"359",47,"0.2","0.76","0.24","0.14","0.13","0.2","0.24","0.24","0.21","0.16","0.17","0.16","0.21","0.18",0.1,0.08,0.05,0.19,NA,2019,"Flu"
"360",48,"0.38","1.82","0.99","0.24","0.13","0.11","0.43","0.44","0.28","0.39","0.28","0.18","0.27","0.28",0.37,0.3,0.23,0.16,NA,2019,"Flu"
"361",49,"0.5","1.92","1.45","0.57","0.28","0.3","0.59","0.6","0.55","0.49","0.36","0.25","0.37","0.21",0.23,0.27,0.34,0.32,NA,2019,"Flu"
"362",50,"0.95","3.41","2.5","1.81","0.76","0.78","0.61","1.02","0.89","0.57","0.8","0.77","0.56","0.57",0.37,0.63,0.46,0.81,NA,2019,"Flu"
"363",51,"1.76","5.76","5.15","3.21","2.41","0.87","1.24","1.95","1.49","1.41","1.23","1.4","1.11","0.8",0.82,1.25,1.34,1.02,NA,2019,"Flu"
"364",52,"1","3.38","2.87","1.35","0.86","0.35","1.08","1.18","0.7","0.61","0.78","0.75","0.47","0.58",0.39,0.73,0.95,1.16,NA,2019,"Flu"
"365",1,"0.11","1.99","0.03",NA,NA,"0.02",NA,NA,"0.02","0.04",NA,NA,NA,"0.04",NA,0.08,NA,0.04,NA,2019,"RSV"
"366",2,"0.12","1.89","0.05",NA,"0.08",NA,"0.06","0.02",NA,NA,"0.04","0.03","0.03","0.02",0.04,0.16,NA,0.07,NA,2019,"RSV"
"367",3,"0.27","4.7","0.24","0.05","0.1",NA,"0.02","0.05","0.02","0.04",NA,"0.04","0.01","0.04",0.02,0.03,0.05,0.05,NA,2019,"RSV"
"368",4,"0.44","7.93","0.38","0.08","0.08","0.07","0.02","0.02","0.06",NA,"0.06","0.09","0.06","0.07",0.04,NA,0.08,0.04,NA,2019,"RSV"
"369",5,"0.56","9.39","0.86","0.3","0.2","0.02",NA,"0.09","0.02","0.04","0.09","0.12","0.07","0.04",0.08,0.03,0.03,0.14,NA,2019,"RSV"
"370",6,"0.77","12.5","0.7","0.35","0.13","0.02","0.1","0.24","0.11","0.1","0.08","0.15","0.1","0.12",0.14,0.16,0.15,0.37,NA,2019,"RSV"
"371",7,"0.84","13.53","0.8","0.43","0.25","0.13","0.18","0.22","0.08","0.18","0.11","0.09","0.13","0.14",0.08,0.14,0.36,0.28,NA,2019,"RSV"
"372",8,"0.78","11.86","0.67","0.19","0.1","0.09","0.16","0.22","0.21","0.14","0.11","0.18","0.27","0.12",0.19,0.33,0.23,0.46,NA,2019,"RSV"
"373",9,"0.58","7.67","0.48","0.08","0.08","0.09","0.14","0.15","0.19","0.16","0.13","0.13","0.28","0.21",0.16,0.19,0.36,0.67,NA,2019,"RSV"
"374",10,"0.52","6.71","0.59","0.19","0.13","0.02","0.1","0.18","0.15","0.1","0.17","0.18","0.25","0.27",0.35,0.14,0.39,0.3,NA,2019,"RSV"
"375",11,"0.47","5.83","0.78","0.22","0.05","0.09","0.06","0.09","0.13","0.06","0.09","0.18","0.12","0.14",0.21,0.24,0.41,0.51,NA,2019,"RSV"
"376",12,"0.35","4.47","0.35","0.24","0.1","0.07","0.12","0.09","0.06","0.02","0.06","0.15","0.15","0.16",0.16,0.3,0.21,0.26,NA,2019,"RSV"
"377",13,"0.23","2.12","0.16","0.32","0.1","0.07","0.04",NA,"0.06","0.04","0.08","0.06","0.18","0.04",0.19,0.24,0.21,0.42,NA,2019,"RSV"
"378",14,"0.17","1.79","0.16","0.03","0.1",NA,"0.02","0.07","0.04","0.04","0.09","0.07","0.07","0.11",0.08,0.14,0.15,0.25,NA,2019,"RSV"
"379",15,"0.09","1.14","0.05","0.19","0.03","0.04",NA,"0.02","0.04",NA,"0.04",NA,"0.01",NA,0.06,0.11,0.08,0.11,NA,2019,"RSV"
"380",16,"0.04","0.45","0.05","0.03",NA,NA,NA,NA,"0.02",NA,"0.02",NA,"0.03","0.02",0.04,NA,0.05,0.07,NA,2019,"RSV"
"381",17,"0.03","0.38","0.03",NA,NA,NA,NA,"0.02",NA,NA,NA,NA,"0.01","0.02",0.04,0.03,0.03,0.05,NA,2019,"RSV"
"382",18,"0.02","0.1",NA,NA,NA,NA,NA,NA,NA,NA,NA,NA,"0.01","0.02",0.02,NA,0.03,0.09,NA,2019,"RSV"
"383",19,"0.01","0.15",NA,NA,NA,NA,NA,"0.02",NA,NA,NA,NA,NA,NA,NA,NA,0.05,0.04,NA,2019,"RSV"
"384",20,"0","0.05",NA,NA,NA,NA,NA,NA,NA,NA,NA,NA,NA,"0.02",NA,NA,NA,NA,NA,2019,"RSV"
"385",21,"0","0.05",NA,NA,NA,NA,NA,NA,NA,NA,NA,NA,NA,NA,NA,NA,NA,NA,NA,2019,"RSV"
"386",22,"0","0.08",NA,NA,NA,NA,NA,NA,NA,NA,NA,NA,NA,NA,NA,NA,NA,NA,NA,2019,"RSV"
"387",23,"0","0.05",NA,NA,NA,NA,NA,NA,NA,NA,"0.02",NA,NA,NA,NA,NA,NA,NA,NA,2019,"RSV"
"388",24,"0","0.03",NA,NA,NA,NA,NA,NA,NA,NA,NA,NA,NA,NA,NA,NA,NA,NA,NA,2019,"RSV"
"389",25,NA,NA,NA,NA,NA,NA,NA,NA,NA,NA,NA,NA,NA,NA,NA,NA,NA,NA,NA,2019,"RSV"
"390",26,NA,NA,NA,NA,NA,NA,NA,NA,NA,NA,NA,NA,NA,NA,NA,NA,NA,NA,NA,2019,"RSV"
"391",27,NA,NA,NA,NA,NA,NA,NA,NA,NA,NA,NA,NA,NA,NA,NA,NA,NA,NA,NA,2019,"RSV"
"392",28,"0","0.03",NA,NA,NA,NA,NA,NA,NA,NA,NA,NA,NA,NA,NA,NA,NA,NA,NA,2019,"RSV"
"393",29,"0","0.03",NA,NA,NA,NA,NA,NA,NA,NA,NA,NA,NA,NA,NA,NA,NA,NA,NA,2019,"RSV"
"394",30,"0",NA,NA,NA,NA,NA,NA,NA,NA,NA,NA,NA,NA,NA,NA,NA,NA,0.02,NA,2019,"RSV"
"395",31,NA,NA,NA,NA,NA,NA,NA,NA,NA,NA,NA,NA,NA,NA,NA,NA,NA,NA,NA,2019,"RSV"
"396",32,NA,NA,NA,NA,NA,NA,NA,NA,NA,NA,NA,NA,NA,NA,NA,NA,NA,NA,NA,2019,"RSV"
"397",33,NA,NA,NA,NA,NA,NA,NA,NA,NA,NA,NA,NA,NA,NA,NA,NA,NA,NA,NA,2019,"RSV"
"398",34,"0",NA,NA,NA,NA,NA,NA,NA,NA,NA,NA,"0.01",NA,"0.02",NA,NA,NA,NA,NA,2019,"RSV"
"399",35,NA,NA,NA,NA,NA,NA,NA,NA,NA,NA,NA,NA,NA,NA,NA,NA,NA,NA,NA,2019,"RSV"
"400",36,"0",NA,NA,NA,NA,NA,NA,NA,NA,NA,NA,NA,NA,NA,0.02,NA,NA,NA,NA,2019,"RSV"
"401",37,"0",NA,NA,NA,NA,NA,NA,NA,NA,NA,NA,"0.01",NA,NA,NA,NA,NA,NA,NA,2019,"RSV"
"402",38,"0",NA,NA,"0.03",NA,NA,NA,NA,NA,NA,NA,NA,NA,NA,NA,NA,NA,NA,NA,2019,"RSV"
"403",39,"0","0.03",NA,NA,NA,NA,NA,NA,NA,NA,NA,NA,NA,NA,NA,NA,NA,NA,NA,2019,"RSV"
"404",40,"0",NA,NA,NA,NA,NA,NA,NA,NA,"0.02",NA,NA,NA,NA,NA,NA,NA,NA,NA,2019,"RSV"
"405",41,"0","0.05",NA,NA,NA,NA,NA,NA,NA,NA,NA,NA,NA,NA,0.02,NA,NA,NA,NA,2019,"RSV"
"406",42,"0",NA,NA,NA,NA,NA,NA,NA,NA,NA,NA,NA,NA,NA,NA,NA,NA,0.02,NA,2019,"RSV"
"407",43,"0","0.03",NA,NA,NA,NA,NA,NA,NA,NA,NA,NA,NA,NA,NA,NA,NA,NA,NA,2019,"RSV"
"408",44,"0","0.03",NA,NA,NA,NA,NA,NA,NA,NA,NA,NA,NA,NA,NA,NA,NA,NA,NA,2019,"RSV"
"409",45,"0","0.1",NA,"0.03",NA,NA,NA,NA,NA,NA,NA,NA,NA,NA,0.02,NA,NA,NA,NA,2019,"RSV"
"410",46,"0","0.05",NA,NA,NA,NA,NA,NA,NA,NA,NA,NA,NA,NA,NA,NA,NA,NA,NA,2019,"RSV"
"411",47,"0","0.05",NA,NA,NA,NA,NA,NA,NA,NA,NA,NA,NA,NA,NA,NA,NA,NA,NA,2019,"RSV"
"412",48,"0.01","0.15",NA,NA,NA,NA,NA,NA,NA,NA,NA,NA,NA,NA,NA,0.03,0.03,0.02,NA,2019,"RSV"
"413",49,"0.01","0.28",NA,NA,NA,NA,NA,NA,NA,NA,NA,NA,NA,NA,NA,NA,NA,NA,NA,2019,"RSV"
"414",50,"0.02","0.35",NA,"0.03",NA,NA,NA,NA,"0.02",NA,NA,NA,NA,NA,NA,NA,NA,NA,NA,2019,"RSV"
"415",51,"0.03","0.56","0.03",NA,NA,NA,NA,NA,NA,"0.02",NA,NA,NA,"0.02",NA,NA,NA,NA,NA,2019,"RSV"
"416",52,"0.02","0.3",NA,NA,NA,NA,NA,"0.02",NA,NA,NA,NA,NA,NA,0.02,NA,NA,0.02,NA,2019,"RSV"
"417",1,"405.99","229.77","469.38","575.46","791.72","905.56","768.73","593.58","511.32","477.72","435.33","354.66","277.68","199.6",137.9,109.79,93.16,107.76,NA,2022,"COV"
"418",2,"583.91","478.9","1,097.90","1,165.87","1,221.12","1,039.62","930.97","794.06","735.68","701.3","634.82","482.47","347.32","244.13",151.87,115.74,95.46,115.24,NA,2022,"COV"
"419",3,"956.66","1,033.05","2,410.30","2,246.42","1,669.20","1,329.19","1,290.83","1,274.04","1,325.05","1,218.40","989.6","701.93","527.12","382.23",231.69,173.53,148.64,188.35,NA,2022,"COV"
"420",4,"1,338.59","1,295.84","3,390.26","3,447.69","2,264.21","1,657.10","1,604.59","1,753.06","1,961.07","1,865.85","1,421.76","968.87","737","553.2",328.25,249.47,216.04,269.91,NA,2022,"COV"
"421",5,"1,552.95","1,306.51","3,620.70","3,847.99","2,615.09","1,880.74","1,822.85","2,005.89","2,337.61","2,234.90","1,724.20","1,180.14","916.44","700.91",428.81,330.03,283.73,384.05,NA,2022,"COV"
"422",6,"1,573.70","1,326.91","3,358.78","3,558.77","2,603.88","1,930.78","1,860.31","2,033.04","2,327.81","2,238.78","1,757.69","1,260.56","1,013.86","792.07",496.36,392.83,342.25,486.3,NA,2022,"COV"
"423",7,"1,433.68","1,205.33","2,795.89","2,840.05","2,265.18","1,857.92","1,765.64","1,879.52","2,092.52","1,984.59","1,595.80","1,210.66","1,005.33","796.11",501.96,407.5,362.98,517.76,NA,2022,"COV"
"424",8,"1,313.07","1,145.14","2,380.57","2,319.54","1,962.44","1,733.77","1,645.52","1,737.63","1,894.70","1,770.94","1,447.23","1,150.81","983.15","788.15",507.98,418.33,384.28,545.66,NA,2022,"COV"
"425",9,"1,360.87","1,095.58","2,145.24","2,028.23","2,118.20","2,105.64","1,925.76","1,854.67","1,896.59","1,755.65","1,486.02","1,242.55","1,049.99","835.01",542.54,452.9,397.75,545.63,NA,2022,"COV"
"426",10,"1,697.89","1,192.08","2,505.88","2,662.56","2,991.89","2,688.92","2,329.03","2,179.63","2,183.89","2,105.29","1,850.79","1,610.14","1,376.38","1,097.09",723.48,620.35,547.93,679.37,NA,2022,"COV"
"427",11,"1,900.84","1,275.01","2,636.97","3,033.77","3,028.71","2,760.45","2,518.06","2,404.44","2,428.46","2,363.17","2,129.88","1,896.50","1,665.74","1,333.94",898.08,779.41,701.43,812.69,NA,2022,"COV"
"428",12,"1,908.80","1,305.80","2,703.14","3,051.05","2,859.54","2,528.79","2,397.80","2,391.67","2,470.58","2,419.50","2,181.75","1,928.67","1,718.77","1,408.73",953.5,836.56,756.65,837.02,NA,2022,"COV"
"429",13,"1,556.04","985.4","1,990.00","2,376.92","2,279.40","2,003.81","1,954.96","1,938.24","1,985.23","1,976.62","1,793.11","1,619.44","1,455.22","1,204.81",831.39,729.09,652.09,718.74,NA,2022,"COV"
"430",14,"1,183.40","753.52","1,466.18","1,679.27","1,658.62","1,540.69","1,506.68","1,512.46","1,531.96","1,490.17","1,361.61","1,251.30","1,144.36","933.44",632.36,548.99,488.66,543.04,NA,2022,"COV"
"431",15,"936.71","584.13","1,001.12","1,053.46","1,258.67","1,305.64","1,276.65","1,240.44","1,237.72","1,187.62","1,096.72","1,007.81","934.86","775.65",531.01,460.5,414.25,437.72,NA,2022,"COV"
"432",16,"880.06","417.55","714.35","882.26","1,126.19","1,310.44","1,266.55","1,171.40","1,130.38","1,121.31","1,093.64","1,028.51","934.76","756.1",515.49,441.14,394.17,398.99,NA,2022,"COV"
"433",17,"717.74","335.09","672.97","906.65","1,053.49","1,036.83","984.87","905.48","845.82","859.56","854.58","821.24","740.57","611.89",419.01,375.63,336.82,350.59,NA,2022,"COV"
"434",18,"566.68","293.96","590.64","745.86","702.67","720.39","752.67","736.49","714.76","714.36","687.38","648.18","604.72","488.85",326.88,289.03,257.25,260.39,NA,2022,"COV"
"435",19,"491.28","233.11","511.53","693.08","624.91","608.49","643.55","635.75","638.12","647.96","610.52","554.98","504.4","416.11",280.8,251,221.85,211.24,NA,2022,"COV"
"436",20,"351.67","145.17","307.04","493.07","477.22","444.07","462.85","447.33","442.33","458.29","446.43","407.06","363.07","299.51",213.05,192.58,168.33,157.83,NA,2022,"COV"
"437",21,"224.88","82.76","164.4","276.4","283.25","290.46","319.78","304.65","286.81","295.79","285.44","262.23","237.6","197.78",135.77,123.19,111.38,103.07,NA,2022,"COV"
"438",22,"294.37","91.11","159.28","265.37","378.84","429.25","477.24","424.36","363.53","364.92","378.81","368.72","327.41","260.99",175.91,156.42,136.13,117.33,NA,2022,"COV"
"439",23,"397.83","116.27","196.47","346.74","484.22","605.77","672.37","576.58","496.12","492.9","502.75","502.88","462.17","361.51",228.93,196.42,166.54,150.4,NA,2022,"COV"
"440",24,"496.55","145.55","252.43","450.31","627.88","733.13","794.53","707.04","619.23","619.76","636.46","632.1","574.15","446.68",292.48,257.57,224.49,191.36,NA,2022,"COV"
"441",25,"689.88","194.6","374.57","713.67","854.88","951.35","1,051.89","944.95","843.94","874.42","908.89","894.6","802.77","626.54",413.63,356.98,317.41,284.77,NA,2022,"COV"
"442",26,"748.21","229.59","422.59","786.52","902.7","944.6","1,069.93","1,008.30","939.25","949.87","980.72","970.71","897.41","711.74",464.68,401.43,355.22,321.62,NA,2022,"COV"
"443",27,"755.82","242.97","448.67","787.11","863.37","890.7","1,030.43","1,025.50","978.84","982.25","994.88","973.44","920.34","741.75",473.26,408.81,368.2,330.83,NA,2022,"COV"
"444",28,"811.28","264.1","473.11","805.56","882.08","951.7","1,098.34","1,090.39","1,048.73","1,051.85","1,061.28","1,026.95","988.48","806.85",523.5,460.5,423.39,403.16,NA,2022,"COV"
"445",29,"753.67","241.72","399.06","656.29","761.8","869.96","984.64","1,006.28","975.09","982.43","984.15","972.67","931.38","774.05",508.76,453.48,427.15,425.48,NA,2022,"COV"
"446",30,"595.64","184.39","259.61","401.71","526.47","709.23","817.27","809.1","777.59","765.95","771.32","772","752.64","633.11",418.97,377.5,347.06,369.43,NA,2022,"COV"
"447",31,"436.1","143.08","178.13","235.88","356.76","525.72","598.44","604.67","581.03","559.73","563.42","554.53","550.3","474.65",313.35,283.61,264.45,287.19,NA,2022,"COV"
"448",32,"358.31","116.32","167.87","224.2","308.36","431.4","480.1","486.96","471.08","460.28","453.52","447.49","445.3","380.03",264.86,242.4,221.6,236.6,NA,2022,"COV"
"449",33,"316.39","117.7","186.08","230.24","276.72","366.48","406.07","419.01","414.98","403.89","392.87","385.94","386.76","333.41",232.25,206.72,199.05,219.73,NA,2022,"COV"
"450",34,"273.85","103.84","189.65","249.9","265.27","310.87","345.33","364.81","365.67","353.84","339.14","325.42","317.23","280.63",197.99,177.65,164.06,167.03,NA,2022,"COV"
"451",35,"242.38","88.6","172.09","223.99","242.2","272.61","299.63","317.54","323.81","320.85","298.72","281.68","277.9","247.38",179.95,164.91,146.5,148.01,NA,2022,"COV"
"452",36,"245.16","85.88","176.87","228.93","247.06","256.71","284.48","312.77","329.77","330.73","313.89","290.77","283.45","254.25",180.72,169.05,153.91,151.86,NA,2022,"COV"
"453",37,"275","91.36","177.8","252.63","266.35","275.49","310.69","341.2","359.87","363.4","344.11","337.1","337.09","300.03",211.15,201.35,183.6,174.24,NA,2022,"COV"
"454",38,"344.16","94.21","207.22","296.89","299.43","317.61","372.14","415.91","446.21","444.52","434.28","430.93","446.59","398.78",284.5,268.59,240.83,233.37,NA,2022,"COV"
"455",39,"551.2","103.87","232.68","378.77","426.89","490.15","608.9","658.46","681.02","701.99","710.04","728.16","765.95","679.47",478.45,445.72,413.81,416.42,NA,2022,"COV"
"456",40,"713.61","121.9","211.18","344.23","469.01","646.94","803.19","853.34","844.77","876.2","910.88","975.6","1,063.15","932.61",640.51,600.25,552.01,583.64,NA,2022,"COV"
"457",41,"775.13","133.7","220.83","334.85","490.36","701.47","835.4","886.02","896.01","907.49","953.95","1,041.23","1,146.70","1,043.20",747.07,708.65,668.3,708.11,NA,2022,"COV"
"458",42,"653.41","122.33","213.93","318.29","418.16","569.88","662.68","733.07","761.02","764.69","790.29","859.68","954.58","871.4",621.53,607.19,584.9,645.11,NA,2022,"COV"
"459",43,"449.36","95.39","172.88","253.54","302.04","398.47","459.58","523.03","541.46","547.03","544.55","583.54","634.49","562.61",409.97,395.47,385.88,436.46,NA,2022,"COV"
"460",44,"292.67","62.41","125.1","186.83","218.95","261.89","306.01","342.35","369.21","375.85","371.39","377.39","403.66","353.83",238.09,233.8,234.04,270.71,NA,2022,"COV"
"461",45,"242.8","51.34","115.69","177.38","216.96","234.89","267.89","285.8","304.43","311.42","304.89","299.8","317.99","273.94",185.25,184.82,185.86,232.06,NA,2022,"COV"
"462",46,"203.84","45","109.98","156.17","173.82","190.69","223.19","244.49","258.85","268.11","253.29","260.51","267.19","226.71",146.34,147.05,148.64,192.73,NA,2022,"COV"
"463",47,"204.89","37.78","100.25","152.19","169.61","185.58","227.09","249.1","263.93","271.13","263.01","256.75","270.8","226.41",139.9,142.88,154.54,209.96,NA,2022,"COV"
"464",48,"221.89","36.75","78.73","134.07","185.42","212.96","243.79","265.94","280.44","298.17","290.46","286.74","302.48","250.27",154.69,150.94,165.63,236.14,NA,2022,"COV"
"465",49,"239.53","35.52","58.38","104.45","177.29","234.21","271.71","287.58","299","304.76","312.19","315.24","338.11","279.54",172.16,174.71,189.31,276.03,NA,2022,"COV"
"466",50,"267.69","36.6","48.2","86.6","181.95","267.55","313.57","324.8","330.3","330.98","342.63","358.53","386.65","316.23",195.68,197.64,220.97,321.97,NA,2022,"COV"
"467",51,"276.85","36.6","41.77","68.52","155.58","264.81","327.3","330","330.9","326.66","339.32","365.39","400.03","339.42",219.83,232.17,252.32,365.43,NA,2022,"COV"
"468",52,"181.83","30.06","25.31","34.46","77.5","167.63","212.81","215.09","215.76","215.67","220.38","239.03","269.59","230.58",148.51,154.65,168.36,249.61,NA,2022,"COV"
"469",1,"0.22","0.65","0.36","0.08","0.34","0.51","0.43","0.31","0.26","0.18","0.08","0.13","0.01","0.07",0.02,0.05,0.25,0.25,NA,2022,"Flu"
"470",2,"0.28","0.86","0.36","0.45","0.5","0.55","0.49","0.34","0.3","0.23","0.12","0.16","0.07","0.08",0.06,0.12,0.09,0.21,NA,2022,"Flu"
"471",3,"0.35","1.61","0.82","0.45","0.37","0.33","0.53","0.38","0.34","0.23","0.23","0.08","0.09","0.05",0.1,0.07,0.19,0.39,NA,2022,"Flu"
"472",4,"0.35","1.53","1.49","0.35","0.47","0.35","0.43","0.41","0.34","0.23","0.12","0.11","0.09","0.1",0.02,0.17,0.16,0.2,NA,2022,"Flu"
"473",5,"0.4","1.46","2.26","0.72","0.47","0.27","0.37","0.45","0.43","0.33","0.21","0.08","0.07","0.13",0.08,0.12,0.03,0.1,NA,2022,"Flu"
"474",6,"0.34","1.48","1.39","0.53","0.39","0.29","0.31","0.43","0.28","0.39","0.25","0.08","0.16","0.18",0.06,0.07,0.06,0.05,NA,2022,"Flu"
"475",7,"0.3","1.18","1.21","0.53","0.21","0.18","0.2","0.49","0.28","0.31","0.1","0.08","0.09","0.07",0.08,0.14,0.25,0.16,NA,2022,"Flu"
"476",8,"0.24","1.31","0.77","0.19","0.1","0.2","0.2","0.36","0.37","0.14","0.1","0.13","0.04","0.07",0.1,0.1,0.03,0.13,NA,2022,"Flu"
"477",9,"0.24","1.08","0.75","0.4","0.47","0.24","0.22","0.18","0.21","0.23","0.12","0.02","0.04","0.15",0.12,NA,0.13,0.11,NA,2022,"Flu"
"478",10,"0.38","1.13","1.13","0.35","0.89","0.62","0.39","0.45","0.28","0.27","0.16","0.21","0.18","0.13",0.06,0.22,0.22,0.33,NA,2022,"Flu"
"479",11,"0.57","1.58","1.7","0.59","1.15","1.13","0.74","0.59","0.54","0.39","0.12","0.32","0.28","0.3",0.1,0.22,0.28,0.39,NA,2022,"Flu"
"480",12,"0.77","2.14","1.98","1.18","1.44","1.42","1.02","0.77","0.64","0.47","0.39","0.47","0.35","0.22",0.24,0.29,0.47,0.56,NA,2022,"Flu"
"481",13,"0.84","2.01","2.34","1.28","2.01","1.59","1.1","0.79","0.69","0.8","0.51","0.27","0.29","0.3",0.24,0.29,0.22,0.77,NA,2022,"Flu"
"482",14,"1.05","3.32","2.78","1.76","2.53","1.57","1.02","1.13","1.01","0.76","0.76","0.53","0.39","0.35",0.24,0.38,0.31,0.65,NA,2022,"Flu"
"483",15,"1.25","3.6","4.01","1.92","3.34","2.06","1.33","1.19","1.01","0.88","0.51","0.67","0.29","0.47",0.38,0.41,0.41,0.95,NA,2022,"Flu"
"484",16,"1.27","3.72","2.93","1.5","3.34","2.3","1.51","1.21","0.97","0.86","0.64","0.64","0.6","0.62",0.42,0.65,0.5,0.93,NA,2022,"Flu"
"485",17,"1.82","5.06","3.83","2.89","5.41","3.38","1.94","1.64","1.56","1.21","1.01","0.77","0.8","0.83",0.66,0.6,1.13,1.1,NA,2022,"Flu"
"486",18,"2.08","5.66","8.08","5.29","5.41","3.45","1.96","1.94","1.74","1.21","0.99","0.61","0.76","0.55",0.4,0.31,0.53,0.82,NA,2022,"Flu"
"487",19,"2.56","6.87","12.73","8.12","6.69","2.28","1.76","1.71","1.72","1.31","1.15","0.76","0.76","0.88",0.64,0.77,0.69,1.05,NA,2022,"Flu"
"488",20,"2.24","5.28","9.49","7.67","5.88","2.56","1.41","1.73","1.86","1.17","1.07","0.69","0.86","0.75",0.62,0.67,0.69,0.87,NA,2022,"Flu"
"489",21,"1.14","3.52","5.2","2.64","1.96","1.28","1.02","1.13","0.92","0.82","0.41","0.21","0.58","0.38",0.26,0.38,0.5,0.54,NA,2022,"Flu"
"490",22,"0.93","2.29","2.78","1.76","2.87","1.68","1.1","0.92","0.92","0.57","0.53","0.39","0.32","0.27",0.18,0.41,0.25,0.29,NA,2022,"Flu"
"491",23,"0.74","2.04","1.88","1.84","1.67","1.48","0.9","0.65","0.66","0.31","0.31","0.27","0.47","0.37",0.18,0.17,0.22,0.31,NA,2022,"Flu"
"492",24,"0.69","2.06","1.59","1.12","1.72","1.37","1.06","0.79","0.43","0.49","0.35","0.19","0.13","0.35",0.2,0.29,0.35,0.39,NA,2022,"Flu"
"493",25,"0.65","1.11","2.08","1.12","2.64","1.53","0.76","0.68","0.3","0.25","0.21","0.19","0.19","0.25",0.32,0.19,0.22,0.25,NA,2022,"Flu"
"494",26,"0.42","0.86","0.72","0.83","1.31","0.97","0.63","0.54","0.24","0.35","0.33","0.18","0.1","0.13",0.08,0.17,0.09,0.2,NA,2022,"Flu"
"495",27,"0.26","0.55","0.57","0.59","1.02","0.42","0.43","0.29","0.19","0.12","0.1","0.13","0.07","0.12",0.06,0.07,0.06,0.1,NA,2022,"Flu"
"496",28,"0.27","0.48","0.41","0.43","1.41","0.8","0.35","0.16","0.22","0.14","0.12","0.08","0.07","0.1",0.06,0.05,0.09,0.13,NA,2022,"Flu"
"497",29,"0.24","0.63","0.33","0.27","0.89","0.71","0.49","0.27","0.28","0.06","0.08","0.08","0.09","0.07",0.04,0.02,0.03,0.05,NA,2022,"Flu"
"498",30,"0.21","0.4","0.13","0.16","0.91","0.6","0.41","0.31","0.17","0.08","0.12","0.08","0.1","0.12",NA,0.02,0.13,0.13,NA,2022,"Flu"
"499",31,"0.2","0.13","0.33","0.27","1.46","0.57","0.41","0.16","0.09","0.04","0.04","0.03","0.04","0.05",0.1,0.05,0.06,0.08,NA,2022,"Flu"
"500",32,"0.21","0.3","0.36","0.21","0.99","0.73","0.33","0.27","0.11","0.04","0.08","0.06","0.03","0.12",0.08,NA,0.03,0.1,NA,2022,"Flu"
"501",33,"0.25","0.4","0.26","0.27","1.59","0.8","0.41","0.23","0.11","0.12","0.12","0.02","0.13","0.07",0.08,0.07,0.16,0.03,NA,2022,"Flu"
"502",34,"0.3","0.43","0.23","0.24","1.44","1.08","0.51","0.38","0.21","0.12","0.23","0.11","0.13","0.17",0.02,0.02,0.09,0.1,NA,2022,"Flu"
"503",35,"0.3","0.43","0.39","0.27","1.31","0.91","0.43","0.36","0.28","0.12","0.23","0.1","0.16","0.12",0.1,0.07,0.16,0.15,NA,2022,"Flu"
"504",36,"0.3","0.45","0.8","0.64","0.91","0.69","0.33","0.32","0.34","0.23","0.12","0.13","0.12","0.08",0.12,0.14,0.16,0.07,NA,2022,"Flu"
"505",37,"0.3","0.33","0.62","0.61","1.02","0.44","0.43","0.34","0.24","0.31","0.29","0.14","0.19","0.08",0.1,0.07,0.06,0.11,NA,2022,"Flu"
"506",38,"0.37","0.93","1.21","0.88","0.89","0.35","0.35","0.45","0.32","0.33","0.21","0.16","0.15","0.2",0.08,0.19,0.13,0.13,NA,2022,"Flu"
"507",39,"0.76","1.38","2.01","1.28","1.36","0.86","1.57","1.22","1.07","0.6","0.62","0.34","0.29","0.22",0.16,0.19,0.19,0.28,NA,2022,"Flu"
"508",40,"1.1","2.52","2.73","2.59","1.91","1.04","1.86","1.58","1.22","0.97","0.9","0.53","0.5","0.45",0.28,0.48,0.22,0.34,NA,2022,"Flu"
"509",41,"1.82","4.73","5.86","4.49","4.31","1.72","2.15","1.66","1.82","1.64","0.84","1.09","0.74","0.73",0.62,0.38,0.53,0.64,NA,2022,"Flu"
"510",42,"2.32","7.14","9.39","6.41","4.81","2.26","1.82","1.82","2.12","1.83","1.32","0.79","0.74","0.83",0.46,0.74,0.94,0.92,NA,2022,"Flu"
"511",43,"2.7","7.97","11.68","8.04","5.57","2.59","2","2.02","2.74","2.18","1.23","0.96","0.79","0.87",0.72,0.77,0.94,0.79,NA,2022,"Flu"
"512",44,"2.81","9.08","11.42","6.28","5.8","2.87","2.08","2.75","3.04","2.07","1.56","0.84","0.98","0.75",0.64,0.91,1.13,1.23,NA,2022,"Flu"
"513",45,"4.41","15.07","17.1","10.34","8.94","4.44","3.29","3.94","4.67","3.51","2.55","1.62","1.49","1.42",1.31,1.53,1.63,1.16,NA,2022,"Flu"
"514",46,"8.26","23.32","37.63","24.31","16.67","6.9","6.77","7.17","7.37","6.66","4.77","3.13","2.48","2.09",2.15,2.2,2.29,2.41,NA,2022,"Flu"
"515",47,"17.99","45.25","78.32","59.12","36.01","14.13","12.61","16.33","17.62","14.67","9.13","6.75","6.08","5.66",4.53,5.06,4.99,6.46,NA,2022,"Flu"
"516",48,"36.65","86.99","136.83","122.56","79.85","30.23","26.49","32.18","35.61","32.31","22.35","15.81","13.88","14.15",10.12,9.85,11.34,14.22,NA,2022,"Flu"
"517",49,"58.3","135.46","184.02","149.67","119.08","58.22","50.77","59.82","61.93","52.55","37.31","26.52","27.01","26.46",19,21.59,22.55,30.14,NA,2022,"Flu"
"518",50,"71.61","162.28","170.47","148.37","131.07","77.48","64.67","73.93","75.14","62.29","49.13","38.86","40.49","41.36",30.64,35.68,40.61,57.71,NA,2022,"Flu"
"519",51,"63.19","141.9","100.67","75.81","94.41","71.11","63.4","67.6","63.97","54.83","44.16","37.56","42.47","44.63",36.76,44.4,50.45,79.06,NA,2022,"Flu"
"520",52,"26.52","59.37","28.81","16.94","21.74","23.84","23.52","24.58","22.75","17.96","15.66","14.94","18.3","21.86",22.95,28.73,37.19,58.38,NA,2022,"Flu"
"521",1,"0.03","0.13",NA,"0.03","0.03","0.02",NA,"0.04",NA,"0.02",NA,NA,"0.04",NA,0.02,0.05,NA,0.07,NA,2022,"RSV"
"522",2,"0.02","0.15","0.03","0.03",NA,"0.02",NA,"0.04",NA,NA,"0.02",NA,"0.01","0.02",0.02,NA,NA,0.02,NA,2022,"RSV"
"523",3,"0.02","0.18","0.03",NA,NA,NA,"0.02",NA,NA,NA,"0.04",NA,NA,"0.02",0.02,0.02,NA,0.03,NA,2022,"RSV"
"524",4,"0.02","0.2","0.03",NA,NA,NA,NA,"0.02","0.02",NA,NA,NA,NA,"0.02",NA,NA,NA,0.02,NA,2022,"RSV"
"525",5,"0.02","0.15","0.05","0.03","0.03",NA,NA,NA,NA,NA,NA,"0.02",NA,NA,0.04,NA,0.03,NA,NA,2022,"RSV"
"526",6,"0.01","0.1","0.03","0.03",NA,NA,NA,"0.02","0.02","0.02",NA,NA,NA,NA,NA,NA,NA,NA,NA,2022,"RSV"
"527",7,"0","0.03",NA,NA,NA,"0.02",NA,NA,NA,NA,NA,NA,"0.01",NA,NA,NA,NA,NA,NA,2022,"RSV"
"528",8,"0","0.08",NA,NA,NA,NA,NA,"0.02",NA,"0.02",NA,"0.03",NA,NA,NA,NA,NA,NA,NA,2022,"RSV"
"529",9,"0","0.08",NA,NA,NA,NA,NA,NA,NA,NA,NA,"0.02",NA,NA,NA,NA,NA,NA,NA,2022,"RSV"
"530",10,"0","0.1",NA,NA,NA,NA,NA,NA,NA,NA,NA,NA,NA,NA,NA,0.05,NA,NA,NA,2022,"RSV"
"531",11,"0",NA,NA,NA,NA,NA,NA,NA,NA,NA,NA,"0.02",NA,NA,NA,NA,NA,NA,NA,2022,"RSV"
"532",12,"0","0.1","0.03",NA,NA,NA,NA,"0.02",NA,NA,NA,NA,"0.01",NA,NA,NA,NA,0.02,NA,2022,"RSV"
"533",13,"0","0.05","0.05",NA,NA,NA,"0.02","0.02",NA,NA,NA,NA,NA,NA,0.02,NA,NA,NA,NA,2022,"RSV"
"534",14,"0","0.1",NA,NA,NA,NA,NA,NA,NA,NA,NA,NA,NA,NA,NA,NA,NA,NA,NA,2022,"RSV"
"535",15,"0",NA,"0.03",NA,NA,NA,NA,NA,NA,NA,NA,NA,NA,NA,NA,NA,NA,NA,NA,2022,"RSV"
"536",16,"0.01","0.08",NA,NA,NA,NA,NA,"0.02",NA,NA,NA,"0.03","0.01",NA,0.04,NA,NA,NA,NA,2022,"RSV"
"537",17,"0","0.08",NA,NA,NA,NA,NA,NA,NA,"0.02",NA,"0.03",NA,"0.02",NA,NA,NA,NA,NA,2022,"RSV"
"538",18,"0","0.03",NA,NA,NA,"0.02",NA,NA,NA,NA,NA,NA,NA,NA,NA,0.02,0.03,0.02,NA,2022,"RSV"
"539",19,"0.01","0.05",NA,NA,"0.03",NA,NA,NA,NA,NA,NA,NA,NA,"0.02",0.02,NA,NA,0.07,NA,2022,"RSV"
"540",20,"0",NA,NA,NA,"0.03",NA,NA,NA,NA,"0.02",NA,NA,NA,NA,NA,NA,NA,NA,NA,2022,"RSV"
"541",21,NA,NA,NA,NA,NA,NA,NA,NA,NA,NA,NA,NA,NA,NA,NA,NA,NA,NA,NA,2022,"RSV"
"542",22,"0",NA,NA,NA,NA,NA,NA,"0.02",NA,NA,NA,NA,NA,NA,NA,NA,NA,NA,NA,2022,"RSV"
"543",23,"0",NA,"0.03","0.03",NA,"0.02",NA,NA,NA,NA,NA,NA,NA,NA,0.02,NA,0.03,0.02,NA,2022,"RSV"
"544",24,"0","0.08",NA,NA,NA,"0.02",NA,NA,NA,"0.02","0.02",NA,NA,NA,NA,0.02,NA,NA,NA,2022,"RSV"
"545",25,"0","0.03",NA,"0.03",NA,NA,NA,"0.02",NA,NA,NA,NA,"0.01","0.02",NA,NA,NA,NA,NA,2022,"RSV"
"546",26,"0","0.03",NA,NA,"0.05",NA,NA,NA,"0.02","0.02",NA,NA,"0.01",NA,NA,NA,0.03,NA,NA,2022,"RSV"
"547",27,"0.01","0.08",NA,"0.05",NA,NA,NA,"0.04",NA,"0.02",NA,NA,NA,NA,NA,NA,0.03,0.02,NA,2022,"RSV"
"548",28,"0","0.05",NA,NA,NA,"0.02",NA,NA,NA,"0.02",NA,NA,NA,NA,0.02,NA,NA,NA,NA,2022,"RSV"
"549",29,"0","0.03",NA,NA,NA,NA,NA,NA,NA,NA,NA,"0.02",NA,NA,NA,NA,0.03,NA,NA,2022,"RSV"
"550",30,"0","0.1",NA,NA,NA,NA,NA,"0.02",NA,NA,NA,NA,NA,NA,NA,NA,NA,NA,NA,2022,"RSV"
"551",31,"0",NA,NA,NA,NA,NA,NA,NA,NA,NA,NA,NA,"0.01",NA,NA,0.02,NA,NA,NA,2022,"RSV"
"552",32,"0","0.05",NA,NA,NA,NA,NA,NA,NA,"0.02",NA,"0.02",NA,NA,NA,NA,NA,NA,NA,2022,"RSV"
"553",33,NA,NA,NA,NA,NA,NA,NA,NA,NA,NA,NA,NA,NA,NA,NA,NA,NA,NA,NA,2022,"RSV"
"554",34,"0","0.03",NA,NA,NA,NA,NA,"0.02",NA,NA,NA,NA,NA,NA,NA,NA,NA,NA,NA,2022,"RSV"
"555",35,"0","0.03","0.03",NA,NA,NA,NA,NA,NA,NA,NA,NA,NA,NA,NA,NA,NA,0.02,NA,2022,"RSV"
"556",36,"0","0.08",NA,NA,NA,NA,NA,NA,NA,NA,NA,NA,NA,NA,NA,NA,NA,NA,NA,2022,"RSV"
"557",37,"0","0.08",NA,"0.03",NA,NA,NA,NA,NA,NA,NA,NA,NA,NA,0.02,NA,NA,NA,NA,2022,"RSV"
"558",38,"0.01","0.2","0.03",NA,NA,"0.02",NA,NA,NA,NA,NA,NA,NA,NA,NA,0.02,NA,NA,NA,2022,"RSV"
"559",39,"0.01","0.23",NA,NA,NA,NA,"0.02",NA,NA,"0.02",NA,NA,"0.01",NA,NA,NA,NA,NA,NA,2022,"RSV"
"560",40,"0.01","0.2",NA,NA,NA,NA,"0.02","0.02",NA,NA,NA,NA,NA,NA,NA,NA,NA,0.02,NA,2022,"RSV"
"561",41,"0.04","0.58",NA,"0.03","0.03",NA,"0.02","0.05","0.02",NA,NA,NA,NA,"0.03",NA,NA,NA,NA,NA,2022,"RSV"
"562",42,"0.04","0.63",NA,NA,NA,"0.02","0.02","0.02",NA,NA,NA,NA,NA,"0.02",0.02,NA,NA,0.02,NA,2022,"RSV"
"563",43,"0.06","0.98","0.08",NA,NA,"0.02",NA,NA,"0.06","0.02",NA,NA,NA,NA,0.02,0.02,0.03,0.02,NA,2022,"RSV"
"564",44,"0.09","1.48","0.1",NA,"0.03","0.04",NA,"0.04","0.06","0.04","0.02",NA,"0.03","0.02",NA,NA,NA,0.02,NA,2022,"RSV"
"565",45,"0.19","3.09","0.21",NA,"0.16","0.02","0.04","0.04","0.02","0.02","0.02","0.06","0.03","0.03",0.06,0.05,NA,0.07,NA,2022,"RSV"
"566",46,"0.27","4.18","0.33","0.11","0.1","0.07","0.04","0.09","0.11",NA,"0.04","0.05","0.06","0.05",0.04,NA,0.03,0.05,NA,2022,"RSV"
"567",47,"0.57","9.13","0.54","0.11","0.13","0.04","0.12","0.22","0.15","0.08","0.08",NA,"0.15","0.05",0.06,0.24,0.16,0.21,NA,2022,"RSV"
"568",48,"0.84","12.05","0.9","0.48","0.52","0.15","0.12","0.22","0.39","0.19","0.21","0.11","0.22","0.23",0.16,0.29,0.09,0.36,NA,2022,"RSV"
"569",49,"1.41","17.46","2.21","1.31","1.33","0.46","0.31","0.56","0.69","0.43","0.31","0.24","0.41","0.43",0.26,0.26,0.28,0.8,NA,2022,"RSV"
"570",50,"1.43","14.49","2.29","0.96","1.28","0.55","0.59","0.68","0.62","0.62","0.45","0.63","0.57","0.52",0.54,0.72,0.85,1.08,NA,2022,"RSV"
"571",51,"1.27","9.84","1.75","0.64","0.99","0.64","0.35","0.63","0.6","0.66","0.53","0.56","0.58","0.58",0.7,0.98,1.66,2.01,NA,2022,"RSV"
"572",52,"0.67","4.93","0.46","0.21","0.29","0.33","0.08","0.18","0.26","0.19","0.35","0.37","0.34","0.2",0.52,0.67,0.88,1.87,NA,2022,"RSV"
"573",1,"155.49","29.1","24.56","30.75","73.03","156.06","189.69","188.78","189.33","186.45","187.24","197.51","216.48","189.77",121,128.08,143.01,217.52,NA,2023,"COV"
"574",2,NA,NA,NA,NA,NA,NA,NA,NA,NA,NA,NA,NA,NA,NA,NA,NA,NA,NA,NA,2023,"COV"
"575",3,NA,NA,NA,NA,NA,NA,NA,NA,NA,NA,NA,NA,NA,NA,NA,NA,NA,NA,NA,2023,"COV"
"576",4,NA,NA,NA,NA,NA,NA,NA,NA,NA,NA,NA,NA,NA,NA,NA,NA,NA,NA,NA,2023,"COV"
"577",5,NA,NA,NA,NA,NA,NA,NA,NA,NA,NA,NA,NA,NA,NA,NA,NA,NA,NA,NA,2023,"COV"
"578",6,NA,NA,NA,NA,NA,NA,NA,NA,NA,NA,NA,NA,NA,NA,NA,NA,NA,NA,NA,2023,"COV"
"579",7,NA,NA,NA,NA,NA,NA,NA,NA,NA,NA,NA,NA,NA,NA,NA,NA,NA,NA,NA,2023,"COV"
"580",8,NA,NA,NA,NA,NA,NA,NA,NA,NA,NA,NA,NA,NA,NA,NA,NA,NA,NA,NA,2023,"COV"
"581",9,NA,NA,NA,NA,NA,NA,NA,NA,NA,NA,NA,NA,NA,NA,NA,NA,NA,NA,NA,2023,"COV"
"582",10,NA,NA,NA,NA,NA,NA,NA,NA,NA,NA,NA,NA,NA,NA,NA,NA,NA,NA,NA,2023,"COV"
"583",11,NA,NA,NA,NA,NA,NA,NA,NA,NA,NA,NA,NA,NA,NA,NA,NA,NA,NA,NA,2023,"COV"
"584",12,NA,NA,NA,NA,NA,NA,NA,NA,NA,NA,NA,NA,NA,NA,NA,NA,NA,NA,NA,2023,"COV"
"585",13,NA,NA,NA,NA,NA,NA,NA,NA,NA,NA,NA,NA,NA,NA,NA,NA,NA,NA,NA,2023,"COV"
"586",14,NA,NA,NA,NA,NA,NA,NA,NA,NA,NA,NA,NA,NA,NA,NA,NA,NA,NA,NA,2023,"COV"
"587",15,NA,NA,NA,NA,NA,NA,NA,NA,NA,NA,NA,NA,NA,NA,NA,NA,NA,NA,NA,2023,"COV"
"588",16,NA,NA,NA,NA,NA,NA,NA,NA,NA,NA,NA,NA,NA,NA,NA,NA,NA,NA,NA,2023,"COV"
"589",17,NA,NA,NA,NA,NA,NA,NA,NA,NA,NA,NA,NA,NA,NA,NA,NA,NA,NA,NA,2023,"COV"
"590",18,NA,NA,NA,NA,NA,NA,NA,NA,NA,NA,NA,NA,NA,NA,NA,NA,NA,NA,NA,2023,"COV"
"591",19,NA,NA,NA,NA,NA,NA,NA,NA,NA,NA,NA,NA,NA,NA,NA,NA,NA,NA,NA,2023,"COV"
"592",20,NA,NA,NA,NA,NA,NA,NA,NA,NA,NA,NA,NA,NA,NA,NA,NA,NA,NA,NA,2023,"COV"
"593",21,NA,NA,NA,NA,NA,NA,NA,NA,NA,NA,NA,NA,NA,NA,NA,NA,NA,NA,NA,2023,"COV"
"594",22,NA,NA,NA,NA,NA,NA,NA,NA,NA,NA,NA,NA,NA,NA,NA,NA,NA,NA,NA,2023,"COV"
"595",23,NA,NA,NA,NA,NA,NA,NA,NA,NA,NA,NA,NA,NA,NA,NA,NA,NA,NA,NA,2023,"COV"
"596",24,NA,NA,NA,NA,NA,NA,NA,NA,NA,NA,NA,NA,NA,NA,NA,NA,NA,NA,NA,2023,"COV"
"597",25,NA,NA,NA,NA,NA,NA,NA,NA,NA,NA,NA,NA,NA,NA,NA,NA,NA,NA,NA,2023,"COV"
"598",26,NA,NA,NA,NA,NA,NA,NA,NA,NA,NA,NA,NA,NA,NA,NA,NA,NA,NA,NA,2023,"COV"
"599",27,NA,NA,NA,NA,NA,NA,NA,NA,NA,NA,NA,NA,NA,NA,NA,NA,NA,NA,NA,2023,"COV"
"600",28,NA,NA,NA,NA,NA,NA,NA,NA,NA,NA,NA,NA,NA,NA,NA,NA,NA,NA,NA,2023,"COV"
"601",29,NA,NA,NA,NA,NA,NA,NA,NA,NA,NA,NA,NA,NA,NA,NA,NA,NA,NA,NA,2023,"COV"
"602",30,NA,NA,NA,NA,NA,NA,NA,NA,NA,NA,NA,NA,NA,NA,NA,NA,NA,NA,NA,2023,"COV"
"603",31,NA,NA,NA,NA,NA,NA,NA,NA,NA,NA,NA,NA,NA,NA,NA,NA,NA,NA,NA,2023,"COV"
"604",32,NA,NA,NA,NA,NA,NA,NA,NA,NA,NA,NA,NA,NA,NA,NA,NA,NA,NA,NA,2023,"COV"
"605",33,NA,NA,NA,NA,NA,NA,NA,NA,NA,NA,NA,NA,NA,NA,NA,NA,NA,NA,NA,2023,"COV"
"606",34,NA,NA,NA,NA,NA,NA,NA,NA,NA,NA,NA,NA,NA,NA,NA,NA,NA,NA,NA,2023,"COV"
"607",35,NA,NA,NA,NA,NA,NA,NA,NA,NA,NA,NA,NA,NA,NA,NA,NA,NA,NA,NA,2023,"COV"
"608",36,NA,NA,NA,NA,NA,NA,NA,NA,NA,NA,NA,NA,NA,NA,NA,NA,NA,NA,NA,2023,"COV"
"609",37,NA,NA,NA,NA,NA,NA,NA,NA,NA,NA,NA,NA,NA,NA,NA,NA,NA,NA,NA,2023,"COV"
"610",38,NA,NA,NA,NA,NA,NA,NA,NA,NA,NA,NA,NA,NA,NA,NA,NA,NA,NA,NA,2023,"COV"
"611",39,NA,NA,NA,NA,NA,NA,NA,NA,NA,NA,NA,NA,NA,NA,NA,NA,NA,NA,NA,2023,"COV"
"612",40,NA,NA,NA,NA,NA,NA,NA,NA,NA,NA,NA,NA,NA,NA,NA,NA,NA,NA,NA,2023,"COV"
"613",41,NA,NA,NA,NA,NA,NA,NA,NA,NA,NA,NA,NA,NA,NA,NA,NA,NA,NA,NA,2023,"COV"
"614",42,NA,NA,NA,NA,NA,NA,NA,NA,NA,NA,NA,NA,NA,NA,NA,NA,NA,NA,NA,2023,"COV"
"615",43,NA,NA,NA,NA,NA,NA,NA,NA,NA,NA,NA,NA,NA,NA,NA,NA,NA,NA,NA,2023,"COV"
"616",44,NA,NA,NA,NA,NA,NA,NA,NA,NA,NA,NA,NA,NA,NA,NA,NA,NA,NA,NA,2023,"COV"
"617",45,NA,NA,NA,NA,NA,NA,NA,NA,NA,NA,NA,NA,NA,NA,NA,NA,NA,NA,NA,2023,"COV"
"618",46,NA,NA,NA,NA,NA,NA,NA,NA,NA,NA,NA,NA,NA,NA,NA,NA,NA,NA,NA,2023,"COV"
"619",47,NA,NA,NA,NA,NA,NA,NA,NA,NA,NA,NA,NA,NA,NA,NA,NA,NA,NA,NA,2023,"COV"
"620",48,NA,NA,NA,NA,NA,NA,NA,NA,NA,NA,NA,NA,NA,NA,NA,NA,NA,NA,NA,2023,"COV"
"621",49,NA,NA,NA,NA,NA,NA,NA,NA,NA,NA,NA,NA,NA,NA,NA,NA,NA,NA,NA,2023,"COV"
"622",50,NA,NA,NA,NA,NA,NA,NA,NA,NA,NA,NA,NA,NA,NA,NA,NA,NA,NA,NA,2023,"COV"
"623",51,NA,NA,NA,NA,NA,NA,NA,NA,NA,NA,NA,NA,NA,NA,NA,NA,NA,NA,NA,2023,"COV"
"624",52,NA,NA,NA,NA,NA,NA,NA,NA,NA,NA,NA,NA,NA,NA,NA,NA,NA,NA,NA,2023,"COV"
"625",1,"17.13","34.34","13.63","7.72","10.84","16.41","16.39","16.37","14.99","12.76","10.73","10.51","13.33","16.02",15.14,18.52,23.59,39.38,NA,2023,"Flu"
"626",2,NA,NA,NA,NA,NA,NA,NA,NA,NA,NA,NA,NA,NA,NA,NA,NA,NA,NA,NA,2023,"Flu"
"627",3,NA,NA,NA,NA,NA,NA,NA,NA,NA,NA,NA,NA,NA,NA,NA,NA,NA,NA,NA,2023,"Flu"
"628",4,NA,NA,NA,NA,NA,NA,NA,NA,NA,NA,NA,NA,NA,NA,NA,NA,NA,NA,NA,2023,"Flu"
"629",5,NA,NA,NA,NA,NA,NA,NA,NA,NA,NA,NA,NA,NA,NA,NA,NA,NA,NA,NA,2023,"Flu"
"630",6,NA,NA,NA,NA,NA,NA,NA,NA,NA,NA,NA,NA,NA,NA,NA,NA,NA,NA,NA,2023,"Flu"
"631",7,NA,NA,NA,NA,NA,NA,NA,NA,NA,NA,NA,NA,NA,NA,NA,NA,NA,NA,NA,2023,"Flu"
"632",8,NA,NA,NA,NA,NA,NA,NA,NA,NA,NA,NA,NA,NA,NA,NA,NA,NA,NA,NA,2023,"Flu"
"633",9,NA,NA,NA,NA,NA,NA,NA,NA,NA,NA,NA,NA,NA,NA,NA,NA,NA,NA,NA,2023,"Flu"
"634",10,NA,NA,NA,NA,NA,NA,NA,NA,NA,NA,NA,NA,NA,NA,NA,NA,NA,NA,NA,2023,"Flu"
"635",11,NA,NA,NA,NA,NA,NA,NA,NA,NA,NA,NA,NA,NA,NA,NA,NA,NA,NA,NA,2023,"Flu"
"636",12,NA,NA,NA,NA,NA,NA,NA,NA,NA,NA,NA,NA,NA,NA,NA,NA,NA,NA,NA,2023,"Flu"
"637",13,NA,NA,NA,NA,NA,NA,NA,NA,NA,NA,NA,NA,NA,NA,NA,NA,NA,NA,NA,2023,"Flu"
"638",14,NA,NA,NA,NA,NA,NA,NA,NA,NA,NA,NA,NA,NA,NA,NA,NA,NA,NA,NA,2023,"Flu"
"639",15,NA,NA,NA,NA,NA,NA,NA,NA,NA,NA,NA,NA,NA,NA,NA,NA,NA,NA,NA,2023,"Flu"
"640",16,NA,NA,NA,NA,NA,NA,NA,NA,NA,NA,NA,NA,NA,NA,NA,NA,NA,NA,NA,2023,"Flu"
"641",17,NA,NA,NA,NA,NA,NA,NA,NA,NA,NA,NA,NA,NA,NA,NA,NA,NA,NA,NA,2023,"Flu"
"642",18,NA,NA,NA,NA,NA,NA,NA,NA,NA,NA,NA,NA,NA,NA,NA,NA,NA,NA,NA,2023,"Flu"
"643",19,NA,NA,NA,NA,NA,NA,NA,NA,NA,NA,NA,NA,NA,NA,NA,NA,NA,NA,NA,2023,"Flu"
"644",20,NA,NA,NA,NA,NA,NA,NA,NA,NA,NA,NA,NA,NA,NA,NA,NA,NA,NA,NA,2023,"Flu"
"645",21,NA,NA,NA,NA,NA,NA,NA,NA,NA,NA,NA,NA,NA,NA,NA,NA,NA,NA,NA,2023,"Flu"
"646",22,NA,NA,NA,NA,NA,NA,NA,NA,NA,NA,NA,NA,NA,NA,NA,NA,NA,NA,NA,2023,"Flu"
"647",23,NA,NA,NA,NA,NA,NA,NA,NA,NA,NA,NA,NA,NA,NA,NA,NA,NA,NA,NA,2023,"Flu"
"648",24,NA,NA,NA,NA,NA,NA,NA,NA,NA,NA,NA,NA,NA,NA,NA,NA,NA,NA,NA,2023,"Flu"
"649",25,NA,NA,NA,NA,NA,NA,NA,NA,NA,NA,NA,NA,NA,NA,NA,NA,NA,NA,NA,2023,"Flu"
"650",26,NA,NA,NA,NA,NA,NA,NA,NA,NA,NA,NA,NA,NA,NA,NA,NA,NA,NA,NA,2023,"Flu"
"651",27,NA,NA,NA,NA,NA,NA,NA,NA,NA,NA,NA,NA,NA,NA,NA,NA,NA,NA,NA,2023,"Flu"
"652",28,NA,NA,NA,NA,NA,NA,NA,NA,NA,NA,NA,NA,NA,NA,NA,NA,NA,NA,NA,2023,"Flu"
"653",29,NA,NA,NA,NA,NA,NA,NA,NA,NA,NA,NA,NA,NA,NA,NA,NA,NA,NA,NA,2023,"Flu"
"654",30,NA,NA,NA,NA,NA,NA,NA,NA,NA,NA,NA,NA,NA,NA,NA,NA,NA,NA,NA,2023,"Flu"
"655",31,NA,NA,NA,NA,NA,NA,NA,NA,NA,NA,NA,NA,NA,NA,NA,NA,NA,NA,NA,2023,"Flu"
"656",32,NA,NA,NA,NA,NA,NA,NA,NA,NA,NA,NA,NA,NA,NA,NA,NA,NA,NA,NA,2023,"Flu"
"657",33,NA,NA,NA,NA,NA,NA,NA,NA,NA,NA,NA,NA,NA,NA,NA,NA,NA,NA,NA,2023,"Flu"
"658",34,NA,NA,NA,NA,NA,NA,NA,NA,NA,NA,NA,NA,NA,NA,NA,NA,NA,NA,NA,2023,"Flu"
"659",35,NA,NA,NA,NA,NA,NA,NA,NA,NA,NA,NA,NA,NA,NA,NA,NA,NA,NA,NA,2023,"Flu"
"660",36,NA,NA,NA,NA,NA,NA,NA,NA,NA,NA,NA,NA,NA,NA,NA,NA,NA,NA,NA,2023,"Flu"
"661",37,NA,NA,NA,NA,NA,NA,NA,NA,NA,NA,NA,NA,NA,NA,NA,NA,NA,NA,NA,2023,"Flu"
"662",38,NA,NA,NA,NA,NA,NA,NA,NA,NA,NA,NA,NA,NA,NA,NA,NA,NA,NA,NA,2023,"Flu"
"663",39,NA,NA,NA,NA,NA,NA,NA,NA,NA,NA,NA,NA,NA,NA,NA,NA,NA,NA,NA,2023,"Flu"
"664",40,NA,NA,NA,NA,NA,NA,NA,NA,NA,NA,NA,NA,NA,NA,NA,NA,NA,NA,NA,2023,"Flu"
"665",41,NA,NA,NA,NA,NA,NA,NA,NA,NA,NA,NA,NA,NA,NA,NA,NA,NA,NA,NA,2023,"Flu"
"666",42,NA,NA,NA,NA,NA,NA,NA,NA,NA,NA,NA,NA,NA,NA,NA,NA,NA,NA,NA,2023,"Flu"
"667",43,NA,NA,NA,NA,NA,NA,NA,NA,NA,NA,NA,NA,NA,NA,NA,NA,NA,NA,NA,2023,"Flu"
"668",44,NA,NA,NA,NA,NA,NA,NA,NA,NA,NA,NA,NA,NA,NA,NA,NA,NA,NA,NA,2023,"Flu"
"669",45,NA,NA,NA,NA,NA,NA,NA,NA,NA,NA,NA,NA,NA,NA,NA,NA,NA,NA,NA,2023,"Flu"
"670",46,NA,NA,NA,NA,NA,NA,NA,NA,NA,NA,NA,NA,NA,NA,NA,NA,NA,NA,NA,2023,"Flu"
"671",47,NA,NA,NA,NA,NA,NA,NA,NA,NA,NA,NA,NA,NA,NA,NA,NA,NA,NA,NA,2023,"Flu"
"672",48,NA,NA,NA,NA,NA,NA,NA,NA,NA,NA,NA,NA,NA,NA,NA,NA,NA,NA,NA,2023,"Flu"
"673",49,NA,NA,NA,NA,NA,NA,NA,NA,NA,NA,NA,NA,NA,NA,NA,NA,NA,NA,NA,2023,"Flu"
"674",50,NA,NA,NA,NA,NA,NA,NA,NA,NA,NA,NA,NA,NA,NA,NA,NA,NA,NA,NA,2023,"Flu"
"675",51,NA,NA,NA,NA,NA,NA,NA,NA,NA,NA,NA,NA,NA,NA,NA,NA,NA,NA,NA,2023,"Flu"
"676",52,NA,NA,NA,NA,NA,NA,NA,NA,NA,NA,NA,NA,NA,NA,NA,NA,NA,NA,NA,2023,"Flu"
"677",1,"0.98","4.48","0.57","0.59","0.78","0.46","0.35","0.36","0.52","0.39","0.84","0.88","0.76","0.83",0.7,0.91,1.38,2.29,NA,2023,"RSV"
"678",2,"0.62","2.59","0.31","0.27","0.52","0.66","0.2","0.22","0.22","0.35","0.33","0.45","0.42","0.55",0.54,0.62,0.85,1.65,NA,2023,"RSV"
"679",3,NA,NA,NA,NA,NA,NA,NA,NA,NA,NA,NA,NA,NA,NA,NA,NA,NA,NA,NA,2023,"RSV"
"680",4,NA,NA,NA,NA,NA,NA,NA,NA,NA,NA,NA,NA,NA,NA,NA,NA,NA,NA,NA,2023,"RSV"
"681",5,NA,NA,NA,NA,NA,NA,NA,NA,NA,NA,NA,NA,NA,NA,NA,NA,NA,NA,NA,2023,"RSV"
"682",6,NA,NA,NA,NA,NA,NA,NA,NA,NA,NA,NA,NA,NA,NA,NA,NA,NA,NA,NA,2023,"RSV"
"683",7,NA,NA,NA,NA,NA,NA,NA,NA,NA,NA,NA,NA,NA,NA,NA,NA,NA,NA,NA,2023,"RSV"
"684",8,NA,NA,NA,NA,NA,NA,NA,NA,NA,NA,NA,NA,NA,NA,NA,NA,NA,NA,NA,2023,"RSV"
"685",9,NA,NA,NA,NA,NA,NA,NA,NA,NA,NA,NA,NA,NA,NA,NA,NA,NA,NA,NA,2023,"RSV"
"686",10,NA,NA,NA,NA,NA,NA,NA,NA,NA,NA,NA,NA,NA,NA,NA,NA,NA,NA,NA,2023,"RSV"
"687",11,NA,NA,NA,NA,NA,NA,NA,NA,NA,NA,NA,NA,NA,NA,NA,NA,NA,NA,NA,2023,"RSV"
"688",12,NA,NA,NA,NA,NA,NA,NA,NA,NA,NA,NA,NA,NA,NA,NA,NA,NA,NA,NA,2023,"RSV"
"689",13,NA,NA,NA,NA,NA,NA,NA,NA,NA,NA,NA,NA,NA,NA,NA,NA,NA,NA,NA,2023,"RSV"
"690",14,NA,NA,NA,NA,NA,NA,NA,NA,NA,NA,NA,NA,NA,NA,NA,NA,NA,NA,NA,2023,"RSV"
"691",15,NA,NA,NA,NA,NA,NA,NA,NA,NA,NA,NA,NA,NA,NA,NA,NA,NA,NA,NA,2023,"RSV"
"692",16,NA,NA,NA,NA,NA,NA,NA,NA,NA,NA,NA,NA,NA,NA,NA,NA,NA,NA,NA,2023,"RSV"
"693",17,NA,NA,NA,NA,NA,NA,NA,NA,NA,NA,NA,NA,NA,NA,NA,NA,NA,NA,NA,2023,"RSV"
"694",18,NA,NA,NA,NA,NA,NA,NA,NA,NA,NA,NA,NA,NA,NA,NA,NA,NA,NA,NA,2023,"RSV"
"695",19,NA,NA,NA,NA,NA,NA,NA,NA,NA,NA,NA,NA,NA,NA,NA,NA,NA,NA,NA,2023,"RSV"
"696",20,NA,NA,NA,NA,NA,NA,NA,NA,NA,NA,NA,NA,NA,NA,NA,NA,NA,NA,NA,2023,"RSV"
"697",21,NA,NA,NA,NA,NA,NA,NA,NA,NA,NA,NA,NA,NA,NA,NA,NA,NA,NA,NA,2023,"RSV"
"698",22,NA,NA,NA,NA,NA,NA,NA,NA,NA,NA,NA,NA,NA,NA,NA,NA,NA,NA,NA,2023,"RSV"
"699",23,NA,NA,NA,NA,NA,NA,NA,NA,NA,NA,NA,NA,NA,NA,NA,NA,NA,NA,NA,2023,"RSV"
"700",24,NA,NA,NA,NA,NA,NA,NA,NA,NA,NA,NA,NA,NA,NA,NA,NA,NA,NA,NA,2023,"RSV"
"701",25,NA,NA,NA,NA,NA,NA,NA,NA,NA,NA,NA,NA,NA,NA,NA,NA,NA,NA,NA,2023,"RSV"
"702",26,NA,NA,NA,NA,NA,NA,NA,NA,NA,NA,NA,NA,NA,NA,NA,NA,NA,NA,NA,2023,"RSV"
"703",27,NA,NA,NA,NA,NA,NA,NA,NA,NA,NA,NA,NA,NA,NA,NA,NA,NA,NA,NA,2023,"RSV"
"704",28,NA,NA,NA,NA,NA,NA,NA,NA,NA,NA,NA,NA,NA,NA,NA,NA,NA,NA,NA,2023,"RSV"
"705",29,NA,NA,NA,NA,NA,NA,NA,NA,NA,NA,NA,NA,NA,NA,NA,NA,NA,NA,NA,2023,"RSV"
"706",30,NA,NA,NA,NA,NA,NA,NA,NA,NA,NA,NA,NA,NA,NA,NA,NA,NA,NA,NA,2023,"RSV"
"707",31,NA,NA,NA,NA,NA,NA,NA,NA,NA,NA,NA,NA,NA,NA,NA,NA,NA,NA,NA,2023,"RSV"
"708",32,NA,NA,NA,NA,NA,NA,NA,NA,NA,NA,NA,NA,NA,NA,NA,NA,NA,NA,NA,2023,"RSV"
"709",33,NA,NA,NA,NA,NA,NA,NA,NA,NA,NA,NA,NA,NA,NA,NA,NA,NA,NA,NA,2023,"RSV"
"710",34,NA,NA,NA,NA,NA,NA,NA,NA,NA,NA,NA,NA,NA,NA,NA,NA,NA,NA,NA,2023,"RSV"
"711",35,NA,NA,NA,NA,NA,NA,NA,NA,NA,NA,NA,NA,NA,NA,NA,NA,NA,NA,NA,2023,"RSV"
"712",36,NA,NA,NA,NA,NA,NA,NA,NA,NA,NA,NA,NA,NA,NA,NA,NA,NA,NA,NA,2023,"RSV"
"713",37,NA,NA,NA,NA,NA,NA,NA,NA,NA,NA,NA,NA,NA,NA,NA,NA,NA,NA,NA,2023,"RSV"
"714",38,NA,NA,NA,NA,NA,NA,NA,NA,NA,NA,NA,NA,NA,NA,NA,NA,NA,NA,NA,2023,"RSV"
"715",39,NA,NA,NA,NA,NA,NA,NA,NA,NA,NA,NA,NA,NA,NA,NA,NA,NA,NA,NA,2023,"RSV"
"716",40,NA,NA,NA,NA,NA,NA,NA,NA,NA,NA,NA,NA,NA,NA,NA,NA,NA,NA,NA,2023,"RSV"
"717",41,NA,NA,NA,NA,NA,NA,NA,NA,NA,NA,NA,NA,NA,NA,NA,NA,NA,NA,NA,2023,"RSV"
"718",42,NA,NA,NA,NA,NA,NA,NA,NA,NA,NA,NA,NA,NA,NA,NA,NA,NA,NA,NA,2023,"RSV"
"719",43,NA,NA,NA,NA,NA,NA,NA,NA,NA,NA,NA,NA,NA,NA,NA,NA,NA,NA,NA,2023,"RSV"
"720",44,NA,NA,NA,NA,NA,NA,NA,NA,NA,NA,NA,NA,NA,NA,NA,NA,NA,NA,NA,2023,"RSV"
"721",45,NA,NA,NA,NA,NA,NA,NA,NA,NA,NA,NA,NA,NA,NA,NA,NA,NA,NA,NA,2023,"RSV"
"722",46,NA,NA,NA,NA,NA,NA,NA,NA,NA,NA,NA,NA,NA,NA,NA,NA,NA,NA,NA,2023,"RSV"
"723",47,NA,NA,NA,NA,NA,NA,NA,NA,NA,NA,NA,NA,NA,NA,NA,NA,NA,NA,NA,2023,"RSV"
"724",48,NA,NA,NA,NA,NA,NA,NA,NA,NA,NA,NA,NA,NA,NA,NA,NA,NA,NA,NA,2023,"RSV"
"725",49,NA,NA,NA,NA,NA,NA,NA,NA,NA,NA,NA,NA,NA,NA,NA,NA,NA,NA,NA,2023,"RSV"
"726",50,NA,NA,NA,NA,NA,NA,NA,NA,NA,NA,NA,NA,NA,NA,NA,NA,NA,NA,NA,2023,"RSV"
"727",51,NA,NA,NA,NA,NA,NA,NA,NA,NA,NA,NA,NA,NA,NA,NA,NA,NA,NA,NA,2023,"RSV"
"728",52,NA,NA,NA,NA,NA,NA,NA,NA,NA,NA,NA,NA,NA,NA,NA,NA,NA,NA,NA,2023,"RSV"
