data_source,year,week,age_group,hsp_rate_rsv
Entire Network (RSV-NET),2016,40,ALL,0
Entire Network (RSV-NET),2016,41,ALL,0
Entire Network (RSV-NET),2016,42,ALL,0
Entire Network (RSV-NET),2016,43,ALL,0
Entire Network (RSV-NET),2016,44,ALL,0
Entire Network (RSV-NET),2016,45,ALL,0.1
Entire Network (RSV-NET),2016,46,ALL,0
Entire Network (RSV-NET),2016,47,ALL,0.2
Entire Network (RSV-NET),2016,48,ALL,0.2
Entire Network (RSV-NET),2016,49,ALL,0.2
Entire Network (RSV-NET),2016,50,ALL,0.3
Entire Network (RSV-NET),2016,51,ALL,0.4
Entire Network (RSV-NET),2016,52,ALL,0.6
Entire Network (RSV-NET),2017,1,ALL,0.7
Entire Network (RSV-NET),2017,2,ALL,0.7
Entire Network (RSV-NET),2017,3,ALL,0.5
Entire Network (RSV-NET),2017,4,ALL,0.6
Entire Network (RSV-NET),2017,5,ALL,0.6
Entire Network (RSV-NET),2017,6,ALL,0.5
Entire Network (RSV-NET),2017,7,ALL,0.5
Entire Network (RSV-NET),2017,8,ALL,0.4
Entire Network (RSV-NET),2017,9,ALL,0.4
Entire Network (RSV-NET),2017,10,ALL,0.4
Entire Network (RSV-NET),2017,11,ALL,0.3
Entire Network (RSV-NET),2017,12,ALL,0.2
Entire Network (RSV-NET),2017,13,ALL,0.2
Entire Network (RSV-NET),2017,14,ALL,0.2
Entire Network (RSV-NET),2017,15,ALL,0.1
Entire Network (RSV-NET),2017,16,ALL,0.1
Entire Network (RSV-NET),2017,17,ALL,0.1
Entire Network (RSV-NET),2017,18,ALL,0
Entire Network (RSV-NET),2017,40,ALL,0
Entire Network (RSV-NET),2017,41,ALL,0
Entire Network (RSV-NET),2017,42,ALL,0
Entire Network (RSV-NET),2017,43,ALL,0
Entire Network (RSV-NET),2017,44,ALL,0.1
Entire Network (RSV-NET),2017,45,ALL,0.1
Entire Network (RSV-NET),2017,46,ALL,0.1
Entire Network (RSV-NET),2017,47,ALL,0.1
Entire Network (RSV-NET),2017,48,ALL,0.2
Entire Network (RSV-NET),2017,49,ALL,0.2
Entire Network (RSV-NET),2017,50,ALL,0.3
Entire Network (RSV-NET),2017,51,ALL,0.3
Entire Network (RSV-NET),2017,52,ALL,0.5
Entire Network (RSV-NET),2018,1,ALL,0.7
Entire Network (RSV-NET),2018,2,ALL,0.7
Entire Network (RSV-NET),2018,3,ALL,0.6
Entire Network (RSV-NET),2018,4,ALL,0.6
Entire Network (RSV-NET),2018,5,ALL,0.6
Entire Network (RSV-NET),2018,6,ALL,0.5
Entire Network (RSV-NET),2018,7,ALL,0.5
Entire Network (RSV-NET),2018,8,ALL,0.4
Entire Network (RSV-NET),2018,9,ALL,0.4
Entire Network (RSV-NET),2018,10,ALL,0.3
Entire Network (RSV-NET),2018,11,ALL,0.3
Entire Network (RSV-NET),2018,12,ALL,0.3
Entire Network (RSV-NET),2018,13,ALL,0.2
Entire Network (RSV-NET),2018,14,ALL,0.1
Entire Network (RSV-NET),2018,15,ALL,0.1
Entire Network (RSV-NET),2018,16,ALL,0.1
Entire Network (RSV-NET),2018,17,ALL,0
Entire Network (RSV-NET),2018,18,ALL,0
Entire Network (RSV-NET),2018,40,ALL,0.1
Entire Network (RSV-NET),2018,41,ALL,0.2
Entire Network (RSV-NET),2018,42,ALL,0.2
Entire Network (RSV-NET),2018,43,ALL,0.3
Entire Network (RSV-NET),2018,44,ALL,0.3
Entire Network (RSV-NET),2018,45,ALL,0.5
Entire Network (RSV-NET),2018,46,ALL,0.5
Entire Network (RSV-NET),2018,47,ALL,0.5
Entire Network (RSV-NET),2018,48,ALL,0.9
Entire Network (RSV-NET),2018,49,ALL,0.9
Entire Network (RSV-NET),2018,50,ALL,1.1
Entire Network (RSV-NET),2018,51,ALL,1.4
Entire Network (RSV-NET),2018,52,ALL,1.6
Entire Network (RSV-NET),2019,1,ALL,1.7
Entire Network (RSV-NET),2019,2,ALL,1.7
Entire Network (RSV-NET),2019,3,ALL,1.3
Entire Network (RSV-NET),2019,4,ALL,1.3
Entire Network (RSV-NET),2019,5,ALL,1.4
Entire Network (RSV-NET),2019,6,ALL,1.3
Entire Network (RSV-NET),2019,7,ALL,1.2
Entire Network (RSV-NET),2019,8,ALL,1.2
Entire Network (RSV-NET),2019,9,ALL,1
Entire Network (RSV-NET),2019,10,ALL,0.8
Entire Network (RSV-NET),2019,11,ALL,0.7
Entire Network (RSV-NET),2019,12,ALL,0.7
Entire Network (RSV-NET),2019,13,ALL,0.4
Entire Network (RSV-NET),2019,14,ALL,0.4
Entire Network (RSV-NET),2019,15,ALL,0.3
Entire Network (RSV-NET),2019,16,ALL,0.3
Entire Network (RSV-NET),2019,17,ALL,0.1
Entire Network (RSV-NET),2019,18,ALL,0.1
Entire Network (RSV-NET),2022,40,ALL,1.6
Entire Network (RSV-NET),2022,41,ALL,2.6
Entire Network (RSV-NET),2022,42,ALL,2.9
Entire Network (RSV-NET),2022,43,ALL,3.6
Entire Network (RSV-NET),2022,44,ALL,4.5
Entire Network (RSV-NET),2022,45,ALL,5.2
Entire Network (RSV-NET),2022,46,ALL,4.6
Entire Network (RSV-NET),2022,47,ALL,4.1
Entire Network (RSV-NET),2022,48,ALL,4.1
Entire Network (RSV-NET),2022,49,ALL,3.3
Entire Network (RSV-NET),2022,50,ALL,2.5
Entire Network (RSV-NET),2022,51,ALL,1.7
Entire Network (RSV-NET),2022,52,ALL,1.6
Entire Network (RSV-NET),2023,1,ALL,1.1
Entire Network (RSV-NET),2016,40,18-29,0
Entire Network (RSV-NET),2016,41,18-29,0
Entire Network (RSV-NET),2016,42,18-29,0
Entire Network (RSV-NET),2016,43,18-29,0
Entire Network (RSV-NET),2016,44,18-29,0
Entire Network (RSV-NET),2016,45,18-29,0
Entire Network (RSV-NET),2016,46,18-29,0
Entire Network (RSV-NET),2016,47,18-29,0
Entire Network (RSV-NET),2016,48,18-29,0.1
Entire Network (RSV-NET),2016,49,18-29,0.1
Entire Network (RSV-NET),2016,50,18-29,0
Entire Network (RSV-NET),2016,51,18-29,0
Entire Network (RSV-NET),2016,52,18-29,0.1
Entire Network (RSV-NET),2017,1,18-29,0.1
Entire Network (RSV-NET),2017,2,18-29,0.2
Entire Network (RSV-NET),2017,3,18-29,0.2
Entire Network (RSV-NET),2017,4,18-29,0.1
Entire Network (RSV-NET),2017,5,18-29,0.1
Entire Network (RSV-NET),2017,6,18-29,0.1
Entire Network (RSV-NET),2017,7,18-29,0
Entire Network (RSV-NET),2017,8,18-29,0.1
Entire Network (RSV-NET),2017,9,18-29,0.1
Entire Network (RSV-NET),2017,10,18-29,0
Entire Network (RSV-NET),2017,11,18-29,0
Entire Network (RSV-NET),2017,12,18-29,0
Entire Network (RSV-NET),2017,13,18-29,0
Entire Network (RSV-NET),2017,14,18-29,0
Entire Network (RSV-NET),2017,15,18-29,0
Entire Network (RSV-NET),2017,16,18-29,0
Entire Network (RSV-NET),2017,17,18-29,0
Entire Network (RSV-NET),2017,18,18-29,0
Entire Network (RSV-NET),2016,40,30-39,0
Entire Network (RSV-NET),2016,41,30-39,0
Entire Network (RSV-NET),2016,42,30-39,0
Entire Network (RSV-NET),2016,43,30-39,0
Entire Network (RSV-NET),2016,44,30-39,0
Entire Network (RSV-NET),2016,45,30-39,0
Entire Network (RSV-NET),2016,46,30-39,0
Entire Network (RSV-NET),2016,47,30-39,0.1
Entire Network (RSV-NET),2016,48,30-39,0.1
Entire Network (RSV-NET),2016,49,30-39,0
Entire Network (RSV-NET),2016,50,30-39,0.1
Entire Network (RSV-NET),2016,51,30-39,0.1
Entire Network (RSV-NET),2016,52,30-39,0.1
Entire Network (RSV-NET),2017,1,30-39,0.2
Entire Network (RSV-NET),2017,2,30-39,0.1
Entire Network (RSV-NET),2017,3,30-39,0
Entire Network (RSV-NET),2017,4,30-39,0.2
Entire Network (RSV-NET),2017,5,30-39,0.1
Entire Network (RSV-NET),2017,6,30-39,0
Entire Network (RSV-NET),2017,7,30-39,0.1
Entire Network (RSV-NET),2017,8,30-39,0.1
Entire Network (RSV-NET),2017,9,30-39,0.1
Entire Network (RSV-NET),2017,10,30-39,0
Entire Network (RSV-NET),2017,11,30-39,0.1
Entire Network (RSV-NET),2017,12,30-39,0
Entire Network (RSV-NET),2017,13,30-39,0
Entire Network (RSV-NET),2017,14,30-39,0
Entire Network (RSV-NET),2017,15,30-39,0
Entire Network (RSV-NET),2017,16,30-39,0
Entire Network (RSV-NET),2017,17,30-39,0
Entire Network (RSV-NET),2017,18,30-39,0
Entire Network (RSV-NET),2016,40,40-49,0
Entire Network (RSV-NET),2016,41,40-49,0
Entire Network (RSV-NET),2016,42,40-49,0
Entire Network (RSV-NET),2016,43,40-49,0
Entire Network (RSV-NET),2016,44,40-49,0
Entire Network (RSV-NET),2016,45,40-49,0
Entire Network (RSV-NET),2016,46,40-49,0
Entire Network (RSV-NET),2016,47,40-49,0
Entire Network (RSV-NET),2016,48,40-49,0.1
Entire Network (RSV-NET),2016,49,40-49,0.1
Entire Network (RSV-NET),2016,50,40-49,0.1
Entire Network (RSV-NET),2016,51,40-49,0.1
Entire Network (RSV-NET),2016,52,40-49,0.1
Entire Network (RSV-NET),2017,1,40-49,0.1
Entire Network (RSV-NET),2017,2,40-49,0.2
Entire Network (RSV-NET),2017,3,40-49,0.1
Entire Network (RSV-NET),2017,4,40-49,0.2
Entire Network (RSV-NET),2017,5,40-49,0.3
Entire Network (RSV-NET),2017,6,40-49,0.1
Entire Network (RSV-NET),2017,7,40-49,0.2
Entire Network (RSV-NET),2017,8,40-49,0
Entire Network (RSV-NET),2017,9,40-49,0
Entire Network (RSV-NET),2017,10,40-49,0.1
Entire Network (RSV-NET),2017,11,40-49,0
Entire Network (RSV-NET),2017,12,40-49,0
Entire Network (RSV-NET),2017,13,40-49,0
Entire Network (RSV-NET),2017,14,40-49,0
Entire Network (RSV-NET),2017,15,40-49,0
Entire Network (RSV-NET),2017,16,40-49,0
Entire Network (RSV-NET),2017,17,40-49,0
Entire Network (RSV-NET),2017,18,40-49,0
Entire Network (RSV-NET),2016,40,65-74,0
Entire Network (RSV-NET),2016,41,65-74,0.1
Entire Network (RSV-NET),2016,42,65-74,0.1
Entire Network (RSV-NET),2016,43,65-74,0.1
Entire Network (RSV-NET),2016,44,65-74,0.1
Entire Network (RSV-NET),2016,45,65-74,0.3
Entire Network (RSV-NET),2016,46,65-74,0
Entire Network (RSV-NET),2016,47,65-74,0.3
Entire Network (RSV-NET),2016,48,65-74,0.2
Entire Network (RSV-NET),2016,49,65-74,0.4
Entire Network (RSV-NET),2016,50,65-74,0.7
Entire Network (RSV-NET),2016,51,65-74,0.8
Entire Network (RSV-NET),2016,52,65-74,1.4
Entire Network (RSV-NET),2017,1,65-74,1.3
Entire Network (RSV-NET),2017,2,65-74,1.6
Entire Network (RSV-NET),2017,3,65-74,1
Entire Network (RSV-NET),2017,4,65-74,1
Entire Network (RSV-NET),2017,5,65-74,1.2
Entire Network (RSV-NET),2017,6,65-74,1.3
Entire Network (RSV-NET),2017,7,65-74,0.6
Entire Network (RSV-NET),2017,8,65-74,0.7
Entire Network (RSV-NET),2017,9,65-74,1.1
Entire Network (RSV-NET),2017,10,65-74,0.7
Entire Network (RSV-NET),2017,11,65-74,0.3
Entire Network (RSV-NET),2017,12,65-74,0.4
Entire Network (RSV-NET),2017,13,65-74,0.3
Entire Network (RSV-NET),2017,14,65-74,0.3
Entire Network (RSV-NET),2017,15,65-74,0.1
Entire Network (RSV-NET),2017,16,65-74,0.3
Entire Network (RSV-NET),2017,17,65-74,0.1
Entire Network (RSV-NET),2017,18,65-74,0
Entire Network (RSV-NET),2016,40,75-84,0.3
Entire Network (RSV-NET),2016,41,75-84,0
Entire Network (RSV-NET),2016,42,75-84,0.1
Entire Network (RSV-NET),2016,43,75-84,0.1
Entire Network (RSV-NET),2016,44,75-84,0.3
Entire Network (RSV-NET),2016,45,75-84,0.1
Entire Network (RSV-NET),2016,46,75-84,0
Entire Network (RSV-NET),2016,47,75-84,0.1
Entire Network (RSV-NET),2016,48,75-84,1
Entire Network (RSV-NET),2016,49,75-84,0.7
Entire Network (RSV-NET),2016,50,75-84,1.3
Entire Network (RSV-NET),2016,51,75-84,1.4
Entire Network (RSV-NET),2016,52,75-84,2.3
Entire Network (RSV-NET),2017,1,75-84,3
Entire Network (RSV-NET),2017,2,75-84,2.3
Entire Network (RSV-NET),2017,3,75-84,2.7
Entire Network (RSV-NET),2017,4,75-84,2.5
Entire Network (RSV-NET),2017,5,75-84,3.5
Entire Network (RSV-NET),2017,6,75-84,3
Entire Network (RSV-NET),2017,7,75-84,2.4
Entire Network (RSV-NET),2017,8,75-84,2.3
Entire Network (RSV-NET),2017,9,75-84,2.1
Entire Network (RSV-NET),2017,10,75-84,1.8
Entire Network (RSV-NET),2017,11,75-84,1.7
Entire Network (RSV-NET),2017,12,75-84,0.8
Entire Network (RSV-NET),2017,13,75-84,0.4
Entire Network (RSV-NET),2017,14,75-84,0.1
Entire Network (RSV-NET),2017,15,75-84,0.3
Entire Network (RSV-NET),2017,16,75-84,0.4
Entire Network (RSV-NET),2017,17,75-84,0.1
Entire Network (RSV-NET),2017,18,75-84,0
Entire Network (RSV-NET),2016,40,85+,0.3
Entire Network (RSV-NET),2016,41,85+,0.3
Entire Network (RSV-NET),2016,42,85+,0.3
Entire Network (RSV-NET),2016,43,85+,0.3
Entire Network (RSV-NET),2016,44,85+,0
Entire Network (RSV-NET),2016,45,85+,0
Entire Network (RSV-NET),2016,46,85+,0
Entire Network (RSV-NET),2016,47,85+,0.6
Entire Network (RSV-NET),2016,48,85+,1.5
Entire Network (RSV-NET),2016,49,85+,1.2
Entire Network (RSV-NET),2016,50,85+,2.1
Entire Network (RSV-NET),2016,51,85+,2.7
Entire Network (RSV-NET),2016,52,85+,5.8
Entire Network (RSV-NET),2017,1,85+,7.6
Entire Network (RSV-NET),2017,2,85+,7
Entire Network (RSV-NET),2017,3,85+,3.4
Entire Network (RSV-NET),2017,4,85+,5.8
Entire Network (RSV-NET),2017,5,85+,3.7
Entire Network (RSV-NET),2017,6,85+,3.7
Entire Network (RSV-NET),2017,7,85+,6.7
Entire Network (RSV-NET),2017,8,85+,4.6
Entire Network (RSV-NET),2017,9,85+,4
Entire Network (RSV-NET),2017,10,85+,4.6
Entire Network (RSV-NET),2017,11,85+,2.1
Entire Network (RSV-NET),2017,12,85+,3
Entire Network (RSV-NET),2017,13,85+,2.7
Entire Network (RSV-NET),2017,14,85+,1.5
Entire Network (RSV-NET),2017,15,85+,0.9
Entire Network (RSV-NET),2017,16,85+,0.3
Entire Network (RSV-NET),2017,17,85+,1.5
Entire Network (RSV-NET),2017,18,85+,0.3
Entire Network (RSV-NET),2016,40,18+,0
Entire Network (RSV-NET),2016,41,18+,0
Entire Network (RSV-NET),2016,42,18+,0
Entire Network (RSV-NET),2016,43,18+,0
Entire Network (RSV-NET),2016,44,18+,0
Entire Network (RSV-NET),2016,45,18+,0.1
Entire Network (RSV-NET),2016,46,18+,0
Entire Network (RSV-NET),2016,47,18+,0.2
Entire Network (RSV-NET),2016,48,18+,0.2
Entire Network (RSV-NET),2016,49,18+,0.2
Entire Network (RSV-NET),2016,50,18+,0.3
Entire Network (RSV-NET),2016,51,18+,0.4
Entire Network (RSV-NET),2016,52,18+,0.6
Entire Network (RSV-NET),2017,1,18+,0.7
Entire Network (RSV-NET),2017,2,18+,0.7
Entire Network (RSV-NET),2017,3,18+,0.5
Entire Network (RSV-NET),2017,4,18+,0.6
Entire Network (RSV-NET),2017,5,18+,0.6
Entire Network (RSV-NET),2017,6,18+,0.5
Entire Network (RSV-NET),2017,7,18+,0.5
Entire Network (RSV-NET),2017,8,18+,0.4
Entire Network (RSV-NET),2017,9,18+,0.4
Entire Network (RSV-NET),2017,10,18+,0.4
Entire Network (RSV-NET),2017,11,18+,0.3
Entire Network (RSV-NET),2017,12,18+,0.2
Entire Network (RSV-NET),2017,13,18+,0.2
Entire Network (RSV-NET),2017,14,18+,0.2
Entire Network (RSV-NET),2017,15,18+,0.1
Entire Network (RSV-NET),2017,16,18+,0.1
Entire Network (RSV-NET),2017,17,18+,0.1
Entire Network (RSV-NET),2017,18,18+,0
Entire Network (RSV-NET),2016,40,18-49,0
Entire Network (RSV-NET),2016,41,18-49,0
Entire Network (RSV-NET),2016,42,18-49,0
Entire Network (RSV-NET),2016,43,18-49,0
Entire Network (RSV-NET),2016,44,18-49,0
Entire Network (RSV-NET),2016,45,18-49,0
Entire Network (RSV-NET),2016,46,18-49,0
Entire Network (RSV-NET),2016,47,18-49,0.1
Entire Network (RSV-NET),2016,48,18-49,0.1
Entire Network (RSV-NET),2016,49,18-49,0.1
Entire Network (RSV-NET),2016,50,18-49,0.1
Entire Network (RSV-NET),2016,51,18-49,0.1
Entire Network (RSV-NET),2016,52,18-49,0.1
Entire Network (RSV-NET),2017,1,18-49,0.1
Entire Network (RSV-NET),2017,2,18-49,0.2
Entire Network (RSV-NET),2017,3,18-49,0.1
Entire Network (RSV-NET),2017,4,18-49,0.1
Entire Network (RSV-NET),2017,5,18-49,0.2
Entire Network (RSV-NET),2017,6,18-49,0.1
Entire Network (RSV-NET),2017,7,18-49,0.1
Entire Network (RSV-NET),2017,8,18-49,0.1
Entire Network (RSV-NET),2017,9,18-49,0.1
Entire Network (RSV-NET),2017,10,18-49,0
Entire Network (RSV-NET),2017,11,18-49,0
Entire Network (RSV-NET),2017,12,18-49,0
Entire Network (RSV-NET),2017,13,18-49,0
Entire Network (RSV-NET),2017,14,18-49,0
Entire Network (RSV-NET),2017,15,18-49,0
Entire Network (RSV-NET),2017,16,18-49,0
Entire Network (RSV-NET),2017,17,18-49,0
Entire Network (RSV-NET),2017,18,18-49,0
Entire Network (RSV-NET),2016,40,50-64,0
Entire Network (RSV-NET),2016,41,50-64,0.1
Entire Network (RSV-NET),2016,42,50-64,0
Entire Network (RSV-NET),2016,43,50-64,0.1
Entire Network (RSV-NET),2016,44,50-64,0
Entire Network (RSV-NET),2016,45,50-64,0.1
Entire Network (RSV-NET),2016,46,50-64,0.1
Entire Network (RSV-NET),2016,47,50-64,0.3
Entire Network (RSV-NET),2016,48,50-64,0.2
Entire Network (RSV-NET),2016,49,50-64,0.3
Entire Network (RSV-NET),2016,50,50-64,0.3
Entire Network (RSV-NET),2016,51,50-64,0.4
Entire Network (RSV-NET),2016,52,50-64,0.7
Entire Network (RSV-NET),2017,1,50-64,0.7
Entire Network (RSV-NET),2017,2,50-64,0.5
Entire Network (RSV-NET),2017,3,50-64,0.6
Entire Network (RSV-NET),2017,4,50-64,0.6
Entire Network (RSV-NET),2017,5,50-64,0.6
Entire Network (RSV-NET),2017,6,50-64,0.5
Entire Network (RSV-NET),2017,7,50-64,0.5
Entire Network (RSV-NET),2017,8,50-64,0.4
Entire Network (RSV-NET),2017,9,50-64,0.1
Entire Network (RSV-NET),2017,10,50-64,0.4
Entire Network (RSV-NET),2017,11,50-64,0.3
Entire Network (RSV-NET),2017,12,50-64,0.2
Entire Network (RSV-NET),2017,13,50-64,0.2
Entire Network (RSV-NET),2017,14,50-64,0.3
Entire Network (RSV-NET),2017,15,50-64,0.1
Entire Network (RSV-NET),2017,16,50-64,0
Entire Network (RSV-NET),2017,17,50-64,0.1
Entire Network (RSV-NET),2017,18,50-64,0
Entire Network (RSV-NET),2016,40,65+,0.1
Entire Network (RSV-NET),2016,41,65+,0.1
Entire Network (RSV-NET),2016,42,65+,0.1
Entire Network (RSV-NET),2016,43,65+,0.1
Entire Network (RSV-NET),2016,44,65+,0.1
Entire Network (RSV-NET),2016,45,65+,0.2
Entire Network (RSV-NET),2016,46,65+,0
Entire Network (RSV-NET),2016,47,65+,0.3
Entire Network (RSV-NET),2016,48,65+,0.6
Entire Network (RSV-NET),2016,49,65+,0.6
Entire Network (RSV-NET),2016,50,65+,1
Entire Network (RSV-NET),2016,51,65+,1.2
Entire Network (RSV-NET),2016,52,65+,2.2
Entire Network (RSV-NET),2017,1,65+,2.6
Entire Network (RSV-NET),2017,2,65+,2.5
Entire Network (RSV-NET),2017,3,65+,1.8
Entire Network (RSV-NET),2017,4,65+,2
Entire Network (RSV-NET),2017,5,65+,2.2
Entire Network (RSV-NET),2017,6,65+,2.1
Entire Network (RSV-NET),2017,7,65+,1.8
Entire Network (RSV-NET),2017,8,65+,1.6
Entire Network (RSV-NET),2017,9,65+,1.7
Entire Network (RSV-NET),2017,10,65+,1.5
Entire Network (RSV-NET),2017,11,65+,0.9
Entire Network (RSV-NET),2017,12,65+,0.9
Entire Network (RSV-NET),2017,13,65+,0.7
Entire Network (RSV-NET),2017,14,65+,0.4
Entire Network (RSV-NET),2017,15,65+,0.2
Entire Network (RSV-NET),2017,16,65+,0.3
Entire Network (RSV-NET),2017,17,65+,0.3
Entire Network (RSV-NET),2017,18,65+,0
Entire Network (RSV-NET),2017,40,18-29,0
Entire Network (RSV-NET),2017,41,18-29,0
Entire Network (RSV-NET),2017,42,18-29,0
Entire Network (RSV-NET),2017,43,18-29,0
Entire Network (RSV-NET),2017,44,18-29,0
Entire Network (RSV-NET),2017,45,18-29,0
Entire Network (RSV-NET),2017,46,18-29,0
Entire Network (RSV-NET),2017,47,18-29,0
Entire Network (RSV-NET),2017,48,18-29,0
Entire Network (RSV-NET),2017,49,18-29,0
Entire Network (RSV-NET),2017,50,18-29,0
Entire Network (RSV-NET),2017,51,18-29,0
Entire Network (RSV-NET),2017,52,18-29,0.1
Entire Network (RSV-NET),2018,1,18-29,0.2
Entire Network (RSV-NET),2018,2,18-29,0.1
Entire Network (RSV-NET),2018,3,18-29,0.1
Entire Network (RSV-NET),2018,4,18-29,0.1
Entire Network (RSV-NET),2018,5,18-29,0.2
Entire Network (RSV-NET),2018,6,18-29,0.1
Entire Network (RSV-NET),2018,7,18-29,0
Entire Network (RSV-NET),2018,8,18-29,0
Entire Network (RSV-NET),2018,9,18-29,0.1
Entire Network (RSV-NET),2018,10,18-29,0
Entire Network (RSV-NET),2018,11,18-29,0
Entire Network (RSV-NET),2018,12,18-29,0
Entire Network (RSV-NET),2018,13,18-29,0
Entire Network (RSV-NET),2018,14,18-29,0
Entire Network (RSV-NET),2018,15,18-29,0
Entire Network (RSV-NET),2018,16,18-29,0
Entire Network (RSV-NET),2018,17,18-29,0
Entire Network (RSV-NET),2018,18,18-29,0
Entire Network (RSV-NET),2017,40,30-39,0
Entire Network (RSV-NET),2017,41,30-39,0
Entire Network (RSV-NET),2017,42,30-39,0
Entire Network (RSV-NET),2017,43,30-39,0.1
Entire Network (RSV-NET),2017,44,30-39,0
Entire Network (RSV-NET),2017,45,30-39,0
Entire Network (RSV-NET),2017,46,30-39,0
Entire Network (RSV-NET),2017,47,30-39,0
Entire Network (RSV-NET),2017,48,30-39,0.1
Entire Network (RSV-NET),2017,49,30-39,0
Entire Network (RSV-NET),2017,50,30-39,0
Entire Network (RSV-NET),2017,51,30-39,0
Entire Network (RSV-NET),2017,52,30-39,0.1
Entire Network (RSV-NET),2018,1,30-39,0.2
Entire Network (RSV-NET),2018,2,30-39,0.1
Entire Network (RSV-NET),2018,3,30-39,0.1
Entire Network (RSV-NET),2018,4,30-39,0.1
Entire Network (RSV-NET),2018,5,30-39,0.2
Entire Network (RSV-NET),2018,6,30-39,0.1
Entire Network (RSV-NET),2018,7,30-39,0.2
Entire Network (RSV-NET),2018,8,30-39,0.1
Entire Network (RSV-NET),2018,9,30-39,0
Entire Network (RSV-NET),2018,10,30-39,0
Entire Network (RSV-NET),2018,11,30-39,0.1
Entire Network (RSV-NET),2018,12,30-39,0
Entire Network (RSV-NET),2018,13,30-39,0
Entire Network (RSV-NET),2018,14,30-39,0
Entire Network (RSV-NET),2018,15,30-39,0
Entire Network (RSV-NET),2018,16,30-39,0
Entire Network (RSV-NET),2018,17,30-39,0
Entire Network (RSV-NET),2018,18,30-39,0
Entire Network (RSV-NET),2017,40,40-49,0.1
Entire Network (RSV-NET),2017,41,40-49,0
Entire Network (RSV-NET),2017,42,40-49,0
Entire Network (RSV-NET),2017,43,40-49,0
Entire Network (RSV-NET),2017,44,40-49,0.1
Entire Network (RSV-NET),2017,45,40-49,0.1
Entire Network (RSV-NET),2017,46,40-49,0.1
Entire Network (RSV-NET),2017,47,40-49,0.1
Entire Network (RSV-NET),2017,48,40-49,0.1
Entire Network (RSV-NET),2017,49,40-49,0.1
Entire Network (RSV-NET),2017,50,40-49,0.1
Entire Network (RSV-NET),2017,51,40-49,0.1
Entire Network (RSV-NET),2017,52,40-49,0.3
Entire Network (RSV-NET),2018,1,40-49,0.3
Entire Network (RSV-NET),2018,2,40-49,0.3
Entire Network (RSV-NET),2018,3,40-49,0.3
Entire Network (RSV-NET),2018,4,40-49,0.2
Entire Network (RSV-NET),2018,5,40-49,0.2
Entire Network (RSV-NET),2018,6,40-49,0.2
Entire Network (RSV-NET),2018,7,40-49,0.1
Entire Network (RSV-NET),2018,8,40-49,0.2
Entire Network (RSV-NET),2018,9,40-49,0.2
Entire Network (RSV-NET),2018,10,40-49,0.1
Entire Network (RSV-NET),2018,11,40-49,0.1
Entire Network (RSV-NET),2018,12,40-49,0.1
Entire Network (RSV-NET),2018,13,40-49,0.1
Entire Network (RSV-NET),2018,14,40-49,0.1
Entire Network (RSV-NET),2018,15,40-49,0.1
Entire Network (RSV-NET),2018,16,40-49,0
Entire Network (RSV-NET),2018,17,40-49,0
Entire Network (RSV-NET),2018,18,40-49,0
Entire Network (RSV-NET),2017,40,65-74,0
Entire Network (RSV-NET),2017,41,65-74,0.1
Entire Network (RSV-NET),2017,42,65-74,0.2
Entire Network (RSV-NET),2017,43,65-74,0
Entire Network (RSV-NET),2017,44,65-74,0.2
Entire Network (RSV-NET),2017,45,65-74,0.2
Entire Network (RSV-NET),2017,46,65-74,0.2
Entire Network (RSV-NET),2017,47,65-74,0.2
Entire Network (RSV-NET),2017,48,65-74,0.6
Entire Network (RSV-NET),2017,49,65-74,0.7
Entire Network (RSV-NET),2017,50,65-74,1.1
Entire Network (RSV-NET),2017,51,65-74,0.8
Entire Network (RSV-NET),2017,52,65-74,0.8
Entire Network (RSV-NET),2018,1,65-74,2.1
Entire Network (RSV-NET),2018,2,65-74,1.7
Entire Network (RSV-NET),2018,3,65-74,1.4
Entire Network (RSV-NET),2018,4,65-74,1.3
Entire Network (RSV-NET),2018,5,65-74,1.7
Entire Network (RSV-NET),2018,6,65-74,1.5
Entire Network (RSV-NET),2018,7,65-74,1.4
Entire Network (RSV-NET),2018,8,65-74,1.3
Entire Network (RSV-NET),2018,9,65-74,1.1
Entire Network (RSV-NET),2018,10,65-74,0.9
Entire Network (RSV-NET),2018,11,65-74,1.1
Entire Network (RSV-NET),2018,12,65-74,0.6
Entire Network (RSV-NET),2018,13,65-74,0.2
Entire Network (RSV-NET),2018,14,65-74,0.2
Entire Network (RSV-NET),2018,15,65-74,0.2
Entire Network (RSV-NET),2018,16,65-74,0.4
Entire Network (RSV-NET),2018,17,65-74,0.2
Entire Network (RSV-NET),2018,18,65-74,0
Entire Network (RSV-NET),2017,40,75-84,0
Entire Network (RSV-NET),2017,41,75-84,0
Entire Network (RSV-NET),2017,42,75-84,0.1
Entire Network (RSV-NET),2017,43,75-84,0.1
Entire Network (RSV-NET),2017,44,75-84,0.3
Entire Network (RSV-NET),2017,45,75-84,0.1
Entire Network (RSV-NET),2017,46,75-84,0
Entire Network (RSV-NET),2017,47,75-84,0.7
Entire Network (RSV-NET),2017,48,75-84,0.7
Entire Network (RSV-NET),2017,49,75-84,0.9
Entire Network (RSV-NET),2017,50,75-84,1.3
Entire Network (RSV-NET),2017,51,75-84,1.1
Entire Network (RSV-NET),2017,52,75-84,2.7
Entire Network (RSV-NET),2018,1,75-84,3.1
Entire Network (RSV-NET),2018,2,75-84,5.5
Entire Network (RSV-NET),2018,3,75-84,3.1
Entire Network (RSV-NET),2018,4,75-84,3.6
Entire Network (RSV-NET),2018,5,75-84,2.5
Entire Network (RSV-NET),2018,6,75-84,2.7
Entire Network (RSV-NET),2018,7,75-84,3.1
Entire Network (RSV-NET),2018,8,75-84,2.9
Entire Network (RSV-NET),2018,9,75-84,2.3
Entire Network (RSV-NET),2018,10,75-84,1.4
Entire Network (RSV-NET),2018,11,75-84,1.8
Entire Network (RSV-NET),2018,12,75-84,2
Entire Network (RSV-NET),2018,13,75-84,1.2
Entire Network (RSV-NET),2018,14,75-84,1.6
Entire Network (RSV-NET),2018,15,75-84,1.3
Entire Network (RSV-NET),2018,16,75-84,1
Entire Network (RSV-NET),2018,17,75-84,0.1
Entire Network (RSV-NET),2018,18,75-84,0
Entire Network (RSV-NET),2017,40,85+,0.4
Entire Network (RSV-NET),2017,41,85+,0.2
Entire Network (RSV-NET),2017,42,85+,0
Entire Network (RSV-NET),2017,43,85+,0
Entire Network (RSV-NET),2017,44,85+,0.4
Entire Network (RSV-NET),2017,45,85+,0.6
Entire Network (RSV-NET),2017,46,85+,0.4
Entire Network (RSV-NET),2017,47,85+,0.4
Entire Network (RSV-NET),2017,48,85+,0.8
Entire Network (RSV-NET),2017,49,85+,2.8
Entire Network (RSV-NET),2017,50,85+,2.9
Entire Network (RSV-NET),2017,51,85+,3.9
Entire Network (RSV-NET),2017,52,85+,6.3
Entire Network (RSV-NET),2018,1,85+,8.7
Entire Network (RSV-NET),2018,2,85+,7.3
Entire Network (RSV-NET),2018,3,85+,9.2
Entire Network (RSV-NET),2018,4,85+,6.9
Entire Network (RSV-NET),2018,5,85+,6.5
Entire Network (RSV-NET),2018,6,85+,5.1
Entire Network (RSV-NET),2018,7,85+,5.3
Entire Network (RSV-NET),2018,8,85+,5.3
Entire Network (RSV-NET),2018,9,85+,4.7
Entire Network (RSV-NET),2018,10,85+,4.5
Entire Network (RSV-NET),2018,11,85+,4.7
Entire Network (RSV-NET),2018,12,85+,4.1
Entire Network (RSV-NET),2018,13,85+,2.2
Entire Network (RSV-NET),2018,14,85+,1.6
Entire Network (RSV-NET),2018,15,85+,2
Entire Network (RSV-NET),2018,16,85+,1.2
Entire Network (RSV-NET),2018,17,85+,0.4
Entire Network (RSV-NET),2018,18,85+,0.2
Entire Network (RSV-NET),2017,40,18+,0
Entire Network (RSV-NET),2017,41,18+,0
Entire Network (RSV-NET),2017,42,18+,0.1
Entire Network (RSV-NET),2017,43,18+,0.1
Entire Network (RSV-NET),2017,44,18+,0.1
Entire Network (RSV-NET),2017,45,18+,0.1
Entire Network (RSV-NET),2017,46,18+,0.1
Entire Network (RSV-NET),2017,47,18+,0.1
Entire Network (RSV-NET),2017,48,18+,0.2
Entire Network (RSV-NET),2017,49,18+,0.3
Entire Network (RSV-NET),2017,50,18+,0.4
Entire Network (RSV-NET),2017,51,18+,0.4
Entire Network (RSV-NET),2017,52,18+,0.6
Entire Network (RSV-NET),2018,1,18+,1
Entire Network (RSV-NET),2018,2,18+,0.9
Entire Network (RSV-NET),2018,3,18+,0.8
Entire Network (RSV-NET),2018,4,18+,0.7
Entire Network (RSV-NET),2018,5,18+,0.7
Entire Network (RSV-NET),2018,6,18+,0.6
Entire Network (RSV-NET),2018,7,18+,0.6
Entire Network (RSV-NET),2018,8,18+,0.6
Entire Network (RSV-NET),2018,9,18+,0.5
Entire Network (RSV-NET),2018,10,18+,0.4
Entire Network (RSV-NET),2018,11,18+,0.4
Entire Network (RSV-NET),2018,12,18+,0.4
Entire Network (RSV-NET),2018,13,18+,0.2
Entire Network (RSV-NET),2018,14,18+,0.2
Entire Network (RSV-NET),2018,15,18+,0.2
Entire Network (RSV-NET),2018,16,18+,0.2
Entire Network (RSV-NET),2018,17,18+,0.1
Entire Network (RSV-NET),2018,18,18+,0
Entire Network (RSV-NET),2017,40,18-49,0
Entire Network (RSV-NET),2017,41,18-49,0
Entire Network (RSV-NET),2017,42,18-49,0
Entire Network (RSV-NET),2017,43,18-49,0
Entire Network (RSV-NET),2017,44,18-49,0
Entire Network (RSV-NET),2017,45,18-49,0
Entire Network (RSV-NET),2017,46,18-49,0
Entire Network (RSV-NET),2017,47,18-49,0.1
Entire Network (RSV-NET),2017,48,18-49,0.1
Entire Network (RSV-NET),2017,49,18-49,0
Entire Network (RSV-NET),2017,50,18-49,0
Entire Network (RSV-NET),2017,51,18-49,0.1
Entire Network (RSV-NET),2017,52,18-49,0.2
Entire Network (RSV-NET),2018,1,18-49,0.2
Entire Network (RSV-NET),2018,2,18-49,0.2
Entire Network (RSV-NET),2018,3,18-49,0.2
Entire Network (RSV-NET),2018,4,18-49,0.1
Entire Network (RSV-NET),2018,5,18-49,0.2
Entire Network (RSV-NET),2018,6,18-49,0.1
Entire Network (RSV-NET),2018,7,18-49,0.1
Entire Network (RSV-NET),2018,8,18-49,0.1
Entire Network (RSV-NET),2018,9,18-49,0.1
Entire Network (RSV-NET),2018,10,18-49,0
Entire Network (RSV-NET),2018,11,18-49,0.1
Entire Network (RSV-NET),2018,12,18-49,0
Entire Network (RSV-NET),2018,13,18-49,0
Entire Network (RSV-NET),2018,14,18-49,0
Entire Network (RSV-NET),2018,15,18-49,0
Entire Network (RSV-NET),2018,16,18-49,0
Entire Network (RSV-NET),2018,17,18-49,0
Entire Network (RSV-NET),2018,18,18-49,0
Entire Network (RSV-NET),2017,40,50-64,0
Entire Network (RSV-NET),2017,41,50-64,0
Entire Network (RSV-NET),2017,42,50-64,0.1
Entire Network (RSV-NET),2017,43,50-64,0.1
Entire Network (RSV-NET),2017,44,50-64,0.1
Entire Network (RSV-NET),2017,45,50-64,0.2
Entire Network (RSV-NET),2017,46,50-64,0.1
Entire Network (RSV-NET),2017,47,50-64,0.2
Entire Network (RSV-NET),2017,48,50-64,0.3
Entire Network (RSV-NET),2017,49,50-64,0.4
Entire Network (RSV-NET),2017,50,50-64,0.4
Entire Network (RSV-NET),2017,51,50-64,0.5
Entire Network (RSV-NET),2017,52,50-64,0.6
Entire Network (RSV-NET),2018,1,50-64,1
Entire Network (RSV-NET),2018,2,50-64,0.8
Entire Network (RSV-NET),2018,3,50-64,0.9
Entire Network (RSV-NET),2018,4,50-64,0.7
Entire Network (RSV-NET),2018,5,50-64,0.7
Entire Network (RSV-NET),2018,6,50-64,0.6
Entire Network (RSV-NET),2018,7,50-64,0.6
Entire Network (RSV-NET),2018,8,50-64,0.5
Entire Network (RSV-NET),2018,9,50-64,0.5
Entire Network (RSV-NET),2018,10,50-64,0.4
Entire Network (RSV-NET),2018,11,50-64,0.3
Entire Network (RSV-NET),2018,12,50-64,0.3
Entire Network (RSV-NET),2018,13,50-64,0.3
Entire Network (RSV-NET),2018,14,50-64,0.1
Entire Network (RSV-NET),2018,15,50-64,0.1
Entire Network (RSV-NET),2018,16,50-64,0.1
Entire Network (RSV-NET),2018,17,50-64,0.1
Entire Network (RSV-NET),2018,18,50-64,0
Entire Network (RSV-NET),2017,40,65+,0
Entire Network (RSV-NET),2017,41,65+,0.1
Entire Network (RSV-NET),2017,42,65+,0.2
Entire Network (RSV-NET),2017,43,65+,0
Entire Network (RSV-NET),2017,44,65+,0.2
Entire Network (RSV-NET),2017,45,65+,0.2
Entire Network (RSV-NET),2017,46,65+,0.2
Entire Network (RSV-NET),2017,47,65+,0.3
Entire Network (RSV-NET),2017,48,65+,0.7
Entire Network (RSV-NET),2017,49,65+,1
Entire Network (RSV-NET),2017,50,65+,1.4
Entire Network (RSV-NET),2017,51,65+,1.3
Entire Network (RSV-NET),2017,52,65+,2
Entire Network (RSV-NET),2018,1,65+,3.2
Entire Network (RSV-NET),2018,2,65+,3.4
Entire Network (RSV-NET),2018,3,65+,2.9
Entire Network (RSV-NET),2018,4,65+,2.6
Entire Network (RSV-NET),2018,5,65+,2.5
Entire Network (RSV-NET),2018,6,65+,2.2
Entire Network (RSV-NET),2018,7,65+,2.3
Entire Network (RSV-NET),2018,8,65+,2.2
Entire Network (RSV-NET),2018,9,65+,1.8
Entire Network (RSV-NET),2018,10,65+,1.5
Entire Network (RSV-NET),2018,11,65+,1.8
Entire Network (RSV-NET),2018,12,65+,1.4
Entire Network (RSV-NET),2018,13,65+,0.7
Entire Network (RSV-NET),2018,14,65+,0.7
Entire Network (RSV-NET),2018,15,65+,0.7
Entire Network (RSV-NET),2018,16,65+,0.7
Entire Network (RSV-NET),2018,17,65+,0.2
Entire Network (RSV-NET),2018,18,65+,0
Entire Network (RSV-NET),2018,40,0-0.5,5.9
Entire Network (RSV-NET),2018,41,0-0.5,7.7
Entire Network (RSV-NET),2018,42,0-0.5,14.8
Entire Network (RSV-NET),2018,43,0-0.5,13
Entire Network (RSV-NET),2018,44,0-0.5,11.2
Entire Network (RSV-NET),2018,45,0-0.5,22.5
Entire Network (RSV-NET),2018,46,0-0.5,29
Entire Network (RSV-NET),2018,47,0-0.5,30.8
Entire Network (RSV-NET),2018,48,0-0.5,56.8
Entire Network (RSV-NET),2018,49,0-0.5,45.6
Entire Network (RSV-NET),2018,50,0-0.5,65.1
Entire Network (RSV-NET),2018,51,0-0.5,68.6
Entire Network (RSV-NET),2018,52,0-0.5,88.2
Entire Network (RSV-NET),2019,1,0-0.5,81.1
Entire Network (RSV-NET),2019,2,0-0.5,83.4
Entire Network (RSV-NET),2019,3,0-0.5,58
Entire Network (RSV-NET),2019,4,0-0.5,57.4
Entire Network (RSV-NET),2019,5,0-0.5,68.1
Entire Network (RSV-NET),2019,6,0-0.5,53.3
Entire Network (RSV-NET),2019,7,0-0.5,47.9
Entire Network (RSV-NET),2019,8,0-0.5,42
Entire Network (RSV-NET),2019,9,0-0.5,39.6
Entire Network (RSV-NET),2019,10,0-0.5,34.3
Entire Network (RSV-NET),2019,11,0-0.5,24.9
Entire Network (RSV-NET),2019,12,0-0.5,25.4
Entire Network (RSV-NET),2019,13,0-0.5,16.6
Entire Network (RSV-NET),2019,14,0-0.5,19.5
Entire Network (RSV-NET),2019,15,0-0.5,16
Entire Network (RSV-NET),2019,16,0-0.5,7.1
Entire Network (RSV-NET),2019,17,0-0.5,5.3
Entire Network (RSV-NET),2019,18,0-0.5,4.1
Entire Network (RSV-NET),2018,40,1-2,1.8
Entire Network (RSV-NET),2018,41,1-2,2.9
Entire Network (RSV-NET),2018,42,1-2,3.8
Entire Network (RSV-NET),2018,43,1-2,4.1
Entire Network (RSV-NET),2018,44,1-2,5
Entire Network (RSV-NET),2018,45,1-2,6.2
Entire Network (RSV-NET),2018,46,1-2,3.8
Entire Network (RSV-NET),2018,47,1-2,8
Entire Network (RSV-NET),2018,48,1-2,10.9
Entire Network (RSV-NET),2018,49,1-2,11.5
Entire Network (RSV-NET),2018,50,1-2,14.5
Entire Network (RSV-NET),2018,51,1-2,16.2
Entire Network (RSV-NET),2018,52,1-2,18.3
Entire Network (RSV-NET),2019,1,1-2,13
Entire Network (RSV-NET),2019,2,1-2,13.6
Entire Network (RSV-NET),2019,3,1-2,16.5
Entire Network (RSV-NET),2019,4,1-2,15
Entire Network (RSV-NET),2019,5,1-2,12.1
Entire Network (RSV-NET),2019,6,1-2,16.5
Entire Network (RSV-NET),2019,7,1-2,11.5
Entire Network (RSV-NET),2019,8,1-2,11.5
Entire Network (RSV-NET),2019,9,1-2,8.6
Entire Network (RSV-NET),2019,10,1-2,6.8
Entire Network (RSV-NET),2019,11,1-2,6.5
Entire Network (RSV-NET),2019,12,1-2,5.6
Entire Network (RSV-NET),2019,13,1-2,3.2
Entire Network (RSV-NET),2019,14,1-2,2.9
Entire Network (RSV-NET),2019,15,1-2,2.9
Entire Network (RSV-NET),2019,16,1-2,3.8
Entire Network (RSV-NET),2019,17,1-2,1.5
Entire Network (RSV-NET),2019,18,1-2,0.6
Entire Network (RSV-NET),2018,40,12-17,0
Entire Network (RSV-NET),2018,41,12-17,0
Entire Network (RSV-NET),2018,42,12-17,0
Entire Network (RSV-NET),2018,43,12-17,0
Entire Network (RSV-NET),2018,44,12-17,0.1
Entire Network (RSV-NET),2018,45,12-17,0
Entire Network (RSV-NET),2018,46,12-17,0.1
Entire Network (RSV-NET),2018,47,12-17,0.1
Entire Network (RSV-NET),2018,48,12-17,0
Entire Network (RSV-NET),2018,49,12-17,0.1
Entire Network (RSV-NET),2018,50,12-17,0
Entire Network (RSV-NET),2018,51,12-17,0.1
Entire Network (RSV-NET),2018,52,12-17,0
Entire Network (RSV-NET),2019,1,12-17,0.2
Entire Network (RSV-NET),2019,2,12-17,0.1
Entire Network (RSV-NET),2019,3,12-17,0.1
Entire Network (RSV-NET),2019,4,12-17,0
Entire Network (RSV-NET),2019,5,12-17,0.1
Entire Network (RSV-NET),2019,6,12-17,0.2
Entire Network (RSV-NET),2019,7,12-17,0
Entire Network (RSV-NET),2019,8,12-17,0.1
Entire Network (RSV-NET),2019,9,12-17,0.3
Entire Network (RSV-NET),2019,10,12-17,0.2
Entire Network (RSV-NET),2019,11,12-17,0
Entire Network (RSV-NET),2019,12,12-17,0
Entire Network (RSV-NET),2019,13,12-17,0
Entire Network (RSV-NET),2019,14,12-17,0
Entire Network (RSV-NET),2019,15,12-17,0
Entire Network (RSV-NET),2019,16,12-17,0
Entire Network (RSV-NET),2019,17,12-17,0
Entire Network (RSV-NET),2019,18,12-17,0
Entire Network (RSV-NET),2018,40,18-29,0
Entire Network (RSV-NET),2018,41,18-29,0.1
Entire Network (RSV-NET),2018,42,18-29,0
Entire Network (RSV-NET),2018,43,18-29,0
Entire Network (RSV-NET),2018,44,18-29,0
Entire Network (RSV-NET),2018,45,18-29,0.1
Entire Network (RSV-NET),2018,46,18-29,0
Entire Network (RSV-NET),2018,47,18-29,0
Entire Network (RSV-NET),2018,48,18-29,0
Entire Network (RSV-NET),2018,49,18-29,0.1
Entire Network (RSV-NET),2018,50,18-29,0.1
Entire Network (RSV-NET),2018,51,18-29,0
Entire Network (RSV-NET),2018,52,18-29,0
Entire Network (RSV-NET),2019,1,18-29,0.2
Entire Network (RSV-NET),2019,2,18-29,0.1
Entire Network (RSV-NET),2019,3,18-29,0.1
Entire Network (RSV-NET),2019,4,18-29,0
Entire Network (RSV-NET),2019,5,18-29,0.1
Entire Network (RSV-NET),2019,6,18-29,0
Entire Network (RSV-NET),2019,7,18-29,0.1
Entire Network (RSV-NET),2019,8,18-29,0.1
Entire Network (RSV-NET),2019,9,18-29,0.1
Entire Network (RSV-NET),2019,10,18-29,0.1
Entire Network (RSV-NET),2019,11,18-29,0
Entire Network (RSV-NET),2019,12,18-29,0
Entire Network (RSV-NET),2019,13,18-29,0
Entire Network (RSV-NET),2019,14,18-29,0
Entire Network (RSV-NET),2019,15,18-29,0
Entire Network (RSV-NET),2019,16,18-29,0
Entire Network (RSV-NET),2019,17,18-29,0
Entire Network (RSV-NET),2019,18,18-29,0
Entire Network (RSV-NET),2018,40,2-4,0.2
Entire Network (RSV-NET),2018,41,2-4,0.7
Entire Network (RSV-NET),2018,42,2-4,0.5
Entire Network (RSV-NET),2018,43,2-4,1.4
Entire Network (RSV-NET),2018,44,2-4,1.1
Entire Network (RSV-NET),2018,45,2-4,2.3
Entire Network (RSV-NET),2018,46,2-4,3
Entire Network (RSV-NET),2018,47,2-4,2.1
Entire Network (RSV-NET),2018,48,2-4,2.2
Entire Network (RSV-NET),2018,49,2-4,2.5
Entire Network (RSV-NET),2018,50,2-4,4.1
Entire Network (RSV-NET),2018,51,2-4,3.6
Entire Network (RSV-NET),2018,52,2-4,5
Entire Network (RSV-NET),2019,1,2-4,4.2
Entire Network (RSV-NET),2019,2,2-4,3.9
Entire Network (RSV-NET),2019,3,2-4,3.7
Entire Network (RSV-NET),2019,4,2-4,4
Entire Network (RSV-NET),2019,5,2-4,4.3
Entire Network (RSV-NET),2019,6,2-4,4.3
Entire Network (RSV-NET),2019,7,2-4,2.9
Entire Network (RSV-NET),2019,8,2-4,3.6
Entire Network (RSV-NET),2019,9,2-4,2.6
Entire Network (RSV-NET),2019,10,2-4,1.6
Entire Network (RSV-NET),2019,11,2-4,2.2
Entire Network (RSV-NET),2019,12,2-4,1.2
Entire Network (RSV-NET),2019,13,2-4,1.4
Entire Network (RSV-NET),2019,14,2-4,1
Entire Network (RSV-NET),2019,15,2-4,0.4
Entire Network (RSV-NET),2019,16,2-4,0.6
Entire Network (RSV-NET),2019,17,2-4,0.2
Entire Network (RSV-NET),2019,18,2-4,0.2
Entire Network (RSV-NET),2018,40,30-39,0
Entire Network (RSV-NET),2018,41,30-39,0
Entire Network (RSV-NET),2018,42,30-39,0
Entire Network (RSV-NET),2018,43,30-39,0
Entire Network (RSV-NET),2018,44,30-39,0
Entire Network (RSV-NET),2018,45,30-39,0.1
Entire Network (RSV-NET),2018,46,30-39,0
Entire Network (RSV-NET),2018,47,30-39,0
Entire Network (RSV-NET),2018,48,30-39,0
Entire Network (RSV-NET),2018,49,30-39,0.1
Entire Network (RSV-NET),2018,50,30-39,0.1
Entire Network (RSV-NET),2018,51,30-39,0.1
Entire Network (RSV-NET),2018,52,30-39,0.1
Entire Network (RSV-NET),2019,1,30-39,0.3
Entire Network (RSV-NET),2019,2,30-39,0.1
Entire Network (RSV-NET),2019,3,30-39,0.2
Entire Network (RSV-NET),2019,4,30-39,0.1
Entire Network (RSV-NET),2019,5,30-39,0
Entire Network (RSV-NET),2019,6,30-39,0.1
Entire Network (RSV-NET),2019,7,30-39,0.2
Entire Network (RSV-NET),2019,8,30-39,0.2
Entire Network (RSV-NET),2019,9,30-39,0.2
Entire Network (RSV-NET),2019,10,30-39,0.1
Entire Network (RSV-NET),2019,11,30-39,0.1
Entire Network (RSV-NET),2019,12,30-39,0
Entire Network (RSV-NET),2019,13,30-39,0
Entire Network (RSV-NET),2019,14,30-39,0.1
Entire Network (RSV-NET),2019,15,30-39,0
Entire Network (RSV-NET),2019,16,30-39,0
Entire Network (RSV-NET),2019,17,30-39,0
Entire Network (RSV-NET),2019,18,30-39,0
Entire Network (RSV-NET),2018,40,40-49,0
Entire Network (RSV-NET),2018,41,40-49,0
Entire Network (RSV-NET),2018,42,40-49,0
Entire Network (RSV-NET),2018,43,40-49,0
Entire Network (RSV-NET),2018,44,40-49,0.1
Entire Network (RSV-NET),2018,45,40-49,0.1
Entire Network (RSV-NET),2018,46,40-49,0.1
Entire Network (RSV-NET),2018,47,40-49,0
Entire Network (RSV-NET),2018,48,40-49,0.1
Entire Network (RSV-NET),2018,49,40-49,0
Entire Network (RSV-NET),2018,50,40-49,0.2
Entire Network (RSV-NET),2018,51,40-49,0.2
Entire Network (RSV-NET),2018,52,40-49,0.2
Entire Network (RSV-NET),2019,1,40-49,0.3
Entire Network (RSV-NET),2019,2,40-49,0.3
Entire Network (RSV-NET),2019,3,40-49,0.2
Entire Network (RSV-NET),2019,4,40-49,0.2
Entire Network (RSV-NET),2019,5,40-49,0.4
Entire Network (RSV-NET),2019,6,40-49,0.3
Entire Network (RSV-NET),2019,7,40-49,0.3
Entire Network (RSV-NET),2019,8,40-49,0.2
Entire Network (RSV-NET),2019,9,40-49,0.1
Entire Network (RSV-NET),2019,10,40-49,0.2
Entire Network (RSV-NET),2019,11,40-49,0.2
Entire Network (RSV-NET),2019,12,40-49,0.1
Entire Network (RSV-NET),2019,13,40-49,0.1
Entire Network (RSV-NET),2019,14,40-49,0.1
Entire Network (RSV-NET),2019,15,40-49,0
Entire Network (RSV-NET),2019,16,40-49,0.1
Entire Network (RSV-NET),2019,17,40-49,0
Entire Network (RSV-NET),2019,18,40-49,0
Entire Network (RSV-NET),2018,40,5-11,0.1
Entire Network (RSV-NET),2018,41,5-11,0.2
Entire Network (RSV-NET),2018,42,5-11,0.2
Entire Network (RSV-NET),2018,43,5-11,0
Entire Network (RSV-NET),2018,44,5-11,0.1
Entire Network (RSV-NET),2018,45,5-11,0.3
Entire Network (RSV-NET),2018,46,5-11,0.1
Entire Network (RSV-NET),2018,47,5-11,0.2
Entire Network (RSV-NET),2018,48,5-11,0.3
Entire Network (RSV-NET),2018,49,5-11,0.4
Entire Network (RSV-NET),2018,50,5-11,0.3
Entire Network (RSV-NET),2018,51,5-11,0.7
Entire Network (RSV-NET),2018,52,5-11,0.3
Entire Network (RSV-NET),2019,1,5-11,0.4
Entire Network (RSV-NET),2019,2,5-11,0.4
Entire Network (RSV-NET),2019,3,5-11,0.5
Entire Network (RSV-NET),2019,4,5-11,0.5
Entire Network (RSV-NET),2019,5,5-11,0.5
Entire Network (RSV-NET),2019,6,5-11,0.5
Entire Network (RSV-NET),2019,7,5-11,0.4
Entire Network (RSV-NET),2019,8,5-11,0.5
Entire Network (RSV-NET),2019,9,5-11,0.3
Entire Network (RSV-NET),2019,10,5-11,0.2
Entire Network (RSV-NET),2019,11,5-11,0.2
Entire Network (RSV-NET),2019,12,5-11,0.2
Entire Network (RSV-NET),2019,13,5-11,0
Entire Network (RSV-NET),2019,14,5-11,0.1
Entire Network (RSV-NET),2019,15,5-11,0
Entire Network (RSV-NET),2019,16,5-11,0.1
Entire Network (RSV-NET),2019,17,5-11,0
Entire Network (RSV-NET),2019,18,5-11,0
Entire Network (RSV-NET),2018,40,0.5-1,4.1
Entire Network (RSV-NET),2018,41,0.5-1,4.7
Entire Network (RSV-NET),2018,42,0.5-1,3
Entire Network (RSV-NET),2018,43,0.5-1,7.1
Entire Network (RSV-NET),2018,44,0.5-1,5.3
Entire Network (RSV-NET),2018,45,0.5-1,9.5
Entire Network (RSV-NET),2018,46,0.5-1,13.6
Entire Network (RSV-NET),2018,47,0.5-1,7.1
Entire Network (RSV-NET),2018,48,0.5-1,17.2
Entire Network (RSV-NET),2018,49,0.5-1,19.5
Entire Network (RSV-NET),2018,50,0.5-1,23.1
Entire Network (RSV-NET),2018,51,0.5-1,29.6
Entire Network (RSV-NET),2018,52,0.5-1,25.4
Entire Network (RSV-NET),2019,1,0.5-1,31.4
Entire Network (RSV-NET),2019,2,0.5-1,23.1
Entire Network (RSV-NET),2019,3,0.5-1,17.8
Entire Network (RSV-NET),2019,4,0.5-1,17.2
Entire Network (RSV-NET),2019,5,0.5-1,29.6
Entire Network (RSV-NET),2019,6,0.5-1,26
Entire Network (RSV-NET),2019,7,0.5-1,18.9
Entire Network (RSV-NET),2019,8,0.5-1,21.9
Entire Network (RSV-NET),2019,9,0.5-1,17.8
Entire Network (RSV-NET),2019,10,0.5-1,11.8
Entire Network (RSV-NET),2019,11,0.5-1,8.3
Entire Network (RSV-NET),2019,12,0.5-1,16.6
Entire Network (RSV-NET),2019,13,0.5-1,6.5
Entire Network (RSV-NET),2019,14,0.5-1,5.9
Entire Network (RSV-NET),2019,15,0.5-1,4.7
Entire Network (RSV-NET),2019,16,0.5-1,5.3
Entire Network (RSV-NET),2019,17,0.5-1,2.4
Entire Network (RSV-NET),2019,18,0.5-1,1.8
Entire Network (RSV-NET),2018,40,65-74,0
Entire Network (RSV-NET),2018,41,65-74,0
Entire Network (RSV-NET),2018,42,65-74,0.2
Entire Network (RSV-NET),2018,43,65-74,0.2
Entire Network (RSV-NET),2018,44,65-74,0
Entire Network (RSV-NET),2018,45,65-74,0.3
Entire Network (RSV-NET),2018,46,65-74,0.2
Entire Network (RSV-NET),2018,47,65-74,0.3
Entire Network (RSV-NET),2018,48,65-74,0.7
Entire Network (RSV-NET),2018,49,65-74,0.5
Entire Network (RSV-NET),2018,50,65-74,0.8
Entire Network (RSV-NET),2018,51,65-74,1.1
Entire Network (RSV-NET),2018,52,65-74,1.5
Entire Network (RSV-NET),2019,1,65-74,1.8
Entire Network (RSV-NET),2019,2,65-74,1.6
Entire Network (RSV-NET),2019,3,65-74,1.5
Entire Network (RSV-NET),2019,4,65-74,1.2
Entire Network (RSV-NET),2019,5,65-74,1.2
Entire Network (RSV-NET),2019,6,65-74,1.3
Entire Network (RSV-NET),2019,7,65-74,1.7
Entire Network (RSV-NET),2019,8,65-74,1.2
Entire Network (RSV-NET),2019,9,65-74,1.3
Entire Network (RSV-NET),2019,10,65-74,0.9
Entire Network (RSV-NET),2019,11,65-74,0.8
Entire Network (RSV-NET),2019,12,65-74,0.9
Entire Network (RSV-NET),2019,13,65-74,0.4
Entire Network (RSV-NET),2019,14,65-74,0.5
Entire Network (RSV-NET),2019,15,65-74,0.4
Entire Network (RSV-NET),2019,16,65-74,0.2
Entire Network (RSV-NET),2019,17,65-74,0.1
Entire Network (RSV-NET),2019,18,65-74,0
Entire Network (RSV-NET),2018,40,75-84,0
Entire Network (RSV-NET),2018,41,75-84,0.2
Entire Network (RSV-NET),2018,42,75-84,0.2
Entire Network (RSV-NET),2018,43,75-84,0.2
Entire Network (RSV-NET),2018,44,75-84,0.5
Entire Network (RSV-NET),2018,45,75-84,0.2
Entire Network (RSV-NET),2018,46,75-84,0.3
Entire Network (RSV-NET),2018,47,75-84,0.3
Entire Network (RSV-NET),2018,48,75-84,1.6
Entire Network (RSV-NET),2018,49,75-84,0.5
Entire Network (RSV-NET),2018,50,75-84,0.9
Entire Network (RSV-NET),2018,51,75-84,1.7
Entire Network (RSV-NET),2018,52,75-84,3
Entire Network (RSV-NET),2019,1,75-84,4.6
Entire Network (RSV-NET),2019,2,75-84,4.2
Entire Network (RSV-NET),2019,3,75-84,2.7
Entire Network (RSV-NET),2019,4,75-84,2.3
Entire Network (RSV-NET),2019,5,75-84,3
Entire Network (RSV-NET),2019,6,75-84,2.7
Entire Network (RSV-NET),2019,7,75-84,2.8
Entire Network (RSV-NET),2019,8,75-84,2.4
Entire Network (RSV-NET),2019,9,75-84,2.6
Entire Network (RSV-NET),2019,10,75-84,1.2
Entire Network (RSV-NET),2019,11,75-84,1.4
Entire Network (RSV-NET),2019,12,75-84,1.7
Entire Network (RSV-NET),2019,13,75-84,1.6
Entire Network (RSV-NET),2019,14,75-84,1.5
Entire Network (RSV-NET),2019,15,75-84,0.7
Entire Network (RSV-NET),2019,16,75-84,0.9
Entire Network (RSV-NET),2019,17,75-84,0.3
Entire Network (RSV-NET),2019,18,75-84,0
Entire Network (RSV-NET),2018,40,85+,0
Entire Network (RSV-NET),2018,41,85+,0.2
Entire Network (RSV-NET),2018,42,85+,0.4
Entire Network (RSV-NET),2018,43,85+,0.4
Entire Network (RSV-NET),2018,44,85+,0.6
Entire Network (RSV-NET),2018,45,85+,0.2
Entire Network (RSV-NET),2018,46,85+,0.8
Entire Network (RSV-NET),2018,47,85+,1
Entire Network (RSV-NET),2018,48,85+,2.3
Entire Network (RSV-NET),2018,49,85+,2.5
Entire Network (RSV-NET),2018,50,85+,2.5
Entire Network (RSV-NET),2018,51,85+,4.3
Entire Network (RSV-NET),2018,52,85+,4.9
Entire Network (RSV-NET),2019,1,85+,7.8
Entire Network (RSV-NET),2019,2,85+,7.4
Entire Network (RSV-NET),2019,3,85+,4.1
Entire Network (RSV-NET),2019,4,85+,6.8
Entire Network (RSV-NET),2019,5,85+,4.7
Entire Network (RSV-NET),2019,6,85+,4.9
Entire Network (RSV-NET),2019,7,85+,5.1
Entire Network (RSV-NET),2019,8,85+,6.2
Entire Network (RSV-NET),2019,9,85+,5.1
Entire Network (RSV-NET),2019,10,85+,5.1
Entire Network (RSV-NET),2019,11,85+,3.7
Entire Network (RSV-NET),2019,12,85+,4.5
Entire Network (RSV-NET),2019,13,85+,3.9
Entire Network (RSV-NET),2019,14,85+,2.3
Entire Network (RSV-NET),2019,15,85+,1.2
Entire Network (RSV-NET),2019,16,85+,0.8
Entire Network (RSV-NET),2019,17,85+,0.6
Entire Network (RSV-NET),2019,18,85+,0.8
Entire Network (RSV-NET),2018,40,0-17,0.4
Entire Network (RSV-NET),2018,41,0-17,0.7
Entire Network (RSV-NET),2018,42,0-17,0.8
Entire Network (RSV-NET),2018,43,0-17,1
Entire Network (RSV-NET),2018,44,0-17,1
Entire Network (RSV-NET),2018,45,0-17,1.7
Entire Network (RSV-NET),2018,46,0-17,1.9
Entire Network (RSV-NET),2018,47,0-17,1.9
Entire Network (RSV-NET),2018,48,0-17,3
Entire Network (RSV-NET),2018,49,0-17,2.9
Entire Network (RSV-NET),2018,50,0-17,3.9
Entire Network (RSV-NET),2018,51,0-17,4.3
Entire Network (RSV-NET),2018,52,0-17,4.9
Entire Network (RSV-NET),2019,1,0-17,4.6
Entire Network (RSV-NET),2019,2,0-17,4.3
Entire Network (RSV-NET),2019,3,0-17,3.7
Entire Network (RSV-NET),2019,4,0-17,3.6
Entire Network (RSV-NET),2019,5,0-17,4.1
Entire Network (RSV-NET),2019,6,0-17,3.9
Entire Network (RSV-NET),2019,7,0-17,3
Entire Network (RSV-NET),2019,8,0-17,3.1
Entire Network (RSV-NET),2019,9,0-17,2.6
Entire Network (RSV-NET),2019,10,0-17,2
Entire Network (RSV-NET),2019,11,0-17,1.7
Entire Network (RSV-NET),2019,12,0-17,1.7
Entire Network (RSV-NET),2019,13,0-17,1
Entire Network (RSV-NET),2019,14,0-17,1
Entire Network (RSV-NET),2019,15,0-17,0.8
Entire Network (RSV-NET),2019,16,0-17,0.7
Entire Network (RSV-NET),2019,17,0-17,0.3
Entire Network (RSV-NET),2019,18,0-17,0.2
Entire Network (RSV-NET),2018,40,0-4,1.4
Entire Network (RSV-NET),2018,41,0-4,2.2
Entire Network (RSV-NET),2018,42,0-4,2.8
Entire Network (RSV-NET),2018,43,0-4,3.6
Entire Network (RSV-NET),2018,44,0-4,3.3
Entire Network (RSV-NET),2018,45,0-4,5.7
Entire Network (RSV-NET),2018,46,0-4,6.7
Entire Network (RSV-NET),2018,47,0-4,6.5
Entire Network (RSV-NET),2018,48,0-4,10.7
Entire Network (RSV-NET),2018,49,0-4,10.1
Entire Network (RSV-NET),2018,50,0-4,14
Entire Network (RSV-NET),2018,51,0-4,15
Entire Network (RSV-NET),2018,52,0-4,17.8
Entire Network (RSV-NET),2019,1,0-4,16.1
Entire Network (RSV-NET),2019,2,0-4,15.5
Entire Network (RSV-NET),2019,3,0-4,12.9
Entire Network (RSV-NET),2019,4,0-4,12.7
Entire Network (RSV-NET),2019,5,0-4,14.5
Entire Network (RSV-NET),2019,6,0-4,13.6
Entire Network (RSV-NET),2019,7,0-4,10.5
Entire Network (RSV-NET),2019,8,0-4,10.7
Entire Network (RSV-NET),2019,9,0-4,8.9
Entire Network (RSV-NET),2019,10,0-4,6.8
Entire Network (RSV-NET),2019,11,0-4,5.8
Entire Network (RSV-NET),2019,12,0-4,6
Entire Network (RSV-NET),2019,13,0-4,3.8
Entire Network (RSV-NET),2019,14,0-4,3.6
Entire Network (RSV-NET),2019,15,0-4,2.8
Entire Network (RSV-NET),2019,16,0-4,2.3
Entire Network (RSV-NET),2019,17,0-4,1.2
Entire Network (RSV-NET),2019,18,0-4,0.8
Entire Network (RSV-NET),2018,40,18+,0
Entire Network (RSV-NET),2018,41,18+,0
Entire Network (RSV-NET),2018,42,18+,0.1
Entire Network (RSV-NET),2018,43,18+,0.1
Entire Network (RSV-NET),2018,44,18+,0.1
Entire Network (RSV-NET),2018,45,18+,0.1
Entire Network (RSV-NET),2018,46,18+,0.1
Entire Network (RSV-NET),2018,47,18+,0.1
Entire Network (RSV-NET),2018,48,18+,0.3
Entire Network (RSV-NET),2018,49,18+,0.3
Entire Network (RSV-NET),2018,50,18+,0.3
Entire Network (RSV-NET),2018,51,18+,0.5
Entire Network (RSV-NET),2018,52,18+,0.7
Entire Network (RSV-NET),2019,1,18+,0.9
Entire Network (RSV-NET),2019,2,18+,0.9
Entire Network (RSV-NET),2019,3,18+,0.6
Entire Network (RSV-NET),2019,4,18+,0.6
Entire Network (RSV-NET),2019,5,18+,0.6
Entire Network (RSV-NET),2019,6,18+,0.6
Entire Network (RSV-NET),2019,7,18+,0.7
Entire Network (RSV-NET),2019,8,18+,0.6
Entire Network (RSV-NET),2019,9,18+,0.6
Entire Network (RSV-NET),2019,10,18+,0.5
Entire Network (RSV-NET),2019,11,18+,0.4
Entire Network (RSV-NET),2019,12,18+,0.4
Entire Network (RSV-NET),2019,13,18+,0.3
Entire Network (RSV-NET),2019,14,18+,0.3
Entire Network (RSV-NET),2019,15,18+,0.2
Entire Network (RSV-NET),2019,16,18+,0.1
Entire Network (RSV-NET),2019,17,18+,0.1
Entire Network (RSV-NET),2019,18,18+,0
Entire Network (RSV-NET),2018,40,18-49,0
Entire Network (RSV-NET),2018,41,18-49,0
Entire Network (RSV-NET),2018,42,18-49,0
Entire Network (RSV-NET),2018,43,18-49,0
Entire Network (RSV-NET),2018,44,18-49,0
Entire Network (RSV-NET),2018,45,18-49,0.1
Entire Network (RSV-NET),2018,46,18-49,0.1
Entire Network (RSV-NET),2018,47,18-49,0
Entire Network (RSV-NET),2018,48,18-49,0
Entire Network (RSV-NET),2018,49,18-49,0.1
Entire Network (RSV-NET),2018,50,18-49,0.1
Entire Network (RSV-NET),2018,51,18-49,0.1
Entire Network (RSV-NET),2018,52,18-49,0.1
Entire Network (RSV-NET),2019,1,18-49,0.2
Entire Network (RSV-NET),2019,2,18-49,0.2
Entire Network (RSV-NET),2019,3,18-49,0.2
Entire Network (RSV-NET),2019,4,18-49,0.1
Entire Network (RSV-NET),2019,5,18-49,0.1
Entire Network (RSV-NET),2019,6,18-49,0.1
Entire Network (RSV-NET),2019,7,18-49,0.2
Entire Network (RSV-NET),2019,8,18-49,0.1
Entire Network (RSV-NET),2019,9,18-49,0.1
Entire Network (RSV-NET),2019,10,18-49,0.1
Entire Network (RSV-NET),2019,11,18-49,0.1
Entire Network (RSV-NET),2019,12,18-49,0.1
Entire Network (RSV-NET),2019,13,18-49,0
Entire Network (RSV-NET),2019,14,18-49,0.1
Entire Network (RSV-NET),2019,15,18-49,0
Entire Network (RSV-NET),2019,16,18-49,0
Entire Network (RSV-NET),2019,17,18-49,0
Entire Network (RSV-NET),2019,18,18-49,0
Entire Network (RSV-NET),2018,40,5-17,0
Entire Network (RSV-NET),2018,41,5-17,0.1
Entire Network (RSV-NET),2018,42,5-17,0.1
Entire Network (RSV-NET),2018,43,5-17,0
Entire Network (RSV-NET),2018,44,5-17,0.1
Entire Network (RSV-NET),2018,45,5-17,0.2
Entire Network (RSV-NET),2018,46,5-17,0.1
Entire Network (RSV-NET),2018,47,5-17,0.2
Entire Network (RSV-NET),2018,48,5-17,0.2
Entire Network (RSV-NET),2018,49,5-17,0.2
Entire Network (RSV-NET),2018,50,5-17,0.2
Entire Network (RSV-NET),2018,51,5-17,0.4
Entire Network (RSV-NET),2018,52,5-17,0.2
Entire Network (RSV-NET),2019,1,5-17,0.3
Entire Network (RSV-NET),2019,2,5-17,0.3
Entire Network (RSV-NET),2019,3,5-17,0.3
Entire Network (RSV-NET),2019,4,5-17,0.3
Entire Network (RSV-NET),2019,5,5-17,0.3
Entire Network (RSV-NET),2019,6,5-17,0.3
Entire Network (RSV-NET),2019,7,5-17,0.2
Entire Network (RSV-NET),2019,8,5-17,0.3
Entire Network (RSV-NET),2019,9,5-17,0.3
Entire Network (RSV-NET),2019,10,5-17,0.2
Entire Network (RSV-NET),2019,11,5-17,0.1
Entire Network (RSV-NET),2019,12,5-17,0.1
Entire Network (RSV-NET),2019,13,5-17,0
Entire Network (RSV-NET),2019,14,5-17,0
Entire Network (RSV-NET),2019,15,5-17,0
Entire Network (RSV-NET),2019,16,5-17,0.1
Entire Network (RSV-NET),2019,17,5-17,0
Entire Network (RSV-NET),2019,18,5-17,0
Entire Network (RSV-NET),2018,40,50-64,0
Entire Network (RSV-NET),2018,41,50-64,0.1
Entire Network (RSV-NET),2018,42,50-64,0
Entire Network (RSV-NET),2018,43,50-64,0.1
Entire Network (RSV-NET),2018,44,50-64,0.1
Entire Network (RSV-NET),2018,45,50-64,0.1
Entire Network (RSV-NET),2018,46,50-64,0.1
Entire Network (RSV-NET),2018,47,50-64,0.2
Entire Network (RSV-NET),2018,48,50-64,0.4
Entire Network (RSV-NET),2018,49,50-64,0.5
Entire Network (RSV-NET),2018,50,50-64,0.2
Entire Network (RSV-NET),2018,51,50-64,0.5
Entire Network (RSV-NET),2018,52,50-64,0.8
Entire Network (RSV-NET),2019,1,50-64,0.8
Entire Network (RSV-NET),2019,2,50-64,1.1
Entire Network (RSV-NET),2019,3,50-64,0.5
Entire Network (RSV-NET),2019,4,50-64,0.6
Entire Network (RSV-NET),2019,5,50-64,0.6
Entire Network (RSV-NET),2019,6,50-64,0.5
Entire Network (RSV-NET),2019,7,50-64,0.4
Entire Network (RSV-NET),2019,8,50-64,0.6
Entire Network (RSV-NET),2019,9,50-64,0.6
Entire Network (RSV-NET),2019,10,50-64,0.4
Entire Network (RSV-NET),2019,11,50-64,0.4
Entire Network (RSV-NET),2019,12,50-64,0.3
Entire Network (RSV-NET),2019,13,50-64,0.2
Entire Network (RSV-NET),2019,14,50-64,0.2
Entire Network (RSV-NET),2019,15,50-64,0.3
Entire Network (RSV-NET),2019,16,50-64,0.1
Entire Network (RSV-NET),2019,17,50-64,0.1
Entire Network (RSV-NET),2019,18,50-64,0
Entire Network (RSV-NET),2018,40,65+,0
Entire Network (RSV-NET),2018,41,65+,0.1
Entire Network (RSV-NET),2018,42,65+,0.2
Entire Network (RSV-NET),2018,43,65+,0.3
Entire Network (RSV-NET),2018,44,65+,0.2
Entire Network (RSV-NET),2018,45,65+,0.3
Entire Network (RSV-NET),2018,46,65+,0.3
Entire Network (RSV-NET),2018,47,65+,0.4
Entire Network (RSV-NET),2018,48,65+,1.1
Entire Network (RSV-NET),2018,49,65+,0.7
Entire Network (RSV-NET),2018,50,65+,1.1
Entire Network (RSV-NET),2018,51,65+,1.6
Entire Network (RSV-NET),2018,52,65+,2.3
Entire Network (RSV-NET),2019,1,65+,3.3
Entire Network (RSV-NET),2019,2,65+,3
Entire Network (RSV-NET),2019,3,65+,2.1
Entire Network (RSV-NET),2019,4,65+,2.2
Entire Network (RSV-NET),2019,5,65+,2.1
Entire Network (RSV-NET),2019,6,65+,2.1
Entire Network (RSV-NET),2019,7,65+,2.4
Entire Network (RSV-NET),2019,8,65+,2.1
Entire Network (RSV-NET),2019,9,65+,2.1
Entire Network (RSV-NET),2019,10,65+,1.5
Entire Network (RSV-NET),2019,11,65+,1.3
Entire Network (RSV-NET),2019,12,65+,1.5
Entire Network (RSV-NET),2019,13,65+,1.1
Entire Network (RSV-NET),2019,14,65+,1
Entire Network (RSV-NET),2019,15,65+,0.6
Entire Network (RSV-NET),2019,16,65+,0.5
Entire Network (RSV-NET),2019,17,65+,0.2
Entire Network (RSV-NET),2019,18,65+,0.1
Entire Network (RSV-NET),2022,40,0-0.5,61.7
Entire Network (RSV-NET),2022,41,0-0.5,119.4
Entire Network (RSV-NET),2022,42,0-0.5,122.1
Entire Network (RSV-NET),2022,43,0-0.5,168.3
Entire Network (RSV-NET),2022,44,0-0.5,200.1
Entire Network (RSV-NET),2022,45,0-0.5,257.1
Entire Network (RSV-NET),2022,46,0-0.5,219.1
Entire Network (RSV-NET),2022,47,0-0.5,180.5
Entire Network (RSV-NET),2022,48,0-0.5,177.1
Entire Network (RSV-NET),2022,49,0-0.5,120.8
Entire Network (RSV-NET),2022,50,0-0.5,88.2
Entire Network (RSV-NET),2022,51,0-0.5,52.9
Entire Network (RSV-NET),2022,52,0-0.5,65.1
Entire Network (RSV-NET),2023,1,0-0.5,36
Entire Network (RSV-NET),2022,40,1-2,22.1
Entire Network (RSV-NET),2022,41,1-2,33.3
Entire Network (RSV-NET),2022,42,1-2,35
Entire Network (RSV-NET),2022,43,1-2,44.1
Entire Network (RSV-NET),2022,44,1-2,63.1
Entire Network (RSV-NET),2022,45,1-2,62.5
Entire Network (RSV-NET),2022,46,1-2,58
Entire Network (RSV-NET),2022,47,1-2,52.6
Entire Network (RSV-NET),2022,48,1-2,40.7
Entire Network (RSV-NET),2022,49,1-2,32.6
Entire Network (RSV-NET),2022,50,1-2,26.1
Entire Network (RSV-NET),2022,51,1-2,18
Entire Network (RSV-NET),2022,52,1-2,12.2
Entire Network (RSV-NET),2023,1,1-2,6.4
Entire Network (RSV-NET),2022,40,12-17,0.2
Entire Network (RSV-NET),2022,41,12-17,0.2
Entire Network (RSV-NET),2022,42,12-17,0.3
Entire Network (RSV-NET),2022,43,12-17,0.6
Entire Network (RSV-NET),2022,44,12-17,0.5
Entire Network (RSV-NET),2022,45,12-17,0.4
Entire Network (RSV-NET),2022,46,12-17,0.5
Entire Network (RSV-NET),2022,47,12-17,0.3
Entire Network (RSV-NET),2022,48,12-17,0.5
Entire Network (RSV-NET),2022,49,12-17,0.7
Entire Network (RSV-NET),2022,50,12-17,0.5
Entire Network (RSV-NET),2022,51,12-17,0.6
Entire Network (RSV-NET),2022,52,12-17,0.2
Entire Network (RSV-NET),2023,1,12-17,0.2
Entire Network (RSV-NET),2022,40,18-29,0.1
Entire Network (RSV-NET),2022,41,18-29,0.1
Entire Network (RSV-NET),2022,42,18-29,0.1
Entire Network (RSV-NET),2022,43,18-29,0.3
Entire Network (RSV-NET),2022,44,18-29,0.3
Entire Network (RSV-NET),2022,45,18-29,0.5
Entire Network (RSV-NET),2022,46,18-29,0.4
Entire Network (RSV-NET),2022,47,18-29,0.4
Entire Network (RSV-NET),2022,48,18-29,0.4
Entire Network (RSV-NET),2022,49,18-29,0.3
Entire Network (RSV-NET),2022,50,18-29,0.3
Entire Network (RSV-NET),2022,51,18-29,0.3
Entire Network (RSV-NET),2022,52,18-29,0.1
Entire Network (RSV-NET),2023,1,18-29,0.1
Entire Network (RSV-NET),2022,40,2-4,11.7
Entire Network (RSV-NET),2022,41,2-4,17.1
Entire Network (RSV-NET),2022,42,2-4,19.8
Entire Network (RSV-NET),2022,43,2-4,20.3
Entire Network (RSV-NET),2022,44,2-4,28.1
Entire Network (RSV-NET),2022,45,2-4,30.5
Entire Network (RSV-NET),2022,46,2-4,27.3
Entire Network (RSV-NET),2022,47,2-4,19.7
Entire Network (RSV-NET),2022,48,2-4,20.3
Entire Network (RSV-NET),2022,49,2-4,11.4
Entire Network (RSV-NET),2022,50,2-4,9
Entire Network (RSV-NET),2022,51,2-4,4.7
Entire Network (RSV-NET),2022,52,2-4,4.5
Entire Network (RSV-NET),2023,1,2-4,2.9
Entire Network (RSV-NET),2022,40,30-39,0.3
Entire Network (RSV-NET),2022,41,30-39,0.2
Entire Network (RSV-NET),2022,42,30-39,0.5
Entire Network (RSV-NET),2022,43,30-39,0.3
Entire Network (RSV-NET),2022,44,30-39,0.3
Entire Network (RSV-NET),2022,45,30-39,0.7
Entire Network (RSV-NET),2022,46,30-39,0.4
Entire Network (RSV-NET),2022,47,30-39,0.7
Entire Network (RSV-NET),2022,48,30-39,0.6
Entire Network (RSV-NET),2022,49,30-39,0.5
Entire Network (RSV-NET),2022,50,30-39,0.3
Entire Network (RSV-NET),2022,51,30-39,0.2
Entire Network (RSV-NET),2022,52,30-39,0.3
Entire Network (RSV-NET),2023,1,30-39,0.1
Entire Network (RSV-NET),2022,40,40-49,0.1
Entire Network (RSV-NET),2022,41,40-49,0.1
Entire Network (RSV-NET),2022,42,40-49,0.1
Entire Network (RSV-NET),2022,43,40-49,0.3
Entire Network (RSV-NET),2022,44,40-49,0.5
Entire Network (RSV-NET),2022,45,40-49,0.7
Entire Network (RSV-NET),2022,46,40-49,0.4
Entire Network (RSV-NET),2022,47,40-49,0.6
Entire Network (RSV-NET),2022,48,40-49,0.4
Entire Network (RSV-NET),2022,49,40-49,0.7
Entire Network (RSV-NET),2022,50,40-49,0.3
Entire Network (RSV-NET),2022,51,40-49,0.2
Entire Network (RSV-NET),2022,52,40-49,0.5
Entire Network (RSV-NET),2023,1,40-49,0.4
Entire Network (RSV-NET),2022,40,5-11,2
Entire Network (RSV-NET),2022,41,5-11,1.9
Entire Network (RSV-NET),2022,42,5-11,2.1
Entire Network (RSV-NET),2022,43,5-11,2.9
Entire Network (RSV-NET),2022,44,5-11,4.3
Entire Network (RSV-NET),2022,45,5-11,4
Entire Network (RSV-NET),2022,46,5-11,3
Entire Network (RSV-NET),2022,47,5-11,1.9
Entire Network (RSV-NET),2022,48,5-11,1.9
Entire Network (RSV-NET),2022,49,5-11,1.9
Entire Network (RSV-NET),2022,50,5-11,1.2
Entire Network (RSV-NET),2022,51,5-11,1
Entire Network (RSV-NET),2022,52,5-11,0.7
Entire Network (RSV-NET),2023,1,5-11,0.2
Entire Network (RSV-NET),2022,40,0.5-1,18.3
Entire Network (RSV-NET),2022,41,0.5-1,57.7
Entire Network (RSV-NET),2022,42,0.5-1,76
Entire Network (RSV-NET),2022,43,0.5-1,99.1
Entire Network (RSV-NET),2022,44,0.5-1,91.6
Entire Network (RSV-NET),2022,45,0.5-1,97.7
Entire Network (RSV-NET),2022,46,0.5-1,79.4
Entire Network (RSV-NET),2022,47,0.5-1,76.7
Entire Network (RSV-NET),2022,48,0.5-1,55
Entire Network (RSV-NET),2022,49,0.5-1,58.3
Entire Network (RSV-NET),2022,50,0.5-1,44.8
Entire Network (RSV-NET),2022,51,0.5-1,23.7
Entire Network (RSV-NET),2022,52,0.5-1,15.6
Entire Network (RSV-NET),2023,1,0.5-1,11.5
Entire Network (RSV-NET),2022,40,65-74,0.8
Entire Network (RSV-NET),2022,41,65-74,1.1
Entire Network (RSV-NET),2022,42,65-74,1.3
Entire Network (RSV-NET),2022,43,65-74,2.1
Entire Network (RSV-NET),2022,44,65-74,2.2
Entire Network (RSV-NET),2022,45,65-74,2.4
Entire Network (RSV-NET),2022,46,65-74,2.8
Entire Network (RSV-NET),2022,47,65-74,2.9
Entire Network (RSV-NET),2022,48,65-74,3.9
Entire Network (RSV-NET),2022,49,65-74,3.2
Entire Network (RSV-NET),2022,50,65-74,2.9
Entire Network (RSV-NET),2022,51,65-74,2
Entire Network (RSV-NET),2022,52,65-74,2.2
Entire Network (RSV-NET),2023,1,65-74,1.4
Entire Network (RSV-NET),2022,40,75-84,1.6
Entire Network (RSV-NET),2022,41,75-84,2.5
Entire Network (RSV-NET),2022,42,75-84,1.8
Entire Network (RSV-NET),2022,43,75-84,2.5
Entire Network (RSV-NET),2022,44,75-84,3.9
Entire Network (RSV-NET),2022,45,75-84,4.4
Entire Network (RSV-NET),2022,46,75-84,4.9
Entire Network (RSV-NET),2022,47,75-84,6.1
Entire Network (RSV-NET),2022,48,75-84,7
Entire Network (RSV-NET),2022,49,75-84,6.7
Entire Network (RSV-NET),2022,50,75-84,6.1
Entire Network (RSV-NET),2022,51,75-84,4.5
Entire Network (RSV-NET),2022,52,75-84,2.6
Entire Network (RSV-NET),2023,1,75-84,3.4
Entire Network (RSV-NET),2022,40,85+,1.3
Entire Network (RSV-NET),2022,41,85+,1.5
Entire Network (RSV-NET),2022,42,85+,3.5
Entire Network (RSV-NET),2022,43,85+,3.5
Entire Network (RSV-NET),2022,44,85+,4.4
Entire Network (RSV-NET),2022,45,85+,8.9
Entire Network (RSV-NET),2022,46,85+,8.7
Entire Network (RSV-NET),2022,47,85+,9.6
Entire Network (RSV-NET),2022,48,85+,16.1
Entire Network (RSV-NET),2022,49,85+,13.1
Entire Network (RSV-NET),2022,50,85+,10.5
Entire Network (RSV-NET),2022,51,85+,7.4
Entire Network (RSV-NET),2022,52,85+,7.6
Entire Network (RSV-NET),2023,1,85+,4.8
Entire Network (RSV-NET),2022,40,0-17,5.9
Entire Network (RSV-NET),2022,41,0-17,9.9
Entire Network (RSV-NET),2022,42,0-17,11.1
Entire Network (RSV-NET),2022,43,0-17,13.8
Entire Network (RSV-NET),2022,44,0-17,17.2
Entire Network (RSV-NET),2022,45,0-17,19.1
Entire Network (RSV-NET),2022,46,0-17,16.5
Entire Network (RSV-NET),2022,47,0-17,13.4
Entire Network (RSV-NET),2022,48,0-17,12.4
Entire Network (RSV-NET),2022,49,0-17,9.2
Entire Network (RSV-NET),2022,50,0-17,6.9
Entire Network (RSV-NET),2022,51,0-17,4.3
Entire Network (RSV-NET),2022,52,0-17,3.8
Entire Network (RSV-NET),2023,1,0-17,2.2
Entire Network (RSV-NET),2022,40,0-4,19.3
Entire Network (RSV-NET),2022,41,0-4,34.3
Entire Network (RSV-NET),2022,42,0-4,38.3
Entire Network (RSV-NET),2022,43,0-4,47.2
Entire Network (RSV-NET),2022,44,0-4,58
Entire Network (RSV-NET),2022,45,0-4,65.5
Entire Network (RSV-NET),2022,46,0-4,57.2
Entire Network (RSV-NET),2022,47,0-4,47.4
Entire Network (RSV-NET),2022,48,0-4,43.1
Entire Network (RSV-NET),2022,49,0-4,30.8
Entire Network (RSV-NET),2022,50,0-4,23.6
Entire Network (RSV-NET),2022,51,0-4,13.9
Entire Network (RSV-NET),2022,52,0-4,13
Entire Network (RSV-NET),2023,1,0-4,7.7
Entire Network (RSV-NET),2022,40,18+,0.4
Entire Network (RSV-NET),2022,41,18+,0.5
Entire Network (RSV-NET),2022,42,18+,0.7
Entire Network (RSV-NET),2022,43,18+,0.8
Entire Network (RSV-NET),2022,44,18+,1
Entire Network (RSV-NET),2022,45,18+,1.4
Entire Network (RSV-NET),2022,46,18+,1.3
Entire Network (RSV-NET),2022,47,18+,1.5
Entire Network (RSV-NET),2022,48,18+,1.8
Entire Network (RSV-NET),2022,49,18+,1.7
Entire Network (RSV-NET),2022,50,18+,1.3
Entire Network (RSV-NET),2022,51,18+,1
Entire Network (RSV-NET),2022,52,18+,0.9
Entire Network (RSV-NET),2023,1,18+,0.7
Entire Network (RSV-NET),2022,40,18-49,0.2
Entire Network (RSV-NET),2022,41,18-49,0.2
Entire Network (RSV-NET),2022,42,18-49,0.3
Entire Network (RSV-NET),2022,43,18-49,0.3
Entire Network (RSV-NET),2022,44,18-49,0.4
Entire Network (RSV-NET),2022,45,18-49,0.6
Entire Network (RSV-NET),2022,46,18-49,0.4
Entire Network (RSV-NET),2022,47,18-49,0.6
Entire Network (RSV-NET),2022,48,18-49,0.5
Entire Network (RSV-NET),2022,49,18-49,0.5
Entire Network (RSV-NET),2022,50,18-49,0.3
Entire Network (RSV-NET),2022,51,18-49,0.3
Entire Network (RSV-NET),2022,52,18-49,0.3
Entire Network (RSV-NET),2023,1,18-49,0.2
Entire Network (RSV-NET),2022,40,5-17,1.1
Entire Network (RSV-NET),2022,41,5-17,1.1
Entire Network (RSV-NET),2022,42,5-17,1.2
Entire Network (RSV-NET),2022,43,5-17,1.8
Entire Network (RSV-NET),2022,44,5-17,2.5
Entire Network (RSV-NET),2022,45,5-17,2.3
Entire Network (RSV-NET),2022,46,5-17,1.8
Entire Network (RSV-NET),2022,47,5-17,1.1
Entire Network (RSV-NET),2022,48,5-17,1.3
Entire Network (RSV-NET),2022,49,5-17,1.3
Entire Network (RSV-NET),2022,50,5-17,0.8
Entire Network (RSV-NET),2022,51,5-17,0.8
Entire Network (RSV-NET),2022,52,5-17,0.5
Entire Network (RSV-NET),2023,1,5-17,0.2
Entire Network (RSV-NET),2022,40,50-64,0.2
Entire Network (RSV-NET),2022,41,50-64,0.6
Entire Network (RSV-NET),2022,42,50-64,0.7
Entire Network (RSV-NET),2022,43,50-64,0.9
Entire Network (RSV-NET),2022,44,50-64,0.8
Entire Network (RSV-NET),2022,45,50-64,1.2
Entire Network (RSV-NET),2022,46,50-64,1.3
Entire Network (RSV-NET),2022,47,50-64,1.1
Entire Network (RSV-NET),2022,48,50-64,1.6
Entire Network (RSV-NET),2022,49,50-64,1.6
Entire Network (RSV-NET),2022,50,50-64,1.2
Entire Network (RSV-NET),2022,51,50-64,0.8
Entire Network (RSV-NET),2022,52,50-64,0.9
Entire Network (RSV-NET),2023,1,50-64,0.7
Entire Network (RSV-NET),2022,40,65+,1.1
Entire Network (RSV-NET),2022,41,65+,1.5
Entire Network (RSV-NET),2022,42,65+,1.7
Entire Network (RSV-NET),2022,43,65+,2.4
Entire Network (RSV-NET),2022,44,65+,2.9
Entire Network (RSV-NET),2022,45,65+,3.8
Entire Network (RSV-NET),2022,46,65+,4.1
Entire Network (RSV-NET),2022,47,65+,4.6
Entire Network (RSV-NET),2022,48,65+,6.2
Entire Network (RSV-NET),2022,49,65+,5.3
Entire Network (RSV-NET),2022,50,65+,4.7
Entire Network (RSV-NET),2022,51,65+,3.4
Entire Network (RSV-NET),2022,52,65+,2.9
Entire Network (RSV-NET),2023,1,65+,2.4
