WHO region,Influenza transmission zone,"Country, area or territory",Surveillance site type,Year,Week,Start date,Specimens received,Specimens processed,A (H1),A (H1N1)pdm09,A (H3),A (H5),A (not subtyped),A (Total),B (Yamagata lineage) ,B (Victoria lineage),B (not determined) ,B (Total),Influenza positive specimens,Influenza negative specimens,ILI activity
AMR,Temperate South America,Chile,Type not defined,2016,1,04/01/2016,,371,,1,,,,1,1,1,,2,3,333,No Report
AMR,Temperate South America,Chile,Type not defined,2016,2,11/01/2016,,324,,,2,,,2,1,1,,2,4,288,No Report
AMR,Temperate South America,Chile,Type not defined,2016,3,18/01/2016,,299,,,1,,,1,1,2,,3,4,266,No Report
AMR,Temperate South America,Chile,Type not defined,2016,4,25/01/2016,,285,,1,,,1,2,,1,,1,3,256,No Report
AMR,Temperate South America,Chile,Type not defined,2016,5,01/02/2016,,280,,1,,,,1,,1,,1,2,255,No Report
AMR,Temperate South America,Chile,Type not defined,2016,6,08/02/2016,,282,,2,,,,2,,1,,1,3,256,No Report
AMR,Temperate South America,Chile,Type not defined,2016,7,15/02/2016,,299,,4,1,,,5,1,1,1,3,8,268,No Report
AMR,Temperate South America,Chile,Type not defined,2016,8,22/02/2016,,318,,1,3,,,4,1,1,,2,6,294,No Report
AMR,Temperate South America,Chile,Type not defined,2016,9,29/02/2016,,316,,3,1,,,4,,,,,4,294,No Report
AMR,Temperate South America,Chile,Type not defined,2016,10,07/03/2016,,380,,2,,,,2,1,4,,5,7,361,No Report
AMR,Temperate South America,Chile,Type not defined,2016,11,14/03/2016,,475,,3,,,,3,1,4,,5,8,440,No Report
AMR,Temperate South America,Chile,Type not defined,2016,12,21/03/2016,,392,,5,,,,5,,3,,3,8,366,No Report
AMR,Temperate South America,Chile,Type not defined,2016,13,28/03/2016,,489,,1,,,,1,1,2,,3,4,450,No Report
AMR,Temperate South America,Chile,Type not defined,2016,14,04/04/2016,,509,,3,,,1,4,,2,1,3,7,472,No Report
AMR,Temperate South America,Chile,Type not defined,2016,15,11/04/2016,,518,,5,1,,,6,1,2,,3,9,469,No Report
AMR,Temperate South America,Chile,Type not defined,2016,16,18/04/2016,,549,,4,,,,4,1,2,,3,7,488,No Report
AMR,Temperate South America,Chile,Type not defined,2016,17,25/04/2016,,571,,9,,,1,10,,5,2,7,17,506,No Report
AMR,Temperate South America,Chile,Type not defined,2016,18,02/05/2016,,641,,9,,,,9,,2,,2,11,540,No Report
AMR,Temperate South America,Chile,Type not defined,2016,19,09/05/2016,,670,,13,,,1,14,1,7,3,11,25,539,No Report
AMR,Temperate South America,Chile,Type not defined,2016,20,16/05/2016,,797,,20,1,,3,24,1,5,2,8,32,613,No Report
AMR,Temperate South America,Chile,Type not defined,2016,21,23/05/2016,,856,,20,2,,1,23,1,15,,16,39,607,No Report
AMR,Temperate South America,Chile,Type not defined,2016,22,30/05/2016,,1117,,24,,,4,28,3,4,1,8,36,743,No Report
AMR,Temperate South America,Chile,Type not defined,2016,23,06/06/2016,,1189,,26,,,4,30,,11,5,16,46,741,No Report
AMR,Temperate South America,Chile,Type not defined,2016,24,13/06/2016,,1353,,47,2,,3,52,6,12,7,25,77,769,No Report
AMR,Temperate South America,Chile,Type not defined,2016,25,20/06/2016,,1618,,58,2,,1,61,4,18,7,29,90,825,No Report
AMR,Temperate South America,Chile,Type not defined,2016,26,27/06/2016,,1670,,71,5,,,76,4,30,4,38,114,893,No Report
AMR,Temperate South America,Chile,Type not defined,2016,27,04/07/2016,,1964,,117,3,,,120,2,32,6,40,160,982,No Report
AMR,Temperate South America,Chile,Type not defined,2016,28,11/07/2016,,2089,,122,7,,41,170,9,29,12,50,220,1061,No Report
AMR,Temperate South America,Chile,Type not defined,2016,29,18/07/2016,,2101,,175,10,,17,202,7,35,12,54,256,1067,No Report
AMR,Temperate South America,Chile,Type not defined,2016,30,25/07/2016,,1868,,191,8,,5,204,8,35,5,48,252,1055,No Report
AMR,Temperate South America,Chile,Type not defined,2016,31,01/08/2016,,1816,,196,17,,18,231,10,33,,43,274,989,No Report
AMR,Temperate South America,Chile,Type not defined,2016,32,08/08/2016,,1885,,169,13,,63,245,7,29,7,43,288,1103,No Report
AMR,Temperate South America,Chile,Type not defined,2016,33,15/08/2016,,1941,,158,17,,29,204,9,34,4,47,251,1198,No Report
AMR,Temperate South America,Chile,Type not defined,2016,34,22/08/2016,,1870,,136,34,,15,185,8,35,2,45,230,1181,No Report
AMR,Temperate South America,Chile,Type not defined,2016,35,29/08/2016,,1651,,98,31,,18,147,3,32,22,57,204,1101,No Report
AMR,Temperate South America,Chile,Type not defined,2016,36,05/09/2016,,1497,,73,54,,14,141,7,18,5,30,171,1053,No Report
AMR,Temperate South America,Chile,Type not defined,2016,37,12/09/2016,,1370,,47,42,,15,104,5,28,12,45,149,1008,No Report
AMR,Temperate South America,Chile,Type not defined,2016,38,19/09/2016,,1239,,22,47,,21,90,5,24,5,34,124,939,No Report
AMR,Temperate South America,Chile,Type not defined,2016,39,26/09/2016,,1081,,12,51,,18,81,3,22,4,29,110,814,No Report
AMR,Temperate South America,Chile,Type not defined,2016,40,03/10/2016,,1000,,13,46,,20,79,7,13,12,32,111,750,No Report
AMR,Temperate South America,Chile,Type not defined,2016,41,10/10/2016,,818,,11,42,,10,63,2,8,11,21,84,625,No Report
AMR,Temperate South America,Chile,Type not defined,2016,42,17/10/2016,,846,,5,41,,15,61,5,8,7,20,81,651,No Report
AMR,Temperate South America,Chile,Type not defined,2016,43,24/10/2016,,771,,7,22,,15,44,2,4,5,11,55,646,No Report
AMR,Temperate South America,Chile,Type not defined,2016,44,31/10/2016,,490,,2,15,,6,23,1,1,,2,25,414,No Report
AMR,Temperate South America,Chile,Type not defined,2016,45,07/11/2016,,500,,,12,,5,17,1,2,,3,20,418,No Report
AMR,Temperate South America,Chile,Type not defined,2016,46,14/11/2016,,531,,,18,,3,21,2,6,3,11,32,446,No Report
AMR,Temperate South America,Chile,Type not defined,2016,47,21/11/2016,,573,,,10,,4,14,2,,1,3,17,508,No Report
AMR,Temperate South America,Chile,Type not defined,2016,48,28/11/2016,,542,,1,6,,2,9,1,2,,3,12,475,No Report
AMR,Temperate South America,Chile,Type not defined,2016,49,05/12/2016,,457,,,4,,,4,,2,,2,6,401,No Report
AMR,Temperate South America,Chile,Type not defined,2016,50,12/12/2016,,430,,,6,,3,9,1,2,,3,12,369,No Report
AMR,Temperate South America,Chile,Type not defined,2016,51,19/12/2016,,415,,,2,,2,4,,,,,4,373,No Report
AMR,Temperate South America,Chile,Type not defined,2016,52,26/12/2016,,421,,,5,,,5,,,,,5,378,No Report
AMR,Temperate South America,Chile,Type not defined,2017,1,02/01/2017,,355,0,0,8,,0,8,1,0,0,1,9,313,No Report
AMR,Temperate South America,Chile,Type not defined,2017,2,09/01/2017,,484,0,0,12,,2,14,1,1,0,2,16,420,No Report
AMR,Temperate South America,Chile,Type not defined,2017,3,16/01/2017,,393,0,0,5,,0,5,1,0,0,1,6,356,No Report
AMR,Temperate South America,Chile,Type not defined,2017,4,23/01/2017,,341,0,0,5,,0,5,2,0,0,2,7,301,No Report
AMR,Temperate South America,Chile,Type not defined,2017,5,30/01/2017,,319,0,0,6,,0,6,1,0,0,1,7,287,No Report
AMR,Temperate South America,Chile,Type not defined,2017,6,06/02/2017,,304,0,0,5,,1,6,0,0,0,0,6,280,No Report
AMR,Temperate South America,Chile,Type not defined,2017,7,13/02/2017,,330,0,0,13,,1,14,0,0,0,0,14,289,No Report
AMR,Temperate South America,Chile,Type not defined,2017,8,20/02/2017,,301,0,0,12,,0,12,0,0,1,1,13,268,No Report
AMR,Temperate South America,Chile,Type not defined,2017,9,27/02/2017,,314,0,0,9,,1,10,0,0,0,0,10,282,No Report
AMR,Temperate South America,Chile,Type not defined,2017,10,06/03/2017,,390,0,0,16,,0,16,0,1,0,1,17,354,No Report
AMR,Temperate South America,Chile,Type not defined,2017,11,13/03/2017,,552,0,0,12,,1,13,4,0,0,4,17,506,No Report
AMR,Temperate South America,Chile,Type not defined,2017,12,20/03/2017,,685,0,0,34,,1,35,2,0,1,3,38,612,No Report
AMR,Temperate South America,Chile,Type not defined,2017,13,27/03/2017,,691,0,0,26,,1,27,1,2,1,4,31,597,No Report
AMR,Temperate South America,Chile,Type not defined,2017,14,03/04/2017,,711,0,0,24,,1,25,0,1,1,2,27,602,No Report
AMR,Temperate South America,Chile,Type not defined,2017,15,10/04/2017,,619,0,0,25,,0,25,0,0,0,0,25,520,No Report
AMR,Temperate South America,Chile,Type not defined,2017,16,17/04/2017,,845,0,0,25,,3,28,0,1,0,1,29,655,No Report
AMR,Temperate South America,Chile,Type not defined,2017,17,24/04/2017,,770,0,0,26,,1,27,1,0,0,1,28,593,No Report
AMR,Temperate South America,Chile,Type not defined,2017,18,01/05/2017,,846,0,0,35,,2,37,0,1,0,1,38,633,No Report
AMR,Temperate South America,Chile,Type not defined,2017,19,08/05/2017,,1023,0,0,50,,13,63,1,0,1,2,65,743,No Report
AMR,Temperate South America,Chile,Type not defined,2017,20,15/05/2017,,1194,0,0,86,,16,102,3,0,1,4,106,797,No Report
AMR,Temperate South America,Chile,Type not defined,2017,21,22/05/2017,,1472,0,0,125,,23,148,2,0,0,2,150,959,No Report
AMR,Temperate South America,Chile,Type not defined,2017,22,29/05/2017,,1786,0,0,201,,26,227,6,1,1,8,235,1074,No Report
AMR,Temperate South America,Chile,Type not defined,2017,23,05/06/2017,,2056,0,0,235,,72,307,6,4,6,16,323,1203,No Report
AMR,Temperate South America,Chile,Type not defined,2017,24,12/06/2017,,2464,0,0,270,,126,396,10,1,8,19,415,1331,No Report
AMR,Temperate South America,Chile,Type not defined,2017,25,19/06/2017,,2454,0,0,252,,162,414,11,2,4,17,431,1213,No Report
AMR,Temperate South America,Chile,Type not defined,2017,26,26/06/2017,,2303,0,0,185,,156,341,14,2,4,20,361,1081,No Report
AMR,Temperate South America,Chile,Type not defined,2017,27,03/07/2017,,2464,0,0,136,,144,280,12,1,8,21,301,1136,No Report
AMR,Temperate South America,Chile,Type not defined,2017,28,10/07/2017,,2460,0,0,127,,92,219,16,1,4,21,240,1150,No Report
AMR,Temperate South America,Chile,Type not defined,2017,29,17/07/2017,,2171,0,0,99,,35,134,10,1,10,21,155,1093,No Report
AMR,Temperate South America,Chile,Type not defined,2017,30,24/07/2017,,1723,0,0,51,,23,74,14,0,2,16,90,956,No Report
AMR,Temperate South America,Chile,Type not defined,2017,31,31/07/2017,,1593,0,0,29,,12,41,27,0,2,29,70,1005,No Report
AMR,Temperate South America,Chile,Type not defined,2017,32,07/08/2017,,1554,0,0,24,,6,30,27,1,4,32,62,965,No Report
AMR,Temperate South America,Chile,Type not defined,2017,33,14/08/2017,,1472,0,0,26,,6,32,26,3,0,29,61,909,No Report
AMR,Temperate South America,Chile,Type not defined,2017,34,21/08/2017,,1406,0,0,18,,8,26,31,2,5,38,64,935,No Report
AMR,Temperate South America,Chile,Type not defined,2017,35,28/08/2017,,1269,0,0,10,,6,16,32,0,7,39,55,881,No Report
AMR,Temperate South America,Chile,Type not defined,2017,36,04/09/2017,,1077,0,0,7,,1,8,23,0,6,29,37,824,No Report
AMR,Temperate South America,Chile,Type not defined,2017,37,11/09/2017,,947,0,0,5,,5,10,36,0,6,42,52,717,No Report
AMR,Temperate South America,Chile,Type not defined,2017,38,18/09/2017,,854,0,0,2,,2,4,32,2,8,42,46,668,No Report
AMR,Temperate South America,Chile,Type not defined,2017,39,25/09/2017,,960,0,0,1,,2,3,29,2,13,44,47,759,No Report
AMR,Temperate South America,Chile,Type not defined,2017,40,02/10/2017,,824,0,0,1,,2,3,31,0,23,54,57,654,No Report
AMR,Temperate South America,Chile,Type not defined,2017,41,09/10/2017,,722,0,0,4,,2,6,48,2,16,66,72,556,No Report
AMR,Temperate South America,Chile,Type not defined,2017,42,16/10/2017,,807,0,0,3,,0,3,32,0,11,43,46,681,No Report
AMR,Temperate South America,Chile,Type not defined,2017,43,23/10/2017,,675,0,0,4,,2,6,19,2,19,40,46,539,No Report
AMR,Temperate South America,Chile,Type not defined,2017,44,30/10/2017,,727,0,0,6,,1,7,28,3,8,39,46,596,No Report
AMR,Temperate South America,Chile,Type not defined,2017,45,06/11/2017,,740,0,0,6,,2,8,24,5,15,44,52,592,No Report
AMR,Temperate South America,Chile,Type not defined,2017,46,13/11/2017,,720,0,0,9,,3,12,23,0,14,37,49,570,No Report
AMR,Temperate South America,Chile,Type not defined,2017,47,20/11/2017,,614,0,0,10,,0,10,23,2,3,28,38,497,No Report
AMR,Temperate South America,Chile,Type not defined,2017,48,27/11/2017,,665,0,0,9,,0,9,15,0,10,25,34,555,No Report
AMR,Temperate South America,Chile,Type not defined,2017,49,04/12/2017,,515,0,0,4,,0,4,18,1,7,26,30,419,No Report
AMR,Temperate South America,Chile,Type not defined,2017,50,11/12/2017,,555,0,0,1,,1,2,16,1,2,19,21,463,No Report
AMR,Temperate South America,Chile,Type not defined,2017,51,18/12/2017,,503,0,0,3,,0,3,9,0,0,9,12,413,No Report
AMR,Temperate South America,Chile,Type not defined,2017,52,25/12/2017,,420,0,0,4,,0,4,6,1,2,9,13,356,No Report
AMR,Temperate South America,Chile,Type not defined,2018,1,01/01/2018,,415,0,0,3,,0,3,9,1,0,10,13,359,No Report
AMR,Temperate South America,Chile,Type not defined,2018,2,08/01/2018,,407,0,1,4,,0,5,11,1,1,13,18,327,No Report
AMR,Temperate South America,Chile,Type not defined,2018,3,15/01/2018,,359,0,2,3,,0,5,4,0,1,5,10,314,No Report
AMR,Temperate South America,Chile,Type not defined,2018,4,22/01/2018,,373,0,0,4,,0,4,2,0,2,4,8,313,No Report
AMR,Temperate South America,Chile,Type not defined,2018,5,29/01/2018,,319,0,0,4,,1,5,5,0,0,5,10,278,No Report
AMR,Temperate South America,Chile,Type not defined,2018,6,05/02/2018,,312,0,0,1,,0,1,2,1,0,3,4,271,No Report
AMR,Temperate South America,Chile,Type not defined,2018,7,12/02/2018,,308,0,0,4,,6,10,2,0,2,4,14,270,No Report
AMR,Temperate South America,Chile,Type not defined,2018,8,19/02/2018,,330,0,4,8,,1,13,5,2,1,8,21,288,No Report
AMR,Temperate South America,Chile,Type not defined,2018,9,26/02/2018,,361,0,2,6,,1,9,3,0,0,3,12,333,No Report
AMR,Temperate South America,Chile,Type not defined,2018,10,05/03/2018,,425,0,0,7,,0,7,2,0,1,3,10,395,No Report
AMR,Temperate South America,Chile,Type not defined,2018,11,12/03/2018,,641,0,0,10,,0,10,3,0,1,4,14,597,No Report
AMR,Temperate South America,Chile,Type not defined,2018,12,19/03/2018,,784,0,2,12,,0,14,6,0,0,6,20,732,No Report
AMR,Temperate South America,Chile,Type not defined,2018,13,26/03/2018,,610,0,0,9,,0,9,1,0,0,1,10,574,No Report
AMR,Temperate South America,Chile,Type not defined,2018,14,02/04/2018,,743,0,3,10,,0,13,2,0,0,2,15,671,No Report
AMR,Temperate South America,Chile,Type not defined,2018,15,09/04/2018,,720,0,3,4,,2,9,6,0,0,6,15,644,No Report
AMR,Temperate South America,Chile,Type not defined,2018,16,16/04/2018,,789,0,3,9,,0,12,2,1,2,5,17,663,No Report
AMR,Temperate South America,Chile,Type not defined,2018,17,23/04/2018,,830,0,4,18,,0,22,4,1,0,5,27,658,No Report
AMR,Temperate South America,Chile,Type not defined,2018,18,30/04/2018,,842,0,4,12,,4,20,0,0,1,1,21,658,No Report
AMR,Temperate South America,Chile,Type not defined,2018,19,07/05/2018,,918,0,0,17,,0,17,3,0,1,4,21,704,No Report
AMR,Temperate South America,Chile,Type not defined,2018,20,14/05/2018,,1061,0,3,33,,1,37,6,0,1,7,44,727,No Report
AMR,Temperate South America,Chile,Type not defined,2018,21,21/05/2018,,1140,0,2,43,,0,45,1,1,0,2,47,763,No Report
AMR,Temperate South America,Chile,Type not defined,2018,22,28/05/2018,,1396,0,3,62,,10,75,2,0,3,5,80,849,No Report
AMR,Temperate South America,Chile,Type not defined,2018,23,04/06/2018,,1609,0,0,67,,18,85,6,2,0,8,93,926,No Report
AMR,Temperate South America,Chile,Type not defined,2018,24,11/06/2018,,1702,0,1,81,,12,94,4,1,1,6,100,922,No Report
AMR,Temperate South America,Chile,Type not defined,2018,25,18/06/2018,,1840,0,2,104,,16,122,8,3,0,11,133,895,No Report
AMR,Temperate South America,Chile,Type not defined,2018,26,25/06/2018,,2228,0,15,160,,9,184,13,5,1,19,203,1043,No Report
AMR,Temperate South America,Chile,Type not defined,2018,27,02/07/2018,,2207,0,21,149,,46,216,12,1,0,13,229,975,No Report
AMR,Temperate South America,Chile,Type not defined,2018,28,09/07/2018,,2387,0,20,190,,49,259,12,4,6,22,281,1010,No Report
AMR,Temperate South America,Chile,Type not defined,2018,29,16/07/2018,,2154,0,16,175,,55,246,9,3,5,17,263,954,No Report
AMR,Temperate South America,Chile,Type not defined,2018,30,23/07/2018,,2077,0,14,173,,88,275,7,2,6,15,290,957,No Report
AMR,Temperate South America,Chile,Type not defined,2018,31,30/07/2018,,1872,0,9,135,,110,254,10,0,8,18,272,1001,No Report
AMR,Temperate South America,Chile,Type not defined,2018,32,06/08/2018,,1821,0,5,145,,126,276,8,0,4,12,288,1014,No Report
AMR,Temperate South America,Chile,Type not defined,2018,33,13/08/2018,,2015,0,6,135,,137,278,19,0,16,35,313,1135,No Report
AMR,Temperate South America,Chile,Type not defined,2018,34,20/08/2018,,1923,0,13,148,,106,267,15,0,16,31,298,1104,No Report
AMR,Temperate South America,Chile,Type not defined,2018,35,27/08/2018,,1800,0,16,109,,85,210,17,0,17,34,244,1113,No Report
AMR,Temperate South America,Chile,Type not defined,2018,36,03/09/2018,,1495,0,12,59,,32,103,25,1,16,42,145,1013,No Report
AMR,Temperate South America,Chile,Type not defined,2018,37,10/09/2018,,1359,0,12,51,,20,83,18,3,5,26,109,924,No Report
AMR,Temperate South America,Chile,Type not defined,2018,38,17/09/2018,,932,0,5,43,,8,56,21,0,5,26,82,630,No Report
AMR,Temperate South America,Chile,Type not defined,2018,39,24/09/2018,,1078,0,7,29,,7,43,10,0,6,16,59,770,No Report
AMR,Temperate South America,Chile,Type not defined,2018,40,01/10/2018,,1040,0,7,18,,2,27,15,1,3,19,46,826,No Report
AMR,Temperate South America,Chile,Type not defined,2018,41,08/10/2018,,873,0,5,11,,0,16,29,1,3,33,49,691,No Report
AMR,Temperate South America,Chile,Type not defined,2018,42,15/10/2018,,859,0,3,3,,2,8,22,0,5,27,35,680,No Report
AMR,Temperate South America,Chile,Type not defined,2018,43,22/10/2018,,857,0,2,7,,1,10,16,0,9,25,35,693,No Report
AMR,Temperate South America,Chile,Type not defined,2018,44,29/10/2018,,627,0,2,4,,0,6,9,0,2,11,17,518,No Report
AMR,Temperate South America,Chile,Type not defined,2018,45,05/11/2018,,860,0,2,2,,0,4,20,0,1,21,25,713,No Report
AMR,Temperate South America,Chile,Type not defined,2018,46,12/11/2018,,700,0,0,2,,4,6,12,0,1,13,19,579,No Report
AMR,Temperate South America,Chile,Type not defined,2018,47,19/11/2018,,733,0,2,2,,0,4,16,0,0,16,20,631,No Report
AMR,Temperate South America,Chile,Type not defined,2018,48,26/11/2018,,675,0,2,9,,0,11,13,0,7,20,31,554,No Report
AMR,Temperate South America,Chile,Type not defined,2018,49,03/12/2018,,597,0,1,4,,0,5,13,0,3,16,21,508,No Report
AMR,Temperate South America,Chile,Type not defined,2018,50,10/12/2018,,543,0,0,0,,1,1,11,0,1,12,13,468,No Report
AMR,Temperate South America,Chile,Type not defined,2018,51,17/12/2018,,485,0,3,0,,0,3,6,1,5,12,15,408,No Report
AMR,Temperate South America,Chile,Type not defined,2018,52,24/12/2018,,396,0,2,3,,1,6,6,0,1,7,13,342,No Report
AMR,Temperate South America,Chile,Type not defined,2019,1,31/12/2018,,376,0,2,3,,0,5,1,0,1,2,7,336,No Report
AMR,Temperate South America,Chile,Type not defined,2019,2,07/01/2019,,402,0,1,3,,0,4,11,0,0,11,15,347,No Report
AMR,Temperate South America,Chile,Type not defined,2019,3,14/01/2019,,377,0,1,2,,0,3,8,0,0,8,11,315,No Report
AMR,Temperate South America,Chile,Type not defined,2019,4,21/01/2019,,347,0,2,5,,1,8,3,0,0,3,11,311,No Report
AMR,Temperate South America,Chile,Type not defined,2019,5,28/01/2019,,334,0,6,4,,0,10,1,0,1,2,12,295,No Report
AMR,Temperate South America,Chile,Type not defined,2019,6,04/02/2019,,363,0,2,1,,1,4,4,0,1,5,9,326,No Report
AMR,Temperate South America,Chile,Type not defined,2019,7,11/02/2019,,358,0,4,4,,0,8,1,0,0,1,9,320,No Report
AMR,Temperate South America,Chile,Type not defined,2019,8,18/02/2019,,380,0,3,9,,0,12,4,0,0,4,16,320,No Report
AMR,Temperate South America,Chile,Type not defined,2019,9,25/02/2019,,369,0,4,7,,0,11,2,0,1,3,14,335,No Report
AMR,Temperate South America,Chile,Type not defined,2019,10,04/03/2019,,387,0,2,2,,2,6,1,0,1,2,8,358,No Report
AMR,Temperate South America,Chile,Type not defined,2019,11,11/03/2019,,559,0,4,4,,0,8,1,0,1,2,10,507,No Report
AMR,Temperate South America,Chile,Type not defined,2019,12,18/03/2019,,741,0,5,11,,0,16,1,0,0,1,17,672,No Report
AMR,Temperate South America,Chile,Type not defined,2019,13,25/03/2019,,771,0,7,14,,0,21,1,0,0,1,22,681,No Report
AMR,Temperate South America,Chile,Type not defined,2019,14,01/04/2019,,736,0,11,10,,4,25,3,0,0,3,28,624,No Report
AMR,Temperate South America,Chile,Type not defined,2019,15,08/04/2019,,825,0,11,9,,0,20,1,1,0,2,22,687,No Report
AMR,Temperate South America,Chile,Type not defined,2019,16,15/04/2019,,812,0,26,16,,1,43,4,0,0,4,47,639,No Report
AMR,Temperate South America,Chile,Type not defined,2019,17,22/04/2019,,1025,0,38,15,,12,65,1,2,0,3,68,769,No Report
AMR,Temperate South America,Chile,Type not defined,2019,18,29/04/2019,,1030,0,43,13,,24,80,2,0,1,3,83,739,No Report
AMR,Temperate South America,Chile,Type not defined,2019,19,06/05/2019,,1338,0,87,24,,63,174,0,1,3,4,178,906,No Report
AMR,Temperate South America,Chile,Type not defined,2019,20,13/05/2019,,1691,0,123,18,,171,312,3,1,0,4,316,1043,No Report
AMR,Temperate South America,Chile,Type not defined,2019,21,20/05/2019,,1796,0,186,32,,135,353,1,5,2,8,361,1074,No Report
AMR,Temperate South America,Chile,Type not defined,2019,22,27/05/2019,,2028,0,237,34,,118,389,5,4,9,18,407,1213,No Report
AMR,Temperate South America,Chile,Type not defined,2019,23,03/06/2019,,2510,0,294,49,,191,534,11,5,6,22,556,1489,No Report
AMR,Temperate South America,Chile,Type not defined,2019,24,10/06/2019,,3037,0,259,49,,292,600,11,15,17,43,643,1762,No Report
AMR,Temperate South America,Chile,Type not defined,2019,25,17/06/2019,,2972,0,274,46,,179,499,19,18,23,60,559,1687,No Report
AMR,Temperate South America,Chile,Type not defined,2019,26,24/06/2019,,3117,0,150,62,,169,381,24,20,29,73,454,1732,No Report
AMR,Temperate South America,Chile,Type not defined,2019,27,01/07/2019,,2954,0,123,63,,62,248,22,26,28,76,324,1554,No Report
AMR,Temperate South America,Chile,Type not defined,2019,28,08/07/2019,,2921,0,72,47,,69,188,40,20,50,110,298,1483,No Report
AMR,Temperate South America,Chile,Type not defined,2019,29,15/07/2019,,2600,0,45,33,,16,94,35,28,35,98,192,1320,No Report
AMR,Temperate South America,Chile,Type not defined,2019,30,22/07/2019,,2454,0,25,21,,7,53,36,18,33,87,140,1284,No Report
AMR,Temperate South America,Chile,Type not defined,2019,31,29/07/2019,,2054,0,16,23,,11,50,43,31,23,97,147,1096,No Report
AMR,Temperate South America,Chile,Type not defined,2019,32,05/08/2019,,2041,0,19,25,,15,59,51,32,42,125,184,1138,No Report
AMR,Temperate South America,Chile,Type not defined,2019,33,12/08/2019,,2293,0,8,15,,30,53,55,38,92,185,238,1343,No Report
AMR,Temperate South America,Chile,Type not defined,2019,34,19/08/2019,,2305,0,14,14,,15,43,76,44,92,212,255,1375,No Report
AMR,Temperate South America,Chile,Type not defined,2019,35,26/08/2019,,2216,0,5,19,,10,34,94,49,129,272,306,1363,No Report
AMR,Temperate South America,Chile,Type not defined,2019,36,02/09/2019,,2002,0,6,16,,7,29,78,42,127,247,276,1239,No Report
AMR,Temperate South America,Chile,Type not defined,2019,37,09/09/2019,,1909,0,7,9,,12,28,84,40,126,250,278,1208,No Report
AMR,Temperate South America,Chile,Type not defined,2019,38,16/09/2019,,1232,0,0,11,,2,13,51,15,78,144,157,801,No Report
AMR,Temperate South America,Chile,Type not defined,2019,39,23/09/2019,,1661,0,3,7,,0,10,62,19,63,144,154,1147,No Report
AMR,Temperate South America,Chile,Type not defined,2019,40,30/09/2019,,1217,0,1,9,,2,12,58,17,35,110,122,816,No Report
AMR,Temperate South America,Chile,Type not defined,2019,41,07/10/2019,,1314,0,1,7,,2,10,65,14,31,110,120,933,No Report
AMR,Temperate South America,Chile,Type not defined,2019,42,14/10/2019,,1175,0,2,4,,3,9,34,15,37,86,95,885,No Report
AMR,Temperate South America,Chile,Type not defined,2019,43,21/10/2019,,909,0,2,2,,0,4,30,5,22,57,61,679,No Report
AMR,Temperate South America,Chile,Type not defined,2019,44,28/10/2019,,658,0,1,0,,2,3,20,2,8,30,33,512,No Report
AMR,Temperate South America,Chile,Type not defined,2019,45,04/11/2019,,725,0,0,3,,2,5,14,2,7,23,28,584,No Report
AMR,Temperate South America,Chile,Type not defined,2019,46,11/11/2019,,565,0,0,5,,1,6,3,1,8,12,18,470,No Report
AMR,Temperate South America,Chile,Type not defined,2019,47,18/11/2019,,545,0,5,4,,0,9,3,2,3,8,17,440,No Report
AMR,Temperate South America,Chile,Type not defined,2019,48,25/11/2019,,484,0,2,3,,2,7,2,1,5,8,15,386,No Report
AMR,Temperate South America,Chile,Type not defined,2019,49,02/12/2019,,511,0,1,1,,0,2,2,1,5,8,10,450,No Report
AMR,Temperate South America,Chile,Type not defined,2019,50,09/12/2019,,501,0,0,2,,1,3,1,1,1,3,6,448,No Report
AMR,Temperate South America,Chile,Type not defined,2019,51,16/12/2019,,538,0,0,5,,0,5,0,0,4,4,9,476,No Report
AMR,Temperate South America,Chile,Type not defined,2019,52,23/12/2019,,414,0,0,1,,0,1,0,0,4,4,5,362,No Report
AMR,Temperate South America,Chile,Non-sentinel,2022,1,03/01/2022,,1031,0,0,62,,35,97,0,0,0,0,97,934,No Report
AMR,Temperate South America,Chile,Sentinel,2022,1,03/01/2022,,60,0,0,3,,6,9,0,0,0,0,9,51,No Report
AMR,Temperate South America,Chile,Non-sentinel,2022,2,10/01/2022,,1170,0,0,72,,29,101,0,0,0,0,101,1069,No Report
AMR,Temperate South America,Chile,Sentinel,2022,2,10/01/2022,,84,0,0,5,,3,8,0,0,0,0,8,76,No Report
AMR,Temperate South America,Chile,Non-sentinel,2022,3,17/01/2022,,1018,0,0,51,,27,78,0,0,0,0,78,940,No Report
AMR,Temperate South America,Chile,Sentinel,2022,3,17/01/2022,,63,0,0,5,,0,5,0,0,0,0,5,58,No Report
AMR,Temperate South America,Chile,Non-sentinel,2022,4,24/01/2022,,1003,0,0,49,,19,68,0,0,0,0,68,935,No Report
AMR,Temperate South America,Chile,Sentinel,2022,4,24/01/2022,,51,0,0,6,,0,6,0,0,0,0,6,45,No Report
AMR,Temperate South America,Chile,Non-sentinel,2022,5,31/01/2022,,931,0,0,32,,30,62,0,0,0,0,62,869,No Report
AMR,Temperate South America,Chile,Sentinel,2022,5,31/01/2022,,46,0,0,3,,4,7,0,0,0,0,7,39,No Report
AMR,Temperate South America,Chile,Non-sentinel,2022,6,07/02/2022,,673,0,0,21,,24,45,0,0,0,0,45,628,No Report
AMR,Temperate South America,Chile,Sentinel,2022,6,07/02/2022,,23,0,0,4,,1,5,0,0,0,0,5,18,No Report
AMR,Temperate South America,Chile,Non-sentinel,2022,7,14/02/2022,,631,0,0,13,,11,24,0,0,0,0,24,607,No Report
AMR,Temperate South America,Chile,Sentinel,2022,7,14/02/2022,,23,0,0,2,,1,3,0,0,0,0,3,20,No Report
AMR,Temperate South America,Chile,Non-sentinel,2022,8,21/02/2022,,526,0,0,12,,3,15,0,0,0,0,15,511,No Report
AMR,Temperate South America,Chile,Sentinel,2022,8,21/02/2022,,19,0,0,2,,0,2,0,0,0,0,2,17,No Report
AMR,Temperate South America,Chile,Non-sentinel,2022,9,28/02/2022,,551,0,0,17,,7,24,0,0,0,0,24,527,No Report
AMR,Temperate South America,Chile,Sentinel,2022,9,28/02/2022,,23,0,0,1,,1,2,0,0,0,0,2,21,No Report
AMR,Temperate South America,Chile,Non-sentinel,2022,10,07/03/2022,,614,0,0,15,,8,23,0,0,0,0,23,591,No Report
AMR,Temperate South America,Chile,Sentinel,2022,10,07/03/2022,,32,0,0,1,,1,2,0,0,0,0,2,30,No Report
AMR,Temperate South America,Chile,Non-sentinel,2022,11,14/03/2022,,868,0,0,17,,3,20,0,0,0,0,20,848,No Report
AMR,Temperate South America,Chile,Sentinel,2022,11,14/03/2022,,41,0,0,2,,1,3,0,0,0,0,3,38,No Report
AMR,Temperate South America,Chile,Non-sentinel,2022,12,21/03/2022,,989,0,0,17,,10,27,0,0,0,0,27,962,No Report
AMR,Temperate South America,Chile,Sentinel,2022,12,21/03/2022,,39,0,0,5,,0,5,0,0,0,0,5,34,No Report
AMR,Temperate South America,Chile,Non-sentinel,2022,13,28/03/2022,,1151,0,0,16,,4,20,0,0,0,0,20,1131,No Report
AMR,Temperate South America,Chile,Sentinel,2022,13,28/03/2022,,54,0,0,6,,2,8,0,0,0,0,8,46,No Report
AMR,Temperate South America,Chile,Non-sentinel,2022,14,04/04/2022,,1078,0,0,27,,11,38,0,0,0,0,38,1040,No Report
AMR,Temperate South America,Chile,Sentinel,2022,14,04/04/2022,,72,0,0,2,,2,4,0,0,0,0,4,68,No Report
AMR,Temperate South America,Chile,Non-sentinel,2022,15,11/04/2022,,1163,0,0,31,,2,33,0,0,0,0,33,1130,No Report
AMR,Temperate South America,Chile,Sentinel,2022,15,11/04/2022,,76,0,0,8,,4,12,0,0,0,0,12,64,No Report
AMR,Temperate South America,Chile,Non-sentinel,2022,16,18/04/2022,,1342,0,0,40,,1,41,0,0,0,0,41,1301,No Report
AMR,Temperate South America,Chile,Sentinel,2022,16,18/04/2022,,75,0,0,8,,4,12,0,0,0,0,12,63,No Report
AMR,Temperate South America,Chile,Non-sentinel,2022,17,25/04/2022,,1503,0,0,50,,14,64,0,0,0,0,64,1439,No Report
AMR,Temperate South America,Chile,Sentinel,2022,17,25/04/2022,,111,0,0,16,,5,21,0,0,0,0,21,90,No Report
AMR,Temperate South America,Chile,Non-sentinel,2022,18,02/05/2022,,1702,0,0,90,,17,107,0,0,0,0,107,1595,No Report
AMR,Temperate South America,Chile,Sentinel,2022,18,02/05/2022,,204,0,0,24,,15,39,0,0,0,0,39,165,No Report
AMR,Temperate South America,Chile,Non-sentinel,2022,19,09/05/2022,,2155,0,0,99,,64,163,0,0,0,0,163,1992,No Report
AMR,Temperate South America,Chile,Sentinel,2022,19,09/05/2022,,299,0,0,18,,22,40,0,0,0,0,40,259,No Report
AMR,Temperate South America,Chile,Non-sentinel,2022,20,16/05/2022,,2640,0,0,89,,90,179,0,0,0,0,179,2461,No Report
AMR,Temperate South America,Chile,Sentinel,2022,20,16/05/2022,,331,0,0,17,,24,41,0,0,0,0,41,290,No Report
AMR,Temperate South America,Chile,Non-sentinel,2022,21,23/05/2022,,2857,0,0,111,,119,230,0,0,4,4,234,2623,No Report
AMR,Temperate South America,Chile,Sentinel,2022,21,23/05/2022,,405,0,0,15,,26,41,0,0,0,0,41,364,No Report
AMR,Temperate South America,Chile,Non-sentinel,2022,22,30/05/2022,,3045,0,0,112,,151,263,0,0,0,0,263,2782,No Report
AMR,Temperate South America,Chile,Sentinel,2022,22,30/05/2022,,345,0,0,14,,35,49,0,0,0,0,49,296,No Report
AMR,Temperate South America,Chile,Non-sentinel,2022,23,06/06/2022,,3519,0,0,134,,208,342,0,0,0,0,342,3177,No Report
AMR,Temperate South America,Chile,Sentinel,2022,23,06/06/2022,,392,0,0,23,,52,75,0,0,0,0,75,317,No Report
AMR,Temperate South America,Chile,Non-sentinel,2022,24,13/06/2022,,3445,0,0,139,,183,322,0,0,0,0,322,3123,No Report
AMR,Temperate South America,Chile,Sentinel,2022,24,13/06/2022,,345,0,0,11,,37,48,0,0,0,0,48,297,No Report
AMR,Temperate South America,Chile,Non-sentinel,2022,25,20/06/2022,,3321,0,1,120,,160,281,0,0,0,0,281,3040,No Report
AMR,Temperate South America,Chile,Sentinel,2022,25,20/06/2022,,366,0,0,18,,46,64,0,0,0,0,64,302,No Report
AMR,Temperate South America,Chile,Non-sentinel,2022,26,27/06/2022,,3068,0,0,128,,136,264,0,0,0,0,264,2804,No Report
AMR,Temperate South America,Chile,Sentinel,2022,26,27/06/2022,,296,0,0,8,,24,32,0,0,0,0,32,264,No Report
AMR,Temperate South America,Chile,Non-sentinel,2022,27,04/07/2022,,2848,0,0,117,,94,211,0,0,0,0,211,2637,No Report
AMR,Temperate South America,Chile,Sentinel,2022,27,04/07/2022,,312,0,0,15,,22,37,0,0,0,0,37,275,No Report
AMR,Temperate South America,Chile,Non-sentinel,2022,28,11/07/2022,,2481,0,0,108,,85,193,0,0,0,0,193,2288,No Report
AMR,Temperate South America,Chile,Sentinel,2022,28,11/07/2022,,240,0,0,14,,18,32,0,0,1,1,33,207,No Report
AMR,Temperate South America,Chile,Non-sentinel,2022,29,18/07/2022,,2092,0,0,85,,66,151,0,0,0,0,151,1941,No Report
AMR,Temperate South America,Chile,Sentinel,2022,29,18/07/2022,,214,0,0,3,,19,22,0,0,0,0,22,192,No Report
AMR,Temperate South America,Chile,Non-sentinel,2022,30,25/07/2022,,1892,0,0,106,,38,144,0,0,0,0,144,1748,No Report
AMR,Temperate South America,Chile,Sentinel,2022,30,25/07/2022,,211,0,0,7,,25,32,0,0,0,0,32,179,No Report
AMR,Temperate South America,Chile,Non-sentinel,2022,31,01/08/2022,,2251,0,0,107,,69,176,0,0,0,0,176,2075,No Report
AMR,Temperate South America,Chile,Sentinel,2022,31,01/08/2022,,298,0,0,11,,32,43,0,0,0,0,43,255,No Report
AMR,Temperate South America,Chile,Non-sentinel,2022,32,08/08/2022,,2670,0,0,117,,111,228,0,0,0,0,228,2442,No Report
AMR,Temperate South America,Chile,Sentinel,2022,32,08/08/2022,,353,0,1,10,,28,39,0,0,0,0,39,314,No Report
AMR,Temperate South America,Chile,Non-sentinel,2022,33,15/08/2022,,2609,0,0,102,,69,171,0,0,0,0,171,2438,No Report
AMR,Temperate South America,Chile,Sentinel,2022,33,15/08/2022,,252,0,0,6,,16,22,0,0,0,0,22,230,No Report
AMR,Temperate South America,Chile,Non-sentinel,2022,34,22/08/2022,,2553,0,0,97,,65,162,0,0,0,0,162,2391,No Report
AMR,Temperate South America,Chile,Sentinel,2022,34,22/08/2022,,294,0,0,5,,22,27,0,0,0,0,27,267,No Report
AMR,Temperate South America,Chile,Non-sentinel,2022,35,29/08/2022,,2437,0,0,60,,60,120,0,0,0,0,120,2317,No Report
AMR,Temperate South America,Chile,Sentinel,2022,35,29/08/2022,,269,0,0,5,,3,8,0,0,0,0,8,261,No Report
AMR,Temperate South America,Chile,Non-sentinel,2022,36,05/09/2022,,2282,0,0,72,,51,123,0,0,0,0,123,2159,No Report
AMR,Temperate South America,Chile,Sentinel,2022,36,05/09/2022,,269,0,0,5,,21,26,0,0,0,0,26,243,No Report
AMR,Temperate South America,Chile,Non-sentinel,2022,37,12/09/2022,,1968,0,0,60,,39,99,0,0,0,0,99,1869,No Report
AMR,Temperate South America,Chile,Sentinel,2022,37,12/09/2022,,175,0,0,4,,6,10,0,0,0,0,10,165,No Report
AMR,Temperate South America,Chile,Non-sentinel,2022,38,19/09/2022,,1998,0,0,48,,71,119,0,0,0,0,119,1879,No Report
AMR,Temperate South America,Chile,Sentinel,2022,38,19/09/2022,,172,0,0,2,,12,14,0,0,0,0,14,158,No Report
AMR,Temperate South America,Chile,Non-sentinel,2022,39,26/09/2022,,2090,0,0,81,,74,155,0,0,0,0,155,1935,No Report
AMR,Temperate South America,Chile,Sentinel,2022,39,26/09/2022,,188,0,0,2,,7,9,0,0,0,0,9,179,No Report
AMR,Temperate South America,Chile,Non-sentinel,2022,40,03/10/2022,,1990,0,2,91,,115,208,0,2,0,2,210,1780,No Report
AMR,Temperate South America,Chile,Sentinel,2022,40,03/10/2022,,198,0,0,4,,23,27,0,0,0,0,27,171,No Report
AMR,Temperate South America,Chile,Non-sentinel,2022,41,10/10/2022,,2102,0,3,108,,229,340,0,1,0,1,341,1761,No Report
AMR,Temperate South America,Chile,Sentinel,2022,41,10/10/2022,,221,0,0,6,,46,52,0,0,0,0,52,169,No Report
AMR,Temperate South America,Chile,Non-sentinel,2022,42,17/10/2022,,2716,0,3,138,,509,650,0,0,1,1,651,2065,No Report
AMR,Temperate South America,Chile,Sentinel,2022,42,17/10/2022,,275,0,1,7,,74,82,0,0,0,0,82,193,No Report
AMR,Temperate South America,Chile,Non-sentinel,2022,43,24/10/2022,,3158,0,5,110,,803,918,0,1,0,1,919,2239,No Report
AMR,Temperate South America,Chile,Sentinel,2022,43,24/10/2022,,267,0,0,23,,73,96,0,0,0,0,96,171,No Report
AMR,Temperate South America,Chile,Non-sentinel,2022,44,31/10/2022,,3019,0,2,121,,768,891,0,3,0,3,894,2125,No Report
AMR,Temperate South America,Chile,Sentinel,2022,44,31/10/2022,,284,0,1,29,,69,99,0,0,1,1,100,184,No Report
AMR,Temperate South America,Chile,Non-sentinel,2022,45,07/11/2022,,3118,0,3,139,,712,854,0,7,0,7,861,2257,No Report
AMR,Temperate South America,Chile,Sentinel,2022,45,07/11/2022,,316,0,0,23,,96,119,0,0,0,0,119,197,No Report
AMR,Temperate South America,Chile,Non-sentinel,2022,46,14/11/2022,,3064,0,6,157,,600,763,0,3,5,8,771,2293,No Report
AMR,Temperate South America,Chile,Sentinel,2022,46,14/11/2022,,309,0,1,31,,71,103,0,0,1,1,104,205,No Report
AMR,Temperate South America,Chile,Non-sentinel,2022,47,21/11/2022,,2886,0,7,109,,478,594,0,6,0,6,600,2286,No Report
AMR,Temperate South America,Chile,Sentinel,2022,47,21/11/2022,,275,0,3,18,,53,74,0,0,0,0,74,201,No Report
AMR,Temperate South America,Chile,Non-sentinel,2022,48,28/11/2022,,2465,0,5,107,,362,474,0,6,3,9,483,1982,No Report
AMR,Temperate South America,Chile,Sentinel,2022,48,28/11/2022,,324,0,2,26,,66,94,0,0,1,1,95,229,No Report
AMR,Temperate South America,Chile,Non-sentinel,2022,49,05/12/2022,,2189,0,8,100,,199,307,0,8,1,9,316,1873,No Report
AMR,Temperate South America,Chile,Sentinel,2022,49,05/12/2022,,241,0,0,14,,31,45,0,0,0,0,45,196,No Report
AMR,Temperate South America,Chile,Non-sentinel,2022,50,12/12/2022,,2077,0,9,72,,95,176,0,13,3,16,192,1885,No Report
AMR,Temperate South America,Chile,Sentinel,2022,50,12/12/2022,,206,0,2,11,,23,36,0,0,3,3,39,167,No Report
AMR,Temperate South America,Chile,Non-sentinel,2022,51,19/12/2022,,1871,0,4,25,,61,90,0,12,4,16,106,1765,No Report
AMR,Temperate South America,Chile,Sentinel,2022,51,19/12/2022,,181,0,0,7,,8,15,0,0,3,3,18,163,No Report
AMR,Temperate South America,Chile,Non-sentinel,2022,52,26/12/2022,,1674,0,0,23,,49,72,0,6,3,9,81,1593,No Report
AMR,Temperate South America,Chile,Sentinel,2022,52,26/12/2022,,114,0,1,0,,7,8,0,0,3,3,11,103,No Report