data_source,country,hemisphere,week,year,age_group,hsp_rate,hsp_rate_flu,hsp_rate_rsv,hsp_rate_covid19,cases_rate_flu,cases_rate_rsv,cases_rate_covid19,hsp_abs,hsp_abs_flu,hsp_abs_rsv,hsp_abs_covid,cases_abs_flu,cases_abs_rsv,cases_abs_covid,denominator,subtype_a_abs,subtype_b_abs,subtype_c_abs,subtype_a_rate,subtype_b_rate,subtype_c_rate
FluNet - Non Sentinel,FR,NH,1,2016,ALL,NA,0.11,0.11,NA,NA,NA,NA,NA,75,666,NA,NA,NA,NA,66688564,30,45,NA,0.04,0.07,NA
FluNet - Sentinel,FR,NH,1,2016,ALL,NA,0.75,0.6,NA,NA,NA,NA,NA,15,12,NA,NA,NA,NA,66688564,5,10,NA,0.25,0.5,NA
FluNet - Sentinel,FR,NH,2,2016,ALL,NA,1.2,0.45,NA,NA,NA,NA,NA,24,9,NA,NA,NA,NA,66688564,11,13,NA,0.55,0.65,NA
FluNet - Non Sentinel,FR,NH,2,2016,ALL,NA,0.16,0.16,NA,NA,NA,NA,NA,108,427,NA,NA,NA,NA,66688564,56,52,NA,0.08,0.08,NA
FluNet - Sentinel,FR,NH,3,2016,ALL,NA,3.2,0.55,NA,NA,NA,NA,NA,64,11,NA,NA,NA,NA,66688564,28,36,NA,1.4,1.8,NA
FluNet - Non Sentinel,FR,NH,3,2016,ALL,NA,0.34,0.34,NA,NA,NA,NA,NA,226,354,NA,NA,NA,NA,66688564,119,107,NA,0.18,0.16,NA
FluNet - Non Sentinel,FR,NH,4,2016,ALL,NA,0.69,0.69,NA,NA,NA,NA,NA,463,320,NA,NA,NA,NA,66688564,199,264,NA,0.3,0.4,NA
FluNet - Sentinel,FR,NH,4,2016,ALL,NA,6.1,0.55,NA,NA,NA,NA,NA,122,11,NA,NA,NA,NA,66688564,37,85,NA,1.85,4.25,NA
FluNet - Sentinel,FR,NH,5,2016,ALL,NA,8.7,0.35,NA,NA,NA,NA,NA,174,7,NA,NA,NA,NA,66688564,48,126,NA,2.4,6.3,NA
FluNet - Non Sentinel,FR,NH,5,2016,ALL,NA,0.98,0.98,NA,NA,NA,NA,NA,655,293,NA,NA,NA,NA,66688564,246,409,NA,0.37,0.61,NA
FluNet - Non Sentinel,FR,NH,6,2016,ALL,NA,1.24,1.24,NA,NA,NA,NA,NA,827,229,NA,NA,NA,NA,66688564,260,567,NA,0.39,0.85,NA
FluNet - Sentinel,FR,NH,6,2016,ALL,NA,9.2,0.4,NA,NA,NA,NA,NA,184,8,NA,NA,NA,NA,66688564,52,132,NA,2.6,6.6,NA
FluNet - Sentinel,FR,NH,7,2016,ALL,NA,10.1,0.2,NA,NA,NA,NA,NA,202,4,NA,NA,NA,NA,66688564,54,148,NA,2.7,7.4,NA
FluNet - Non Sentinel,FR,NH,7,2016,ALL,NA,1.51,1.51,NA,NA,NA,NA,NA,1006,133,NA,NA,NA,NA,66688564,323,683,NA,0.48,1.02,NA
FluNet - Sentinel,FR,NH,8,2016,ALL,NA,9.65,0.05,NA,NA,NA,NA,NA,193,1,NA,NA,NA,NA,66688564,53,140,NA,2.65,7,NA
FluNet - Non Sentinel,FR,NH,8,2016,ALL,NA,1.93,1.93,NA,NA,NA,NA,NA,1285,120,NA,NA,NA,NA,66688564,406,879,NA,0.61,1.32,NA
FluNet - Non Sentinel,FR,NH,9,2016,ALL,NA,1.74,1.74,NA,NA,NA,NA,NA,1159,100,NA,NA,NA,NA,66688564,382,777,NA,0.57,1.17,NA
FluNet - Sentinel,FR,NH,9,2016,ALL,NA,10.95,0.1,NA,NA,NA,NA,NA,219,2,NA,NA,NA,NA,66688564,50,169,NA,2.5,8.45,NA
FluNet - Sentinel,FR,NH,10,2016,ALL,NA,12.75,0.2,NA,NA,NA,NA,NA,255,4,NA,NA,NA,NA,66688564,62,193,NA,3.1,9.65,NA
FluNet - Non Sentinel,FR,NH,10,2016,ALL,NA,1.88,1.88,NA,NA,NA,NA,NA,1251,69,NA,NA,NA,NA,66688564,392,859,NA,0.59,1.29,NA
FluNet - Non Sentinel,FR,NH,11,2016,ALL,NA,2.03,2.03,NA,NA,NA,NA,NA,1354,74,NA,NA,NA,NA,66688564,450,904,NA,0.67,1.36,NA
FluNet - Sentinel,FR,NH,11,2016,ALL,NA,11,0.05,NA,NA,NA,NA,NA,220,1,NA,NA,NA,NA,66688564,51,169,NA,2.55,8.45,NA
FluNet - Sentinel,FR,NH,12,2016,ALL,NA,8.7,0,NA,NA,NA,NA,NA,174,0,NA,NA,NA,NA,66688564,47,127,NA,2.35,6.35,NA
FluNet - Non Sentinel,FR,NH,12,2016,ALL,NA,1.72,1.72,NA,NA,NA,NA,NA,1145,48,NA,NA,NA,NA,66688564,354,791,NA,0.53,1.19,NA
FluNet - Sentinel,FR,NH,13,2016,ALL,NA,5.6,0.05,NA,NA,NA,NA,NA,112,1,NA,NA,NA,NA,66688564,41,71,NA,2.05,3.55,NA
FluNet - Non Sentinel,FR,NH,13,2016,ALL,NA,1.44,1.44,NA,NA,NA,NA,NA,961,42,NA,NA,NA,NA,66688564,389,572,NA,0.58,0.86,NA
FluNet - Non Sentinel,FR,NH,14,2016,ALL,NA,1.04,1.04,NA,NA,NA,NA,NA,693,39,NA,NA,NA,NA,66688564,310,383,NA,0.46,0.57,NA
FluNet - Sentinel,FR,NH,14,2016,ALL,NA,3.8,0,NA,NA,NA,NA,NA,76,0,NA,NA,NA,NA,66688564,29,47,NA,1.45,2.35,NA
FluNet - Sentinel,FR,NH,15,2016,ALL,NA,2.05,0,NA,NA,NA,NA,NA,41,0,NA,NA,NA,NA,66688564,20,21,NA,1,1.05,NA
FluNet - Non Sentinel,FR,NH,15,2016,ALL,NA,0.52,0.52,NA,NA,NA,NA,NA,344,30,NA,NA,NA,NA,66688564,160,184,NA,0.24,0.28,NA
FluNet - Non Sentinel,FR,NH,16,2016,ALL,NA,0.31,0.31,NA,NA,NA,NA,NA,205,12,NA,NA,NA,NA,66688564,110,95,NA,0.16,0.14,NA
FluNet - Sentinel,FR,NH,16,2016,ALL,NA,0.9,0.05,NA,NA,NA,NA,NA,18,1,NA,NA,NA,NA,66688564,13,5,NA,0.65,0.25,NA
FluNet - Sentinel,FR,NH,17,2016,ALL,NA,0.35,0,NA,NA,NA,NA,NA,7,0,NA,NA,NA,NA,66688564,5,2,NA,0.25,0.1,NA
FluNet - Non Sentinel,FR,NH,17,2016,ALL,NA,0.15,0.15,NA,NA,NA,NA,NA,100,18,NA,NA,NA,NA,66688564,63,37,NA,0.09,0.06,NA
FluNet - Sentinel,FR,NH,18,2016,ALL,NA,0.15,0,NA,NA,NA,NA,NA,3,0,NA,NA,NA,NA,66688564,2,1,NA,0.1,0.05,NA
FluNet - Non Sentinel,FR,NH,18,2016,ALL,NA,0.08,0.08,NA,NA,NA,NA,NA,53,10,NA,NA,NA,NA,66688564,32,21,NA,0.05,0.03,NA
FluNet - Non Sentinel,FR,NH,19,2016,ALL,NA,0.04,0.04,NA,NA,NA,NA,NA,26,9,NA,NA,NA,NA,66688564,17,9,NA,0.03,0.01,NA
FluNet - Sentinel,FR,NH,19,2016,ALL,NA,0,0,NA,NA,NA,NA,NA,0,0,NA,NA,NA,NA,66688564,0,0,NA,0,0,NA
FluNet - Sentinel,FR,NH,20,2016,ALL,NA,0,0,NA,NA,NA,NA,NA,0,0,NA,NA,NA,NA,66688564,0,0,NA,0,0,NA
FluNet - Non Sentinel,FR,NH,20,2016,ALL,NA,0.02,0.02,NA,NA,NA,NA,NA,11,7,NA,NA,NA,NA,66688564,9,2,NA,0.01,0,NA
FluNet - Sentinel,FR,NH,40,2016,ALL,NA,0,0,NA,NA,NA,NA,NA,0,0,NA,NA,NA,NA,66688564,0,0,NA,0,0,NA
FluNet - Non Sentinel,FR,NH,40,2016,ALL,NA,0.02,0.02,NA,NA,NA,NA,NA,15,22,NA,NA,NA,NA,66688564,13,2,NA,0.02,0,NA
FluNet - Non Sentinel,FR,NH,41,2016,ALL,NA,0.02,0.02,NA,NA,NA,NA,NA,12,23,NA,NA,NA,NA,66688564,12,0,NA,0.02,0,NA
FluNet - Sentinel,FR,NH,41,2016,ALL,NA,0.1,0,NA,NA,NA,NA,NA,2,0,NA,NA,NA,NA,66688564,2,0,NA,0.1,0,NA
FluNet - Sentinel,FR,NH,42,2016,ALL,NA,0.05,0,NA,NA,NA,NA,NA,1,0,NA,NA,NA,NA,66688564,1,0,NA,0.05,0,NA
FluNet - Non Sentinel,FR,NH,42,2016,ALL,NA,0.03,0.03,NA,NA,NA,NA,NA,22,72,NA,NA,NA,NA,66688564,20,2,NA,0.03,0,NA
FluNet - Sentinel,FR,NH,43,2016,ALL,NA,0.15,0.15,NA,NA,NA,NA,NA,3,3,NA,NA,NA,NA,66688564,3,0,NA,0.15,0,NA
FluNet - Non Sentinel,FR,NH,43,2016,ALL,NA,0.02,0.02,NA,NA,NA,NA,NA,16,96,NA,NA,NA,NA,66688564,15,1,NA,0.02,0,NA
FluNet - Non Sentinel,FR,NH,44,2016,ALL,NA,0.05,0.05,NA,NA,NA,NA,NA,35,119,NA,NA,NA,NA,66688564,28,7,NA,0.04,0.01,NA
FluNet - Sentinel,FR,NH,44,2016,ALL,NA,0.1,0.1,NA,NA,NA,NA,NA,2,2,NA,NA,NA,NA,66688564,2,0,NA,0.1,0,NA
FluNet - Sentinel,FR,NH,45,2016,ALL,NA,0.45,0.15,NA,NA,NA,NA,NA,9,3,NA,NA,NA,NA,66688564,9,0,NA,0.45,0,NA
FluNet - Non Sentinel,FR,NH,45,2016,ALL,NA,0.04,0.04,NA,NA,NA,NA,NA,25,149,NA,NA,NA,NA,66688564,25,0,NA,0.04,0,NA
FluNet - Non Sentinel,FR,NH,46,2016,ALL,NA,0.06,0.06,NA,NA,NA,NA,NA,40,305,NA,NA,NA,NA,66688564,40,0,NA,0.06,0,NA
FluNet - Sentinel,FR,NH,46,2016,ALL,NA,0.75,0.65,NA,NA,NA,NA,NA,15,13,NA,NA,NA,NA,66688564,15,0,NA,0.75,0,NA
FluNet - Sentinel,FR,NH,47,2016,ALL,NA,1.1,0.85,NA,NA,NA,NA,NA,22,17,NA,NA,NA,NA,66688564,20,2,NA,1,0.1,NA
FluNet - Non Sentinel,FR,NH,47,2016,ALL,NA,0.1,0.1,NA,NA,NA,NA,NA,70,428,NA,NA,NA,NA,66688564,62,8,NA,0.09,0.01,NA
FluNet - Sentinel,FR,NH,48,2016,ALL,NA,1.6,0.75,NA,NA,NA,NA,NA,32,15,NA,NA,NA,NA,66688564,32,0,NA,1.6,0,NA
FluNet - Non Sentinel,FR,NH,48,2016,ALL,NA,0.17,0.17,NA,NA,NA,NA,NA,113,601,NA,NA,NA,NA,66688564,105,8,NA,0.16,0.01,NA
FluNet - Non Sentinel,FR,NH,49,2016,ALL,NA,0.4,0.4,NA,NA,NA,NA,NA,268,790,NA,NA,NA,NA,66688564,265,3,NA,0.4,0,NA
FluNet - Sentinel,FR,NH,49,2016,ALL,NA,3.75,1.55,NA,NA,NA,NA,NA,75,31,NA,NA,NA,NA,66688564,75,0,NA,3.75,0,NA
FluNet - Sentinel,FR,NH,50,2016,ALL,NA,7.25,1.75,NA,NA,NA,NA,NA,145,35,NA,NA,NA,NA,66688564,144,1,NA,7.2,0.05,NA
FluNet - Non Sentinel,FR,NH,50,2016,ALL,NA,1.09,1.09,NA,NA,NA,NA,NA,725,899,NA,NA,NA,NA,66688564,723,2,NA,1.08,0,NA
FluNet - Non Sentinel,FR,NH,51,2016,ALL,NA,2.31,2.31,NA,NA,NA,NA,NA,1541,1057,NA,NA,NA,NA,66688564,1533,8,NA,2.3,0.01,NA
FluNet - Sentinel,FR,NH,51,2016,ALL,NA,7.1,1.2,NA,NA,NA,NA,NA,142,24,NA,NA,NA,NA,66688564,142,0,NA,7.1,0,NA
FluNet - Sentinel,FR,NH,52,2016,ALL,NA,5.05,0.9,NA,NA,NA,NA,NA,101,18,NA,NA,NA,NA,66688564,101,0,NA,5.05,0,NA
FluNet - Non Sentinel,FR,NH,52,2016,ALL,NA,3.25,3.25,NA,NA,NA,NA,NA,2165,1052,NA,NA,NA,NA,66688564,2154,11,NA,3.23,0.02,NA
FluNet - Sentinel,FR,NH,1,2017,ALL,NA,6.33,0.95,NA,NA,NA,NA,NA,127,19,NA,NA,NA,NA,66883321,127,0,NA,6.33,0,NA
FluNet - Non Sentinel,FR,NH,1,2017,ALL,NA,2.88,2.88,NA,NA,NA,NA,NA,1926,806,NA,NA,NA,NA,66883321,1916,10,NA,2.86,0.01,NA
FluNet - Non Sentinel,FR,NH,2,2017,ALL,NA,2.78,2.78,NA,NA,NA,NA,NA,1859,637,NA,NA,NA,NA,66883321,1853,6,NA,2.77,0.01,NA
FluNet - Sentinel,FR,NH,2,2017,ALL,NA,9.02,0.9,NA,NA,NA,NA,NA,181,18,NA,NA,NA,NA,66883321,181,0,NA,9.02,0,NA
FluNet - Non Sentinel,FR,NH,3,2017,ALL,NA,2.03,2.03,NA,NA,NA,NA,NA,1360,591,NA,NA,NA,NA,66883321,1356,4,NA,2.03,0.01,NA
FluNet - Sentinel,FR,NH,3,2017,ALL,NA,8.47,0.85,NA,NA,NA,NA,NA,170,17,NA,NA,NA,NA,66883321,170,0,NA,8.47,0,NA
FluNet - Non Sentinel,FR,NH,4,2017,ALL,NA,2.14,2.14,NA,NA,NA,NA,NA,1433,572,NA,NA,NA,NA,66883321,1424,9,NA,2.13,0.01,NA
FluNet - Sentinel,FR,NH,4,2017,ALL,NA,7.23,0.35,NA,NA,NA,NA,NA,145,7,NA,NA,NA,NA,66883321,145,0,NA,7.23,0,NA
FluNet - Sentinel,FR,NH,5,2017,ALL,NA,6.18,0.4,NA,NA,NA,NA,NA,124,8,NA,NA,NA,NA,66883321,124,0,NA,6.18,0,NA
FluNet - Non Sentinel,FR,NH,5,2017,ALL,NA,2.12,2.12,NA,NA,NA,NA,NA,1421,569,NA,NA,NA,NA,66883321,1404,17,NA,2.1,0.03,NA
FluNet - Sentinel,FR,NH,6,2017,ALL,NA,3.39,0.6,NA,NA,NA,NA,NA,68,12,NA,NA,NA,NA,66883321,68,0,NA,3.39,0,NA
FluNet - Non Sentinel,FR,NH,6,2017,ALL,NA,1.17,1.17,NA,NA,NA,NA,NA,784,472,NA,NA,NA,NA,66883321,773,11,NA,1.16,0.02,NA
FluNet - Non Sentinel,FR,NH,7,2017,ALL,NA,0.76,0.76,NA,NA,NA,NA,NA,508,364,NA,NA,NA,NA,66883321,492,16,NA,0.74,0.02,NA
FluNet - Sentinel,FR,NH,7,2017,ALL,NA,2.04,0.45,NA,NA,NA,NA,NA,41,9,NA,NA,NA,NA,66883321,40,1,NA,1.99,0.05,NA
FluNet - Non Sentinel,FR,NH,8,2017,ALL,NA,0.34,0.34,NA,NA,NA,NA,NA,227,332,NA,NA,NA,NA,66883321,210,17,NA,0.31,0.03,NA
FluNet - Sentinel,FR,NH,8,2017,ALL,NA,0.7,0,NA,NA,NA,NA,NA,14,0,NA,NA,NA,NA,66883321,13,1,NA,0.65,0.05,NA
FluNet - Non Sentinel,FR,NH,9,2017,ALL,NA,0.19,0.19,NA,NA,NA,NA,NA,126,223,NA,NA,NA,NA,66883321,118,8,NA,0.18,0.01,NA
FluNet - Sentinel,FR,NH,9,2017,ALL,NA,0.55,0.1,NA,NA,NA,NA,NA,11,2,NA,NA,NA,NA,66883321,10,1,NA,0.5,0.05,NA
FluNet - Sentinel,FR,NH,10,2017,ALL,NA,0.2,0.1,NA,NA,NA,NA,NA,4,2,NA,NA,NA,NA,66883321,4,0,NA,0.2,0,NA
FluNet - Non Sentinel,FR,NH,10,2017,ALL,NA,0.11,0.11,NA,NA,NA,NA,NA,71,136,NA,NA,NA,NA,66883321,64,7,NA,0.1,0.01,NA
FluNet - Sentinel,FR,NH,11,2017,ALL,NA,0.05,0,NA,NA,NA,NA,NA,1,0,NA,NA,NA,NA,66883321,1,0,NA,0.05,0,NA
FluNet - Non Sentinel,FR,NH,11,2017,ALL,NA,0.08,0.08,NA,NA,NA,NA,NA,51,111,NA,NA,NA,NA,66883321,37,14,NA,0.06,0.02,NA
FluNet - Non Sentinel,FR,NH,12,2017,ALL,NA,0.04,0.04,NA,NA,NA,NA,NA,27,73,NA,NA,NA,NA,66883321,23,4,NA,0.03,0.01,NA
FluNet - Sentinel,FR,NH,12,2017,ALL,NA,0.1,0,NA,NA,NA,NA,NA,2,0,NA,NA,NA,NA,66883321,2,0,NA,0.1,0,NA
FluNet - Non Sentinel,FR,NH,13,2017,ALL,NA,0.02,0.02,NA,NA,NA,NA,NA,13,49,NA,NA,NA,NA,66883321,5,8,NA,0.01,0.01,NA
FluNet - Sentinel,FR,NH,13,2017,ALL,NA,0,0,NA,NA,NA,NA,NA,0,0,NA,NA,NA,NA,66883321,0,0,NA,0,0,NA
FluNet - Non Sentinel,FR,NH,14,2017,ALL,NA,0,0,NA,NA,NA,NA,NA,3,40,NA,NA,NA,NA,66883321,1,2,NA,0,0,NA
FluNet - Sentinel,FR,NH,14,2017,ALL,NA,0,0,NA,NA,NA,NA,NA,0,0,NA,NA,NA,NA,66883321,0,0,NA,0,0,NA
FluNet - Non Sentinel,FR,NH,15,2017,ALL,NA,0,0,NA,NA,NA,NA,NA,0,11,NA,NA,NA,NA,66883321,0,0,NA,0,0,NA
FluNet - Sentinel,FR,NH,15,2017,ALL,NA,0,0,NA,NA,NA,NA,NA,0,0,NA,NA,NA,NA,66883321,0,0,NA,0,0,NA
FluNet - Non Sentinel,FR,NH,40,2017,ALL,NA,0,0,NA,NA,NA,NA,NA,3,22,NA,NA,NA,NA,66883321,2,1,NA,0,0,NA
FluNet - Sentinel,FR,NH,40,2017,ALL,NA,0,0,NA,NA,NA,NA,NA,0,0,NA,NA,NA,NA,66883321,0,0,NA,0,0,NA
FluNet - Sentinel,FR,NH,41,2017,ALL,NA,0,0,NA,NA,NA,NA,NA,0,0,NA,NA,NA,NA,66883321,0,0,NA,0,0,NA
FluNet - Non Sentinel,FR,NH,41,2017,ALL,NA,0.01,0.01,NA,NA,NA,NA,NA,8,45,NA,NA,NA,NA,66883321,7,1,NA,0.01,0,NA
FluNet - Sentinel,FR,NH,42,2017,ALL,NA,0.1,0.1,NA,NA,NA,NA,NA,2,2,NA,NA,NA,NA,66883321,2,0,NA,0.1,0,NA
FluNet - Non Sentinel,FR,NH,42,2017,ALL,NA,0.01,0.01,NA,NA,NA,NA,NA,7,102,NA,NA,NA,NA,66883321,6,1,NA,0.01,0,NA
FluNet - Non Sentinel,FR,NH,43,2017,ALL,NA,0.02,0.02,NA,NA,NA,NA,NA,16,184,NA,NA,NA,NA,66883321,14,2,NA,0.02,0,NA
FluNet - Sentinel,FR,NH,43,2017,ALL,NA,0.1,0,NA,NA,NA,NA,NA,2,0,NA,NA,NA,NA,66883321,2,0,NA,0.1,0,NA
FluNet - Non Sentinel,FR,NH,44,2017,ALL,NA,0.04,0.04,NA,NA,NA,NA,NA,26,253,NA,NA,NA,NA,66883321,22,4,NA,0.03,0.01,NA
FluNet - Sentinel,FR,NH,44,2017,ALL,NA,0,0.2,NA,NA,NA,NA,NA,0,4,NA,NA,NA,NA,66883321,0,0,NA,0,0,NA
FluNet - Non Sentinel,FR,NH,45,2017,ALL,NA,0.03,0.03,NA,NA,NA,NA,NA,20,296,NA,NA,NA,NA,66883321,13,7,NA,0.02,0.01,NA
FluNet - Sentinel,FR,NH,45,2017,ALL,NA,0.15,0.1,NA,NA,NA,NA,NA,3,2,NA,NA,NA,NA,66883321,2,1,NA,0.1,0.05,NA
FluNet - Sentinel,FR,NH,46,2017,ALL,NA,0.25,0.45,NA,NA,NA,NA,NA,5,9,NA,NA,NA,NA,66883321,4,1,NA,0.2,0.05,NA
FluNet - Non Sentinel,FR,NH,46,2017,ALL,NA,0.05,0.05,NA,NA,NA,NA,NA,32,382,NA,NA,NA,NA,66883321,26,6,NA,0.04,0.01,NA
FluNet - Sentinel,FR,NH,47,2017,ALL,NA,0.5,0.45,NA,NA,NA,NA,NA,10,9,NA,NA,NA,NA,66883321,7,3,NA,0.35,0.15,NA
FluNet - Non Sentinel,FR,NH,47,2017,ALL,NA,0.1,0.1,NA,NA,NA,NA,NA,70,695,NA,NA,NA,NA,66883321,55,15,NA,0.08,0.02,NA
FluNet - Non Sentinel,FR,NH,48,2017,ALL,NA,0.17,0.17,NA,NA,NA,NA,NA,116,810,NA,NA,NA,NA,66883321,92,24,NA,0.14,0.04,NA
FluNet - Sentinel,FR,NH,48,2017,ALL,NA,0.85,0.6,NA,NA,NA,NA,NA,17,12,NA,NA,NA,NA,66883321,12,5,NA,0.6,0.25,NA
FluNet - Non Sentinel,FR,NH,49,2017,ALL,NA,0.46,0.46,NA,NA,NA,NA,NA,310,889,NA,NA,NA,NA,66883321,239,71,NA,0.36,0.11,NA
FluNet - Sentinel,FR,NH,49,2017,ALL,NA,1.54,1.05,NA,NA,NA,NA,NA,31,21,NA,NA,NA,NA,66883321,23,8,NA,1.15,0.4,NA
FluNet - Non Sentinel,FR,NH,50,2017,ALL,NA,0.92,0.92,NA,NA,NA,NA,NA,612,1026,NA,NA,NA,NA,66883321,470,142,NA,0.7,0.21,NA
FluNet - Sentinel,FR,NH,50,2017,ALL,NA,3.94,1,NA,NA,NA,NA,NA,79,20,NA,NA,NA,NA,66883321,64,15,NA,3.19,0.75,NA
FluNet - Sentinel,FR,NH,51,2017,ALL,NA,6.13,0.5,NA,NA,NA,NA,NA,123,10,NA,NA,NA,NA,66883321,97,26,NA,4.83,1.3,NA
FluNet - Non Sentinel,FR,NH,51,2017,ALL,NA,1.85,1.85,NA,NA,NA,NA,NA,1238,1081,NA,NA,NA,NA,66883321,922,316,NA,1.38,0.47,NA
FluNet - Sentinel,FR,NH,52,2017,ALL,NA,3.99,0.75,NA,NA,NA,NA,NA,80,15,NA,NA,NA,NA,66883321,56,24,NA,2.79,1.2,NA
FluNet - Non Sentinel,FR,NH,52,2017,ALL,NA,3.21,3.21,NA,NA,NA,NA,NA,2150,1074,NA,NA,NA,NA,66883321,1610,540,NA,2.41,0.81,NA
FluNet - Non Sentinel,FR,NH,1,2018,ALL,NA,3.46,3.46,NA,NA,NA,NA,NA,2320,1042,NA,NA,NA,NA,67125071,1486,834,NA,2.21,1.24,NA
FluNet - Sentinel,FR,NH,1,2018,ALL,NA,4.87,0.7,NA,NA,NA,NA,NA,98,14,NA,NA,NA,NA,67125071,68,30,NA,3.38,1.49,NA
FluNet - Sentinel,FR,NH,2,2018,ALL,NA,4.87,0.74,NA,NA,NA,NA,NA,98,15,NA,NA,NA,NA,67125071,61,37,NA,3.03,1.84,NA
FluNet - Non Sentinel,FR,NH,2,2018,ALL,NA,2.32,2.32,NA,NA,NA,NA,NA,1554,703,NA,NA,NA,NA,67125071,883,671,NA,1.32,1,NA
FluNet - Non Sentinel,FR,NH,3,2018,ALL,NA,2.06,2.06,NA,NA,NA,NA,NA,1385,478,NA,NA,NA,NA,67125071,859,526,NA,1.28,0.78,NA
FluNet - Sentinel,FR,NH,3,2018,ALL,NA,5.71,0.65,NA,NA,NA,NA,NA,115,13,NA,NA,NA,NA,67125071,68,47,NA,3.38,2.33,NA
FluNet - Sentinel,FR,NH,4,2018,ALL,NA,6.26,0.6,NA,NA,NA,NA,NA,126,12,NA,NA,NA,NA,67125071,74,52,NA,3.67,2.58,NA
FluNet - Non Sentinel,FR,NH,4,2018,ALL,NA,1.94,1.94,NA,NA,NA,NA,NA,1302,395,NA,NA,NA,NA,67125071,766,536,NA,1.14,0.8,NA
FluNet - Sentinel,FR,NH,5,2018,ALL,NA,6.06,0.5,NA,NA,NA,NA,NA,122,10,NA,NA,NA,NA,67125071,53,69,NA,2.63,3.43,NA
FluNet - Non Sentinel,FR,NH,5,2018,ALL,NA,1.92,1.92,NA,NA,NA,NA,NA,1286,364,NA,NA,NA,NA,67125071,704,582,NA,1.05,0.87,NA
FluNet - Non Sentinel,FR,NH,6,2018,ALL,NA,1.88,1.88,NA,NA,NA,NA,NA,1262,249,NA,NA,NA,NA,67125071,668,594,NA,1,0.88,NA
FluNet - Sentinel,FR,NH,6,2018,ALL,NA,5.36,0.2,NA,NA,NA,NA,NA,108,4,NA,NA,NA,NA,67125071,45,63,NA,2.23,3.13,NA
FluNet - Sentinel,FR,NH,7,2018,ALL,NA,4.87,0.45,NA,NA,NA,NA,NA,98,9,NA,NA,NA,NA,67125071,43,55,NA,2.14,2.73,NA
FluNet - Non Sentinel,FR,NH,7,2018,ALL,NA,2.24,2.24,NA,NA,NA,NA,NA,1502,236,NA,NA,NA,NA,67125071,684,818,NA,1.02,1.22,NA
FluNet - Non Sentinel,FR,NH,8,2018,ALL,NA,2.44,2.44,NA,NA,NA,NA,NA,1641,254,NA,NA,NA,NA,67125071,576,1065,NA,0.86,1.59,NA
FluNet - Sentinel,FR,NH,8,2018,ALL,NA,6.01,0.05,NA,NA,NA,NA,NA,121,1,NA,NA,NA,NA,67125071,40,81,NA,1.99,4.02,NA
FluNet - Sentinel,FR,NH,9,2018,ALL,NA,4.77,0.1,NA,NA,NA,NA,NA,96,2,NA,NA,NA,NA,67125071,38,58,NA,1.89,2.88,NA
FluNet - Non Sentinel,FR,NH,9,2018,ALL,NA,2.54,2.54,NA,NA,NA,NA,NA,1704,205,NA,NA,NA,NA,67125071,649,1055,NA,0.97,1.57,NA
FluNet - Sentinel,FR,NH,10,2018,ALL,NA,4.52,0.2,NA,NA,NA,NA,NA,91,4,NA,NA,NA,NA,67125071,30,61,NA,1.49,3.03,NA
FluNet - Non Sentinel,FR,NH,10,2018,ALL,NA,2.48,2.48,NA,NA,NA,NA,NA,1666,161,NA,NA,NA,NA,67125071,501,1165,NA,0.75,1.74,NA
FluNet - Non Sentinel,FR,NH,11,2018,ALL,NA,1.87,1.87,NA,NA,NA,NA,NA,1253,107,NA,NA,NA,NA,67125071,345,908,NA,0.51,1.35,NA
FluNet - Sentinel,FR,NH,11,2018,ALL,NA,3.08,0,NA,NA,NA,NA,NA,62,0,NA,NA,NA,NA,67125071,22,40,NA,1.09,1.99,NA
FluNet - Sentinel,FR,NH,12,2018,ALL,NA,2.63,0.05,NA,NA,NA,NA,NA,53,1,NA,NA,NA,NA,67125071,18,35,NA,0.89,1.74,NA
FluNet - Non Sentinel,FR,NH,12,2018,ALL,NA,1.09,1.09,NA,NA,NA,NA,NA,732,120,NA,NA,NA,NA,67125071,230,502,NA,0.34,0.75,NA
FluNet - Non Sentinel,FR,NH,13,2018,ALL,NA,1,1,NA,NA,NA,NA,NA,673,89,NA,NA,NA,NA,67125071,209,464,NA,0.31,0.69,NA
FluNet - Sentinel,FR,NH,13,2018,ALL,NA,1.69,0,NA,NA,NA,NA,NA,34,0,NA,NA,NA,NA,67125071,9,25,NA,0.45,1.24,NA
FluNet - Sentinel,FR,NH,14,2018,ALL,NA,0.55,0,NA,NA,NA,NA,NA,11,0,NA,NA,NA,NA,67125071,5,6,NA,0.25,0.3,NA
FluNet - Non Sentinel,FR,NH,14,2018,ALL,NA,0.62,0.62,NA,NA,NA,NA,NA,413,59,NA,NA,NA,NA,67125071,145,268,NA,0.22,0.4,NA
FluNet - Sentinel,FR,NH,15,2018,ALL,NA,0.7,0.05,NA,NA,NA,NA,NA,14,1,NA,NA,NA,NA,67125071,3,11,NA,0.15,0.55,NA
FluNet - Non Sentinel,FR,NH,15,2018,ALL,NA,0.42,0.42,NA,NA,NA,NA,NA,282,76,NA,NA,NA,NA,67125071,95,187,NA,0.14,0.28,NA
FluNet - Non Sentinel,FR,NH,16,2018,ALL,NA,0.19,0.19,NA,NA,NA,NA,NA,126,40,NA,NA,NA,NA,67125071,41,85,NA,0.06,0.13,NA
FluNet - Sentinel,FR,NH,16,2018,ALL,NA,0.1,0,NA,NA,NA,NA,NA,2,0,NA,NA,NA,NA,67125071,0,2,NA,0,0.1,NA
FluNet - Sentinel,FR,NH,17,2018,ALL,NA,0.1,0,NA,NA,NA,NA,NA,2,0,NA,NA,NA,NA,67125071,0,2,NA,0,0.1,NA
FluNet - Non Sentinel,FR,NH,17,2018,ALL,NA,0.12,0.12,NA,NA,NA,NA,NA,78,53,NA,NA,NA,NA,67125071,24,54,NA,0.04,0.08,NA
FluNet - Non Sentinel,FR,NH,18,2018,ALL,NA,0.04,0.04,NA,NA,NA,NA,NA,26,19,NA,NA,NA,NA,67125071,6,20,NA,0.01,0.03,NA
FluNet - Sentinel,FR,NH,18,2018,ALL,NA,0.05,0,NA,NA,NA,NA,NA,1,0,NA,NA,NA,NA,67125071,1,0,NA,0.05,0,NA
FluNet - Sentinel,FR,NH,19,2018,ALL,NA,0,0,NA,NA,NA,NA,NA,0,0,NA,NA,NA,NA,67125071,0,0,NA,0,0,NA
FluNet - Non Sentinel,FR,NH,19,2018,ALL,NA,0.01,0.01,NA,NA,NA,NA,NA,7,11,NA,NA,NA,NA,67125071,4,3,NA,0.01,0,NA
FluNet - Sentinel,FR,NH,20,2018,ALL,NA,0,0,NA,NA,NA,NA,NA,0,0,NA,NA,NA,NA,67125071,0,0,NA,0,0,NA
FluNet - Non Sentinel,FR,NH,20,2018,ALL,NA,0,0,NA,NA,NA,NA,NA,2,4,NA,NA,NA,NA,67125071,0,2,NA,0,0,NA
FluNet - Sentinel,FR,NH,40,2018,ALL,NA,0,0,NA,NA,NA,NA,NA,0,0,NA,NA,NA,NA,67125071,0,0,NA,0,0,NA
FluNet - Non Sentinel,FR,NH,40,2018,ALL,NA,0.01,0.01,NA,NA,NA,NA,NA,4,13,NA,NA,NA,NA,67125071,4,0,NA,0.01,0,NA
FluNet - Non Sentinel,FR,NH,41,2018,ALL,NA,0.02,0.02,NA,NA,NA,NA,NA,14,22,NA,NA,NA,NA,67125071,13,1,NA,0.02,0,NA
FluNet - Sentinel,FR,NH,41,2018,ALL,NA,0,0.05,NA,NA,NA,NA,NA,0,1,NA,NA,NA,NA,67125071,0,0,NA,0,0,NA
FluNet - Sentinel,FR,NH,42,2018,ALL,NA,0.05,0.15,NA,NA,NA,NA,NA,1,3,NA,NA,NA,NA,67125071,1,0,NA,0.05,0,NA
FluNet - Non Sentinel,FR,NH,42,2018,ALL,NA,0.02,0.02,NA,NA,NA,NA,NA,14,59,NA,NA,NA,NA,67125071,13,1,NA,0.02,0,NA
FluNet - Non Sentinel,FR,NH,43,2018,ALL,NA,0.02,0.02,NA,NA,NA,NA,NA,12,86,NA,NA,NA,NA,67125071,12,0,NA,0.02,0,NA
FluNet - Sentinel,FR,NH,43,2018,ALL,NA,0.05,0.1,NA,NA,NA,NA,NA,1,2,NA,NA,NA,NA,67125071,1,0,NA,0.05,0,NA
FluNet - Sentinel,FR,NH,44,2018,ALL,NA,0,0,NA,NA,NA,NA,NA,0,0,NA,NA,NA,NA,67125071,0,0,NA,0,0,NA
FluNet - Non Sentinel,FR,NH,44,2018,ALL,NA,0.01,0.01,NA,NA,NA,NA,NA,6,149,NA,NA,NA,NA,67125071,6,0,NA,0.01,0,NA
FluNet - Sentinel,FR,NH,45,2018,ALL,NA,0.05,0.1,NA,NA,NA,NA,NA,1,2,NA,NA,NA,NA,67125071,1,0,NA,0.05,0,NA
FluNet - Non Sentinel,FR,NH,45,2018,ALL,NA,0.02,0.02,NA,NA,NA,NA,NA,16,177,NA,NA,NA,NA,67125071,15,1,NA,0.02,0,NA
FluNet - Non Sentinel,FR,NH,46,2018,ALL,NA,0.03,0.03,NA,NA,NA,NA,NA,21,256,NA,NA,NA,NA,67125071,18,3,NA,0.03,0,NA
FluNet - Sentinel,FR,NH,46,2018,ALL,NA,0.05,0.15,NA,NA,NA,NA,NA,1,3,NA,NA,NA,NA,67125071,1,0,NA,0.05,0,NA
FluNet - Sentinel,FR,NH,47,2018,ALL,NA,0.15,0.5,NA,NA,NA,NA,NA,3,10,NA,NA,NA,NA,67125071,3,0,NA,0.15,0,NA
FluNet - Non Sentinel,FR,NH,47,2018,ALL,NA,0.04,0.04,NA,NA,NA,NA,NA,28,546,NA,NA,NA,NA,67125071,26,2,NA,0.04,0,NA
FluNet - Non Sentinel,FR,NH,48,2018,ALL,NA,0.07,0.07,NA,NA,NA,NA,NA,50,864,NA,NA,NA,NA,67125071,47,3,NA,0.07,0,NA
FluNet - Sentinel,FR,NH,48,2018,ALL,NA,0.3,0.79,NA,NA,NA,NA,NA,6,16,NA,NA,NA,NA,67125071,6,0,NA,0.3,0,NA
FluNet - Sentinel,FR,NH,49,2018,ALL,NA,0.45,0.84,NA,NA,NA,NA,NA,9,17,NA,NA,NA,NA,67125071,9,0,NA,0.45,0,NA
FluNet - Non Sentinel,FR,NH,49,2018,ALL,NA,0.11,0.11,NA,NA,NA,NA,NA,74,1105,NA,NA,NA,NA,67125071,69,5,NA,0.1,0.01,NA
FluNet - Sentinel,FR,NH,50,2018,ALL,NA,0.7,0.84,NA,NA,NA,NA,NA,14,17,NA,NA,NA,NA,67125071,14,0,NA,0.7,0,NA
FluNet - Non Sentinel,FR,NH,50,2018,ALL,NA,0.14,0.14,NA,NA,NA,NA,NA,93,1172,NA,NA,NA,NA,67125071,87,6,NA,0.13,0.01,NA
FluNet - Non Sentinel,FR,NH,51,2018,ALL,NA,0.38,0.38,NA,NA,NA,NA,NA,258,1283,NA,NA,NA,NA,67125071,254,4,NA,0.38,0.01,NA
FluNet - Sentinel,FR,NH,51,2018,ALL,NA,0.89,0.89,NA,NA,NA,NA,NA,18,18,NA,NA,NA,NA,67125071,18,0,NA,0.89,0,NA
FluNet - Sentinel,FR,NH,52,2018,ALL,NA,1.04,0.45,NA,NA,NA,NA,NA,21,9,NA,NA,NA,NA,67125071,21,0,NA,1.04,0,NA
FluNet - Non Sentinel,FR,NH,52,2018,ALL,NA,0.71,0.71,NA,NA,NA,NA,NA,479,1252,NA,NA,NA,NA,67125071,469,10,NA,0.7,0.01,NA
FluNet - Non Sentinel,FR,NH,1,2019,ALL,NA,1.01,1.01,NA,NA,NA,NA,NA,679,1331,NA,NA,NA,NA,67356052,675,4,NA,1,0.01,NA
FluNet - Sentinel,FR,NH,1,2019,ALL,NA,1.53,0.49,NA,NA,NA,NA,NA,31,10,NA,NA,NA,NA,67356052,31,0,NA,1.53,0,NA
FluNet - Non Sentinel,FR,NH,2,2019,ALL,NA,1.35,1.35,NA,NA,NA,NA,NA,911,1043,NA,NA,NA,NA,67356052,895,16,NA,1.33,0.02,NA
FluNet - Sentinel,FR,NH,2,2019,ALL,NA,3.91,0.49,NA,NA,NA,NA,NA,79,10,NA,NA,NA,NA,67356052,79,0,NA,3.91,0,NA
FluNet - Sentinel,FR,NH,3,2019,ALL,NA,5.44,0.59,NA,NA,NA,NA,NA,110,12,NA,NA,NA,NA,67356052,110,0,NA,5.44,0,NA
FluNet - Non Sentinel,FR,NH,3,2019,ALL,NA,2.14,2.14,NA,NA,NA,NA,NA,1444,914,NA,NA,NA,NA,67356052,1430,14,NA,2.12,0.02,NA
FluNet - Sentinel,FR,NH,4,2019,ALL,NA,7.67,0.54,NA,NA,NA,NA,NA,155,11,NA,NA,NA,NA,67356052,155,0,NA,7.67,0,NA
FluNet - Non Sentinel,FR,NH,4,2019,ALL,NA,3.8,3.8,NA,NA,NA,NA,NA,2557,848,NA,NA,NA,NA,67356052,2550,7,NA,3.79,0.01,NA
FluNet - Non Sentinel,FR,NH,5,2019,ALL,NA,5.49,5.49,NA,NA,NA,NA,NA,3697,765,NA,NA,NA,NA,67356052,3689,8,NA,5.48,0.01,NA
FluNet - Sentinel,FR,NH,5,2019,ALL,NA,9.9,0.25,NA,NA,NA,NA,NA,200,5,NA,NA,NA,NA,67356052,200,0,NA,9.9,0,NA
FluNet - Non Sentinel,FR,NH,6,2019,ALL,NA,6.44,6.44,NA,NA,NA,NA,NA,4341,666,NA,NA,NA,NA,67356052,4330,11,NA,6.43,0.02,NA
FluNet - Sentinel,FR,NH,6,2019,ALL,NA,9.5,0.4,NA,NA,NA,NA,NA,192,8,NA,NA,NA,NA,67356052,192,0,NA,9.5,0,NA
FluNet - Non Sentinel,FR,NH,7,2019,ALL,NA,5.63,5.63,NA,NA,NA,NA,NA,3792,521,NA,NA,NA,NA,67356052,3780,12,NA,5.61,0.02,NA
FluNet - Sentinel,FR,NH,7,2019,ALL,NA,7.27,0.25,NA,NA,NA,NA,NA,147,5,NA,NA,NA,NA,67356052,147,0,NA,7.27,0,NA
FluNet - Sentinel,FR,NH,8,2019,ALL,NA,5.25,0,NA,NA,NA,NA,NA,106,0,NA,NA,NA,NA,67356052,106,0,NA,5.25,0,NA
FluNet - Non Sentinel,FR,NH,8,2019,ALL,NA,4,4,NA,NA,NA,NA,NA,2694,383,NA,NA,NA,NA,67356052,2685,9,NA,3.99,0.01,NA
FluNet - Sentinel,FR,NH,9,2019,ALL,NA,3.46,0.3,NA,NA,NA,NA,NA,70,6,NA,NA,NA,NA,67356052,70,0,NA,3.46,0,NA
FluNet - Non Sentinel,FR,NH,9,2019,ALL,NA,2.15,2.15,NA,NA,NA,NA,NA,1450,273,NA,NA,NA,NA,67356052,1445,5,NA,2.15,0.01,NA
FluNet - Non Sentinel,FR,NH,10,2019,ALL,NA,0.99,0.99,NA,NA,NA,NA,NA,665,163,NA,NA,NA,NA,67356052,657,8,NA,0.98,0.01,NA
FluNet - Sentinel,FR,NH,10,2019,ALL,NA,1.98,0.05,NA,NA,NA,NA,NA,40,1,NA,NA,NA,NA,67356052,40,0,NA,1.98,0,NA
FluNet - Non Sentinel,FR,NH,11,2019,ALL,NA,0.46,0.46,NA,NA,NA,NA,NA,313,129,NA,NA,NA,NA,67356052,308,5,NA,0.46,0.01,NA
FluNet - Sentinel,FR,NH,11,2019,ALL,NA,1.83,0.2,NA,NA,NA,NA,NA,37,4,NA,NA,NA,NA,67356052,37,0,NA,1.83,0,NA
FluNet - Non Sentinel,FR,NH,12,2019,ALL,NA,0.27,0.27,NA,NA,NA,NA,NA,183,87,NA,NA,NA,NA,67356052,177,6,NA,0.26,0.01,NA
FluNet - Sentinel,FR,NH,12,2019,ALL,NA,0.94,0,NA,NA,NA,NA,NA,19,0,NA,NA,NA,NA,67356052,19,0,NA,0.94,0,NA
FluNet - Sentinel,FR,NH,13,2019,ALL,NA,0.79,0.05,NA,NA,NA,NA,NA,16,1,NA,NA,NA,NA,67356052,14,2,NA,0.69,0.1,NA
FluNet - Non Sentinel,FR,NH,13,2019,ALL,NA,0.13,0.13,NA,NA,NA,NA,NA,88,75,NA,NA,NA,NA,67356052,84,4,NA,0.12,0.01,NA
FluNet - Sentinel,FR,NH,14,2019,ALL,NA,0.35,0,NA,NA,NA,NA,NA,7,0,NA,NA,NA,NA,67356052,7,0,NA,0.35,0,NA
FluNet - Non Sentinel,FR,NH,14,2019,ALL,NA,0.09,0.09,NA,NA,NA,NA,NA,62,59,NA,NA,NA,NA,67356052,59,3,NA,0.09,0,NA
FluNet - Non Sentinel,FR,NH,15,2019,ALL,NA,0.07,0.07,NA,NA,NA,NA,NA,46,54,NA,NA,NA,NA,67356052,41,5,NA,0.06,0.01,NA
FluNet - Sentinel,FR,NH,15,2019,ALL,NA,0.3,0.1,NA,NA,NA,NA,NA,6,2,NA,NA,NA,NA,67356052,6,0,NA,0.3,0,NA
FluNet - Non Sentinel,FR,NH,16,2019,ALL,NA,0.04,0.04,NA,NA,NA,NA,NA,28,33,NA,NA,NA,NA,67356052,27,1,NA,0.04,0,NA
FluNet - Sentinel,FR,NH,16,2019,ALL,NA,0.05,0,NA,NA,NA,NA,NA,1,0,NA,NA,NA,NA,67356052,0,1,NA,0,0.05,NA
FluNet - Non Sentinel,FR,NH,17,2019,ALL,NA,0.01,0.01,NA,NA,NA,NA,NA,10,18,NA,NA,NA,NA,67356052,9,1,NA,0.01,0,NA
FluNet - Sentinel,FR,NH,17,2019,ALL,NA,0,0,NA,NA,NA,NA,NA,0,0,NA,NA,NA,NA,67356052,0,0,NA,0,0,NA
FluNet - Non Sentinel,FR,NH,40,2019,ALL,NA,0.01,0.01,NA,NA,NA,NA,NA,5,18,NA,NA,NA,NA,67356052,5,0,NA,0.01,0,NA
FluNet - Sentinel,FR,NH,40,2019,ALL,NA,0.05,0,NA,NA,NA,NA,NA,1,0,NA,NA,NA,NA,67356052,0,1,NA,0,0.05,NA
FluNet - Sentinel,FR,NH,41,2019,ALL,NA,0.05,0,NA,NA,NA,NA,NA,1,0,NA,NA,NA,NA,67356052,1,0,NA,0.05,0,NA
FluNet - Non Sentinel,FR,NH,41,2019,ALL,NA,0.01,0.01,NA,NA,NA,NA,NA,6,23,NA,NA,NA,NA,67356052,5,1,NA,0.01,0,NA
FluNet - Non Sentinel,FR,NH,42,2019,ALL,NA,0.02,0.02,NA,NA,NA,NA,NA,14,48,NA,NA,NA,NA,67356052,13,1,NA,0.02,0,NA
FluNet - Sentinel,FR,NH,42,2019,ALL,NA,0.05,0.05,NA,NA,NA,NA,NA,1,1,NA,NA,NA,NA,67356052,1,0,NA,0.05,0,NA
FluNet - Sentinel,FR,NH,43,2019,ALL,NA,0,0,NA,NA,NA,NA,NA,0,0,NA,NA,NA,NA,67356052,0,0,NA,0,0,NA
FluNet - Non Sentinel,FR,NH,43,2019,ALL,NA,0.02,0.02,NA,NA,NA,NA,NA,12,116,NA,NA,NA,NA,67356052,9,3,NA,0.01,0,NA
FluNet - Sentinel,FR,NH,44,2019,ALL,NA,0,0.05,NA,NA,NA,NA,NA,0,1,NA,NA,NA,NA,67356052,0,0,NA,0,0,NA
FluNet - Non Sentinel,FR,NH,44,2019,ALL,NA,0.01,0.01,NA,NA,NA,NA,NA,10,121,NA,NA,NA,NA,67356052,6,4,NA,0.01,0.01,NA
FluNet - Non Sentinel,FR,NH,45,2019,ALL,NA,0.03,0.03,NA,NA,NA,NA,NA,21,165,NA,NA,NA,NA,67356052,15,6,NA,0.02,0.01,NA
FluNet - Sentinel,FR,NH,45,2019,ALL,NA,0.1,0.05,NA,NA,NA,NA,NA,2,1,NA,NA,NA,NA,67356052,1,1,NA,0.05,0.05,NA
FluNet - Sentinel,FR,NH,46,2019,ALL,NA,0.15,0.35,NA,NA,NA,NA,NA,3,7,NA,NA,NA,NA,67356052,3,0,NA,0.15,0,NA
FluNet - Non Sentinel,FR,NH,46,2019,ALL,NA,0.04,0.04,NA,NA,NA,NA,NA,29,243,NA,NA,NA,NA,67356052,23,6,NA,0.03,0.01,NA
FluNet - Non Sentinel,FR,NH,47,2019,ALL,NA,0.05,0.05,NA,NA,NA,NA,NA,32,412,NA,NA,NA,NA,67356052,17,15,NA,0.03,0.02,NA
FluNet - Sentinel,FR,NH,47,2019,ALL,NA,0.3,0.25,NA,NA,NA,NA,NA,6,5,NA,NA,NA,NA,67356052,6,0,NA,0.3,0,NA
FluNet - Sentinel,FR,NH,48,2019,ALL,NA,0.54,0.84,NA,NA,NA,NA,NA,11,17,NA,NA,NA,NA,67356052,6,5,NA,0.3,0.25,NA
FluNet - Non Sentinel,FR,NH,48,2019,ALL,NA,0.09,0.09,NA,NA,NA,NA,NA,63,616,NA,NA,NA,NA,67356052,37,26,NA,0.05,0.04,NA
FluNet - Sentinel,FR,NH,49,2019,ALL,NA,0.64,0.45,NA,NA,NA,NA,NA,13,9,NA,NA,NA,NA,67356052,5,8,NA,0.25,0.4,NA
FluNet - Non Sentinel,FR,NH,49,2019,ALL,NA,0.14,0.14,NA,NA,NA,NA,NA,93,830,NA,NA,NA,NA,67356052,49,44,NA,0.07,0.07,NA
FluNet - Non Sentinel,FR,NH,50,2019,ALL,NA,0.24,0.24,NA,NA,NA,NA,NA,161,976,NA,NA,NA,NA,67356052,98,63,NA,0.15,0.09,NA
FluNet - Sentinel,FR,NH,50,2019,ALL,NA,1.19,0.89,NA,NA,NA,NA,NA,24,18,NA,NA,NA,NA,67356052,8,16,NA,0.4,0.79,NA
FluNet - Sentinel,FR,NH,51,2019,ALL,NA,1.93,0.99,NA,NA,NA,NA,NA,39,20,NA,NA,NA,NA,67356052,18,21,NA,0.89,1.04,NA
FluNet - Non Sentinel,FR,NH,51,2019,ALL,NA,0.43,0.43,NA,NA,NA,NA,NA,290,1001,NA,NA,NA,NA,67356052,172,118,NA,0.26,0.18,NA
FluNet - Non Sentinel,FR,NH,52,2019,ALL,NA,0.55,0.55,NA,NA,NA,NA,NA,373,998,NA,NA,NA,NA,67356052,240,133,NA,0.36,0.2,NA
FluNet - Sentinel,FR,NH,52,2019,ALL,NA,0.94,0.3,NA,NA,NA,NA,NA,19,6,NA,NA,NA,NA,67356052,7,12,NA,0.35,0.59,NA
FluNet - Non Sentinel,FR,NH,1,2022,ALL,NA,0.72,0.72,16.64,NA,NA,NA,NA,489,704,11297,NA,NA,NA,67885000,487,2,NA,0.72,0,NA
FluNet - Sentinel,FR,NH,1,2022,ALL,NA,0.79,0.34,16.64,NA,NA,NA,NA,16,7,11297,NA,NA,NA,67885000,16,0,NA,0.79,0,NA
FluNet - Sentinel,FR,NH,2,2022,ALL,NA,0.54,0.1,21.45,NA,NA,NA,NA,11,2,14560,NA,NA,NA,67885000,11,0,NA,0.54,0,NA
FluNet - Non Sentinel,FR,NH,2,2022,ALL,NA,0.79,0.79,21.45,NA,NA,NA,NA,538,495,14560,NA,NA,NA,67885000,538,0,NA,0.79,0,NA
FluNet - Non Sentinel,FR,NH,3,2022,ALL,NA,0.7,0.7,23.89,NA,NA,NA,NA,477,290,16216,NA,NA,NA,67885000,473,4,NA,0.7,0.01,NA
FluNet - Sentinel,FR,NH,3,2022,ALL,NA,1.03,0.15,23.89,NA,NA,NA,NA,21,3,16216,NA,NA,NA,67885000,21,0,NA,1.03,0,NA
FluNet - Sentinel,FR,NH,4,2022,ALL,NA,1.13,0.1,27.59,NA,NA,NA,NA,23,2,18729,NA,NA,NA,67885000,23,0,NA,1.13,0,NA
FluNet - Non Sentinel,FR,NH,4,2022,ALL,NA,0.84,0.84,27.59,NA,NA,NA,NA,571,255,18729,NA,NA,NA,67885000,566,5,NA,0.83,0.01,NA
FluNet - Sentinel,FR,NH,5,2022,ALL,NA,1.82,0,29,NA,NA,NA,NA,37,0,19686,NA,NA,NA,67885000,37,0,NA,1.82,0,NA
FluNet - Non Sentinel,FR,NH,5,2022,ALL,NA,0.99,0.99,29,NA,NA,NA,NA,674,162,19686,NA,NA,NA,67885000,671,3,NA,0.99,0,NA
FluNet - Non Sentinel,FR,NH,6,2022,ALL,NA,1.33,1.33,29.66,NA,NA,NA,NA,906,159,20136,NA,NA,NA,67885000,903,3,NA,1.33,0,NA
FluNet - Sentinel,FR,NH,6,2022,ALL,NA,1.28,0,29.66,NA,NA,NA,NA,26,0,20136,NA,NA,NA,67885000,26,0,NA,1.28,0,NA
FluNet - Sentinel,FR,NH,7,2022,ALL,NA,1.13,0.15,22.58,NA,NA,NA,NA,23,3,15327,NA,NA,NA,67885000,23,0,NA,1.13,0,NA
FluNet - Non Sentinel,FR,NH,7,2022,ALL,NA,1.42,1.42,22.58,NA,NA,NA,NA,961,111,15327,NA,NA,NA,67885000,957,4,NA,1.41,0.01,NA
FluNet - Non Sentinel,FR,NH,8,2022,ALL,NA,1.25,1.25,17.37,NA,NA,NA,NA,847,70,11794,NA,NA,NA,67885000,844,3,NA,1.24,0,NA
FluNet - Sentinel,FR,NH,8,2022,ALL,NA,0.98,0,17.37,NA,NA,NA,NA,20,0,11794,NA,NA,NA,67885000,20,0,NA,0.98,0,NA
FluNet - Sentinel,FR,NH,9,2022,ALL,NA,2.21,0.1,12.86,NA,NA,NA,NA,45,2,8729,NA,NA,NA,67885000,45,0,NA,2.21,0,NA
FluNet - Non Sentinel,FR,NH,9,2022,ALL,NA,1.43,1.43,12.86,NA,NA,NA,NA,971,73,8729,NA,NA,NA,67885000,970,1,NA,1.43,0,NA
FluNet - Sentinel,FR,NH,10,2022,ALL,NA,3.49,0.15,9.78,NA,NA,NA,NA,71,3,6636,NA,NA,NA,67885000,71,0,NA,3.49,0,NA
FluNet - Non Sentinel,FR,NH,10,2022,ALL,NA,2.17,2.17,9.78,NA,NA,NA,NA,1472,59,6636,NA,NA,NA,67885000,1471,1,NA,2.17,0,NA
FluNet - Non Sentinel,FR,NH,11,2022,ALL,NA,2.6,2.6,10.04,NA,NA,NA,NA,1763,73,6816,NA,NA,NA,67885000,1760,3,NA,2.59,0,NA
FluNet - Sentinel,FR,NH,11,2022,ALL,NA,4.66,0,10.04,NA,NA,NA,NA,95,0,6816,NA,NA,NA,67885000,95,0,NA,4.66,0,NA
FluNet - Sentinel,FR,NH,12,2022,ALL,NA,4.32,0,11.01,NA,NA,NA,NA,88,0,7473,NA,NA,NA,67885000,88,0,NA,4.32,0,NA
FluNet - Non Sentinel,FR,NH,12,2022,ALL,NA,2.97,2.97,11.01,NA,NA,NA,NA,2016,67,7473,NA,NA,NA,67885000,2013,3,NA,2.97,0,NA
FluNet - Non Sentinel,FR,NH,13,2022,ALL,NA,3.33,3.33,11.89,NA,NA,NA,NA,2260,49,8073,NA,NA,NA,67885000,2241,19,NA,3.3,0.03,NA
FluNet - Sentinel,FR,NH,13,2022,ALL,NA,3.78,0.05,11.89,NA,NA,NA,NA,77,1,8073,NA,NA,NA,67885000,77,0,NA,3.78,0,NA
FluNet - Sentinel,FR,NH,14,2022,ALL,NA,3.49,0.05,15.08,NA,NA,NA,NA,71,1,10239,NA,NA,NA,67885000,71,0,NA,3.49,0,NA
FluNet - Non Sentinel,FR,NH,14,2022,ALL,NA,2.88,2.88,15.08,NA,NA,NA,NA,1954,37,10239,NA,NA,NA,67885000,1951,3,NA,2.87,0,NA
FluNet - Sentinel,FR,NH,15,2022,ALL,NA,2.41,0,16.48,NA,NA,NA,NA,49,0,11188,NA,NA,NA,67885000,49,0,NA,2.41,0,NA
FluNet - Non Sentinel,FR,NH,15,2022,ALL,NA,2.42,2.42,16.48,NA,NA,NA,NA,1640,50,11188,NA,NA,NA,67885000,1636,4,NA,2.41,0.01,NA
FluNet - Non Sentinel,FR,NH,16,2022,ALL,NA,1.31,1.31,17.35,NA,NA,NA,NA,890,35,11776,NA,NA,NA,67885000,888,2,NA,1.31,0,NA
FluNet - Sentinel,FR,NH,16,2022,ALL,NA,0.79,0,17.35,NA,NA,NA,NA,16,0,11776,NA,NA,NA,67885000,16,0,NA,0.79,0,NA
FluNet - Non Sentinel,FR,NH,17,2022,ALL,NA,0.67,0.67,14.78,NA,NA,NA,NA,452,39,10032,NA,NA,NA,67885000,452,0,NA,0.67,0,NA
FluNet - Sentinel,FR,NH,17,2022,ALL,NA,0.69,0.05,14.78,NA,NA,NA,NA,14,1,10032,NA,NA,NA,67885000,14,0,NA,0.69,0,NA
FluNet - Non Sentinel,FR,NH,18,2022,ALL,NA,0.3,0.3,13.02,NA,NA,NA,NA,206,35,8842,NA,NA,NA,67885000,204,2,NA,0.3,0,NA
FluNet - Sentinel,FR,NH,18,2022,ALL,NA,0.39,0.1,13.02,NA,NA,NA,NA,8,2,8842,NA,NA,NA,67885000,8,0,NA,0.39,0,NA
FluNet - Sentinel,FR,NH,19,2022,ALL,NA,0.25,0.05,10.86,NA,NA,NA,NA,5,1,7369,NA,NA,NA,67885000,5,0,NA,0.25,0,NA
FluNet - Non Sentinel,FR,NH,19,2022,ALL,NA,0.17,0.17,10.86,NA,NA,NA,NA,118,25,7369,NA,NA,NA,67885000,115,3,NA,0.17,0,NA
FluNet - Sentinel,FR,NH,20,2022,ALL,NA,0.1,0.1,7.82,NA,NA,NA,NA,2,2,5307,NA,NA,NA,67885000,2,0,NA,0.1,0,NA
FluNet - Non Sentinel,FR,NH,20,2022,ALL,NA,0.11,0.11,7.82,NA,NA,NA,NA,73,26,5307,NA,NA,NA,67885000,70,3,NA,0.1,0,NA
FluNet - Non Sentinel,FR,NH,21,2022,ALL,NA,0.06,0.06,5.9,NA,NA,NA,NA,38,31,4006,NA,NA,NA,67885000,38,0,NA,0.06,0,NA
FluNet - Sentinel,FR,NH,21,2022,ALL,NA,0.15,0,5.9,NA,NA,NA,NA,3,0,4006,NA,NA,NA,67885000,3,0,NA,0.15,0,NA
FluNet - Non Sentinel,FR,NH,22,2022,ALL,NA,0.02,0.02,4.13,NA,NA,NA,NA,16,29,2803,NA,NA,NA,67885000,15,1,NA,0.02,0,NA
FluNet - Sentinel,FR,NH,22,2022,ALL,NA,0.05,0.05,4.13,NA,NA,NA,NA,1,1,2803,NA,NA,NA,67885000,1,0,NA,0.05,0,NA
FluNet - Non Sentinel,FR,NH,23,2022,ALL,NA,0.02,0.02,4.21,NA,NA,NA,NA,15,34,2859,NA,NA,NA,67885000,14,1,NA,0.02,0,NA
FluNet - Sentinel,FR,NH,23,2022,ALL,NA,0.1,0,4.21,NA,NA,NA,NA,2,0,2859,NA,NA,NA,67885000,2,0,NA,0.1,0,NA
FluNet - Sentinel,FR,NH,24,2022,ALL,NA,0,0,4.49,NA,NA,NA,NA,0,0,3045,NA,NA,NA,67885000,0,0,NA,0,0,NA
FluNet - Non Sentinel,FR,NH,24,2022,ALL,NA,0.02,0.02,4.49,NA,NA,NA,NA,11,29,3045,NA,NA,NA,67885000,10,1,NA,0.01,0,NA
FluNet - Sentinel,FR,NH,25,2022,ALL,NA,0,0,5.33,NA,NA,NA,NA,0,0,3616,NA,NA,NA,67885000,0,0,NA,0,0,NA
FluNet - Non Sentinel,FR,NH,25,2022,ALL,NA,0.02,0.02,5.33,NA,NA,NA,NA,15,45,3616,NA,NA,NA,67885000,13,2,NA,0.02,0,NA
FluNet - Non Sentinel,FR,NH,26,2022,ALL,NA,0.01,0.01,7.56,NA,NA,NA,NA,4,38,5132,NA,NA,NA,67885000,4,0,NA,0.01,0,NA
FluNet - Sentinel,FR,NH,26,2022,ALL,NA,0.05,0,7.56,NA,NA,NA,NA,1,0,5132,NA,NA,NA,67885000,1,0,NA,0.05,0,NA
FluNet - Non Sentinel,FR,NH,27,2022,ALL,NA,0.01,0.01,9.93,NA,NA,NA,NA,4,46,6743,NA,NA,NA,67885000,4,0,NA,0.01,0,NA
FluNet - Sentinel,FR,NH,27,2022,ALL,NA,0,0,9.93,NA,NA,NA,NA,0,0,6743,NA,NA,NA,67885000,0,0,NA,0,0,NA
FluNet - Non Sentinel,FR,NH,28,2022,ALL,NA,0.01,0.01,13.58,NA,NA,NA,NA,8,42,9221,NA,NA,NA,67885000,7,1,NA,0.01,0,NA
FluNet - Sentinel,FR,NH,28,2022,ALL,NA,0,0,13.58,NA,NA,NA,NA,0,0,9221,NA,NA,NA,67885000,0,0,NA,0,0,NA
FluNet - Sentinel,FR,NH,29,2022,ALL,NA,0,0,14.18,NA,NA,NA,NA,0,0,9623,NA,NA,NA,67885000,0,0,NA,0,0,NA
FluNet - Non Sentinel,FR,NH,29,2022,ALL,NA,0.02,0.02,14.18,NA,NA,NA,NA,11,38,9623,NA,NA,NA,67885000,10,1,NA,0.01,0,NA
FluNet - Sentinel,FR,NH,30,2022,ALL,NA,0,0,14.9,NA,NA,NA,NA,0,0,10113,NA,NA,NA,67885000,0,0,NA,0,0,NA
FluNet - Non Sentinel,FR,NH,30,2022,ALL,NA,0.02,0.02,14.9,NA,NA,NA,NA,12,30,10113,NA,NA,NA,67885000,12,0,NA,0.02,0,NA
FluNet - Non Sentinel,FR,NH,31,2022,ALL,NA,0.02,0.02,11.68,NA,NA,NA,NA,13,7,7926,NA,NA,NA,67885000,11,2,NA,0.02,0,NA
FluNet - Sentinel,FR,NH,31,2022,ALL,NA,0,0,11.68,NA,NA,NA,NA,0,0,7926,NA,NA,NA,67885000,0,0,NA,0,0,NA
FluNet - Non Sentinel,FR,NH,32,2022,ALL,NA,0.02,0.02,8.69,NA,NA,NA,NA,13,18,5898,NA,NA,NA,67885000,12,1,NA,0.02,0,NA
FluNet - Sentinel,FR,NH,32,2022,ALL,NA,0,0,8.69,NA,NA,NA,NA,0,0,5898,NA,NA,NA,67885000,0,0,NA,0,0,NA
FluNet - Non Sentinel,FR,NH,33,2022,ALL,NA,0.05,0.05,6.95,NA,NA,NA,NA,33,22,4721,NA,NA,NA,67885000,29,4,NA,0.04,0.01,NA
FluNet - Sentinel,FR,NH,33,2022,ALL,NA,0,0,6.95,NA,NA,NA,NA,0,0,4721,NA,NA,NA,67885000,0,0,NA,0,0,NA
FluNet - Sentinel,FR,NH,34,2022,ALL,NA,0,0,5.66,NA,NA,NA,NA,0,0,3841,NA,NA,NA,67885000,0,0,NA,0,0,NA
FluNet - Non Sentinel,FR,NH,34,2022,ALL,NA,0.03,0.03,5.66,NA,NA,NA,NA,19,15,3841,NA,NA,NA,67885000,18,1,NA,0.03,0,NA
FluNet - Sentinel,FR,NH,35,2022,ALL,NA,0,0,4.75,NA,NA,NA,NA,0,0,3227,NA,NA,NA,67885000,0,0,NA,0,0,NA
FluNet - Non Sentinel,FR,NH,35,2022,ALL,NA,0.02,0.02,4.75,NA,NA,NA,NA,12,24,3227,NA,NA,NA,67885000,12,0,NA,0.02,0,NA
FluNet - Non Sentinel,FR,NH,36,2022,ALL,NA,0.03,0.03,3.94,NA,NA,NA,NA,20,17,2676,NA,NA,NA,67885000,18,2,NA,0.03,0,NA
FluNet - Sentinel,FR,NH,36,2022,ALL,NA,0,0,3.94,NA,NA,NA,NA,0,0,2676,NA,NA,NA,67885000,0,0,NA,0,0,NA
FluNet - Non Sentinel,FR,NH,37,2022,ALL,NA,0.05,0.05,3.77,NA,NA,NA,NA,33,46,2556,NA,NA,NA,67885000,31,2,NA,0.05,0,NA
FluNet - Sentinel,FR,NH,37,2022,ALL,NA,0,0,3.77,NA,NA,NA,NA,0,0,2556,NA,NA,NA,67885000,0,0,NA,0,0,NA
FluNet - Non Sentinel,FR,NH,38,2022,ALL,NA,0.04,0.04,3.89,NA,NA,NA,NA,27,79,2643,NA,NA,NA,67885000,20,7,NA,0.03,0.01,NA
FluNet - Sentinel,FR,NH,38,2022,ALL,NA,0.05,0,3.89,NA,NA,NA,NA,1,0,2643,NA,NA,NA,67885000,1,0,NA,0.05,0,NA
FluNet - Sentinel,FR,NH,39,2022,ALL,NA,0.2,0,4.56,NA,NA,NA,NA,4,0,3095,NA,NA,NA,67885000,4,0,NA,0.2,0,NA
FluNet - Non Sentinel,FR,NH,39,2022,ALL,NA,0.08,0.08,4.56,NA,NA,NA,NA,51,134,3095,NA,NA,NA,67885000,41,10,NA,0.06,0.01,NA
FluNet - Sentinel,FR,NH,40,2022,ALL,NA,0.39,0,7.37,NA,NA,NA,NA,8,0,5003,NA,NA,NA,67885000,8,0,NA,0.39,0,NA
FluNet - Non Sentinel,FR,NH,40,2022,ALL,NA,0.07,0.07,7.37,NA,NA,NA,NA,47,361,5003,NA,NA,NA,67885000,42,5,NA,0.06,0.01,NA
FluNet - Non Sentinel,FR,NH,41,2022,ALL,NA,0.09,0.09,10.07,NA,NA,NA,NA,64,369,6834,NA,NA,NA,67885000,58,6,NA,0.09,0.01,NA
FluNet - Sentinel,FR,NH,41,2022,ALL,NA,0.44,0.2,10.07,NA,NA,NA,NA,9,4,6834,NA,NA,NA,67885000,9,0,NA,0.44,0,NA
FluNet - Non Sentinel,FR,NH,42,2022,ALL,NA,0.13,0.13,11.5,NA,NA,NA,NA,87,691,7806,NA,NA,NA,67885000,75,12,NA,0.11,0.02,NA
FluNet - Sentinel,FR,NH,42,2022,ALL,NA,0.64,0.79,11.5,NA,NA,NA,NA,13,16,7806,NA,NA,NA,67885000,13,0,NA,0.64,0,NA
FluNet - Non Sentinel,FR,NH,43,2022,ALL,NA,0.18,0.18,11.73,NA,NA,NA,NA,125,1236,7965,NA,NA,NA,67885000,110,15,NA,0.16,0.02,NA
FluNet - Sentinel,FR,NH,43,2022,ALL,NA,0.54,0.69,11.73,NA,NA,NA,NA,11,14,7965,NA,NA,NA,67885000,11,0,NA,0.54,0,NA
FluNet - Sentinel,FR,NH,44,2022,ALL,NA,0.49,0.69,9.42,NA,NA,NA,NA,10,14,6394,NA,NA,NA,67885000,10,0,NA,0.49,0,NA
FluNet - Non Sentinel,FR,NH,44,2022,ALL,NA,0.17,0.17,9.42,NA,NA,NA,NA,113,1564,6394,NA,NA,NA,67885000,95,18,NA,0.14,0.03,NA
FluNet - Sentinel,FR,NH,45,2022,ALL,NA,0.2,1.08,6.54,NA,NA,NA,NA,4,22,4442,NA,NA,NA,67885000,4,0,NA,0.2,0,NA
FluNet - Non Sentinel,FR,NH,45,2022,ALL,NA,0.26,0.26,6.54,NA,NA,NA,NA,175,1537,4442,NA,NA,NA,67885000,151,24,NA,0.22,0.04,NA
FluNet - Non Sentinel,FR,NH,46,2022,ALL,NA,0.45,0.45,6.13,NA,NA,NA,NA,303,2114,4163,NA,NA,NA,67885000,282,21,NA,0.42,0.03,NA
FluNet - Sentinel,FR,NH,46,2022,ALL,NA,0.88,2.11,6.13,NA,NA,NA,NA,18,43,4163,NA,NA,NA,67885000,16,2,NA,0.79,0.1,NA
FluNet - Non Sentinel,FR,NH,47,2022,ALL,NA,0.79,0.79,8.12,NA,NA,NA,NA,538,2559,5512,NA,NA,NA,67885000,492,46,NA,0.72,0.07,NA
FluNet - Sentinel,FR,NH,47,2022,ALL,NA,2.06,2.26,8.12,NA,NA,NA,NA,42,46,5512,NA,NA,NA,67885000,38,4,NA,1.87,0.2,NA
FluNet - Non Sentinel,FR,NH,48,2022,ALL,NA,1.34,1.34,8.5,NA,NA,NA,NA,913,2674,5769,NA,NA,NA,67885000,851,62,NA,1.25,0.09,NA
FluNet - Sentinel,FR,NH,48,2022,ALL,NA,2.9,1.52,8.5,NA,NA,NA,NA,59,31,5769,NA,NA,NA,67885000,53,6,NA,2.6,0.29,NA
FluNet - Sentinel,FR,NH,49,2022,ALL,NA,4.27,1.67,11.14,NA,NA,NA,NA,87,34,7560,NA,NA,NA,67885000,80,7,NA,3.93,0.34,NA
FluNet - Non Sentinel,FR,NH,49,2022,ALL,NA,2.78,2.78,11.14,NA,NA,NA,NA,1888,2524,7560,NA,NA,NA,67885000,1740,148,NA,2.56,0.22,NA
FluNet - Sentinel,FR,NH,50,2022,ALL,NA,7.37,1.08,13.73,NA,NA,NA,NA,150,22,9320,NA,NA,NA,67885000,140,10,NA,6.87,0.49,NA
FluNet - Non Sentinel,FR,NH,50,2022,ALL,NA,5.5,5.5,13.73,NA,NA,NA,NA,3733,1962,9320,NA,NA,NA,67885000,3533,200,NA,5.2,0.29,NA
FluNet - Non Sentinel,FR,NH,51,2022,ALL,NA,9.23,9.23,15.7,NA,NA,NA,NA,6268,1767,10661,NA,NA,NA,67885000,5876,392,NA,8.66,0.58,NA
FluNet - Sentinel,FR,NH,51,2022,ALL,NA,7.61,0.88,15.7,NA,NA,NA,NA,155,18,10661,NA,NA,NA,67885000,147,8,NA,7.22,0.39,NA
FluNet - Non Sentinel,FR,NH,52,2022,ALL,NA,6.81,6.81,14.85,NA,NA,NA,NA,4626,1483,10083,NA,NA,NA,67885000,4218,408,NA,6.21,0.6,NA
FluNet - Sentinel,FR,NH,52,2022,ALL,NA,3.29,0.29,14.85,NA,NA,NA,NA,67,6,10083,NA,NA,NA,67885000,56,11,NA,2.75,0.54,NA
