year,week,age_group,hsp_abs_covid,hsp_rate_covid19,hemisphere,country,hsp_abs_rsv,subtype_a_abs,subtype_b_abs,hsp_abs_flu,hsp_abs,hsp_rate,denominator,data_source,hsp_rate_flu,hsp_rate_rsv,id,cases_rate_flu,cases_rate_rsv,cases_rate_covid19,cases_abs_covid,cases_abs_flu,cases_abs_rsv,subtype_c_abs,subtype_a_rate,subtype_b_rate,subtype_c_rate
2016,1,ALL,NA,NA,NH,DE,6,6,2,8,NA,NA,82521653,WHO FluNET/FluID+RKI,0.9694425292232088,0.7270818969174067,NA,NA,NA,NA,NA,NA,NA,NA,NA,NA,NA
2016,2,ALL,NA,NA,NH,DE,13,18,3,21,NA,NA,82521653,WHO FluNET/FluID+RKI,2.544786639210923,1.5753441099877143,NA,NA,NA,NA,NA,NA,NA,NA,NA,NA,NA
2016,3,ALL,NA,NA,NH,DE,10,34,8,42,NA,NA,82521653,WHO FluNET/FluID+RKI,5.089573278421846,1.211803161529011,NA,NA,NA,NA,NA,NA,NA,NA,NA,NA,NA
2016,4,ALL,NA,NA,NH,DE,13,42,22,64,NA,NA,82521653,WHO FluNET/FluID+RKI,7.755540233785671,1.5753441099877143,NA,NA,NA,NA,NA,NA,NA,NA,NA,NA,NA
2016,5,ALL,NA,NA,NH,DE,16,55,16,71,NA,NA,82521653,WHO FluNET/FluID+RKI,8.603802446855978,1.9388850584464177,NA,NA,NA,NA,NA,NA,NA,NA,NA,NA,NA
2016,6,ALL,NA,NA,NH,DE,10,50,31,81,NA,NA,82521653,WHO FluNET/FluID+RKI,9.81560560838499,1.211803161529011,NA,NA,NA,NA,NA,NA,NA,NA,NA,NA,NA
2016,7,ALL,NA,NA,NH,DE,17,46,47,93,NA,NA,82521653,WHO FluNET/FluID+RKI,11.269769402219803,2.060065374599319,NA,NA,NA,NA,NA,NA,NA,NA,NA,NA,NA
2016,8,ALL,NA,NA,NH,DE,14,69,67,136,NA,NA,82521653,WHO FluNET/FluID+RKI,16.48052299679455,1.6965244261406154,NA,NA,NA,NA,NA,NA,NA,NA,NA,NA,NA
2016,9,ALL,NA,NA,NH,DE,16,59,84,143,NA,NA,82521653,WHO FluNET/FluID+RKI,17.328785209864858,1.9388850584464177,NA,NA,NA,NA,NA,NA,NA,NA,NA,NA,NA
2016,10,ALL,NA,NA,NH,DE,18,50,99,149,NA,NA,82521653,WHO FluNET/FluID+RKI,18.055867106782266,2.18124569075222,NA,NA,NA,NA,NA,NA,NA,NA,NA,NA,NA
2016,11,ALL,NA,NA,NH,DE,12,31,94,125,NA,NA,82521653,WHO FluNET/FluID+RKI,15.14753951911264,1.4541637938348133,NA,NA,NA,NA,NA,NA,NA,NA,NA,NA,NA
2016,12,ALL,NA,NA,NH,DE,11,35,80,115,NA,NA,82521653,WHO FluNET/FluID+RKI,13.935736357583627,1.3329834776819123,NA,NA,NA,NA,NA,NA,NA,NA,NA,NA,NA
2016,13,ALL,NA,NA,NH,DE,12,13,47,60,NA,NA,82521653,WHO FluNET/FluID+RKI,7.270818969174067,1.4541637938348133,NA,NA,NA,NA,NA,NA,NA,NA,NA,NA,NA
2016,14,ALL,NA,NA,NH,DE,7,9,48,57,NA,NA,82521653,WHO FluNET/FluID+RKI,6.9072780207153635,0.8482622130703077,NA,NA,NA,NA,NA,NA,NA,NA,NA,NA,NA
2016,15,ALL,NA,NA,NH,DE,4,10,21,31,NA,NA,82521653,WHO FluNET/FluID+RKI,3.7565898007399343,0.4847212646116044,NA,NA,NA,NA,NA,NA,NA,NA,NA,NA,NA
2016,16,ALL,NA,NA,NH,DE,3,0,9,9,NA,NA,82521653,WHO FluNET/FluID+RKI,1.09062284537611,0.36354094845870333,NA,NA,NA,NA,NA,NA,NA,NA,NA,NA,NA
2016,17,ALL,NA,NA,NH,DE,2,0,8,8,NA,NA,82521653,WHO FluNET/FluID+RKI,0.9694425292232088,0.2423606323058022,NA,NA,NA,NA,NA,NA,NA,NA,NA,NA,NA
2016,18,ALL,NA,NA,NH,DE,4,1,6,7,NA,NA,82521653,WHO FluNET/FluID+RKI,0.8482622130703077,0.4847212646116044,NA,NA,NA,NA,NA,NA,NA,NA,NA,NA,NA
2016,19,ALL,NA,NA,NH,DE,0,0,1,1,NA,NA,82521653,WHO FluNET/FluID+RKI,0.1211803161529011,0,NA,NA,NA,NA,NA,NA,NA,NA,NA,NA,NA
2016,20,ALL,NA,NA,NH,DE,2,0,2,2,NA,NA,82521653,WHO FluNET/FluID+RKI,0.2423606323058022,0.2423606323058022,NA,NA,NA,NA,NA,NA,NA,NA,NA,NA,NA
2016,21,ALL,NA,NA,NH,DE,1,0,0,0,NA,NA,82521653,WHO FluNET/FluID+RKI,0,0.1211803161529011,NA,NA,NA,NA,NA,NA,NA,NA,NA,NA,NA
2016,22,ALL,NA,NA,NH,DE,1,0,0,0,NA,NA,82521653,WHO FluNET/FluID+RKI,0,0.1211803161529011,NA,NA,NA,NA,NA,NA,NA,NA,NA,NA,NA
2016,23,ALL,NA,NA,NH,DE,0,0,0,0,NA,NA,82521653,WHO FluNET/FluID+RKI,0,0,NA,NA,NA,NA,NA,NA,NA,NA,NA,NA,NA
2016,24,ALL,NA,NA,NH,DE,0,1,0,1,NA,NA,82521653,WHO FluNET/FluID+RKI,0.1211803161529011,0,NA,NA,NA,NA,NA,NA,NA,NA,NA,NA,NA
2016,25,ALL,NA,NA,NH,DE,0,0,0,0,NA,NA,82521653,WHO FluNET/FluID+RKI,0,0,NA,NA,NA,NA,NA,NA,NA,NA,NA,NA,NA
2016,26,ALL,NA,NA,NH,DE,0,0,0,0,NA,NA,82521653,WHO FluNET/FluID+RKI,0,0,NA,NA,NA,NA,NA,NA,NA,NA,NA,NA,NA
2016,27,ALL,NA,NA,NH,DE,0,0,0,0,NA,NA,82521653,WHO FluNET/FluID+RKI,0,0,NA,NA,NA,NA,NA,NA,NA,NA,NA,NA,NA
2016,28,ALL,NA,NA,NH,DE,0,0,0,0,NA,NA,82521653,WHO FluNET/FluID+RKI,0,0,NA,NA,NA,NA,NA,NA,NA,NA,NA,NA,NA
2016,29,ALL,NA,NA,NH,DE,0,1,0,1,NA,NA,82521653,WHO FluNET/FluID+RKI,0.1211803161529011,0,NA,NA,NA,NA,NA,NA,NA,NA,NA,NA,NA
2016,30,ALL,NA,NA,NH,DE,1,0,0,0,NA,NA,82521653,WHO FluNET/FluID+RKI,0,0.1211803161529011,NA,NA,NA,NA,NA,NA,NA,NA,NA,NA,NA
2016,31,ALL,NA,NA,NH,DE,0,0,0,0,NA,NA,82521653,WHO FluNET/FluID+RKI,0,0,NA,NA,NA,NA,NA,NA,NA,NA,NA,NA,NA
2016,32,ALL,NA,NA,NH,DE,0,0,0,0,NA,NA,82521653,WHO FluNET/FluID+RKI,0,0,NA,NA,NA,NA,NA,NA,NA,NA,NA,NA,NA
2016,33,ALL,NA,NA,NH,DE,0,0,0,0,NA,NA,82521653,WHO FluNET/FluID+RKI,0,0,NA,NA,NA,NA,NA,NA,NA,NA,NA,NA,NA
2016,34,ALL,NA,NA,NH,DE,0,1,0,1,NA,NA,82521653,WHO FluNET/FluID+RKI,0.1211803161529011,0,NA,NA,NA,NA,NA,NA,NA,NA,NA,NA,NA
2016,35,ALL,NA,NA,NH,DE,0,0,0,0,NA,NA,82521653,WHO FluNET/FluID+RKI,0,0,NA,NA,NA,NA,NA,NA,NA,NA,NA,NA,NA
2016,36,ALL,NA,NA,NH,DE,1,0,0,0,NA,NA,82521653,WHO FluNET/FluID+RKI,0,0.1211803161529011,NA,NA,NA,NA,NA,NA,NA,NA,NA,NA,NA
2016,37,ALL,NA,NA,NH,DE,0,1,0,1,NA,NA,82521653,WHO FluNET/FluID+RKI,0.1211803161529011,0,NA,NA,NA,NA,NA,NA,NA,NA,NA,NA,NA
2016,38,ALL,NA,NA,NH,DE,0,0,0,0,NA,NA,82521653,WHO FluNET/FluID+RKI,0,0,NA,NA,NA,NA,NA,NA,NA,NA,NA,NA,NA
2016,39,ALL,NA,NA,NH,DE,0,0,0,0,NA,NA,82521653,WHO FluNET/FluID+RKI,0,0,NA,NA,NA,NA,NA,NA,NA,NA,NA,NA,NA
2016,40,ALL,NA,NA,NH,DE,0,0,0,0,NA,NA,82521653,WHO FluNET/FluID+RKI,0,0,NA,NA,NA,NA,NA,NA,NA,NA,NA,NA,NA
2016,41,ALL,NA,NA,NH,DE,1,0,0,0,NA,NA,82521653,WHO FluNET/FluID+RKI,0,0.1211803161529011,NA,NA,NA,NA,NA,NA,NA,NA,NA,NA,NA
2016,42,ALL,NA,NA,NH,DE,1,0,0,0,NA,NA,82521653,WHO FluNET/FluID+RKI,0,0.1211803161529011,NA,NA,NA,NA,NA,NA,NA,NA,NA,NA,NA
2016,43,ALL,NA,NA,NH,DE,1,1,0,1,NA,NA,82521653,WHO FluNET/FluID+RKI,0.1211803161529011,0.1211803161529011,NA,NA,NA,NA,NA,NA,NA,NA,NA,NA,NA
2016,44,ALL,NA,NA,NH,DE,3,0,0,0,NA,NA,82521653,WHO FluNET/FluID+RKI,0,0.36354094845870333,NA,NA,NA,NA,NA,NA,NA,NA,NA,NA,NA
2016,45,ALL,NA,NA,NH,DE,8,2,0,2,NA,NA,82521653,WHO FluNET/FluID+RKI,0.2423606323058022,0.9694425292232088,NA,NA,NA,NA,NA,NA,NA,NA,NA,NA,NA
2016,46,ALL,NA,NA,NH,DE,5,7,0,7,NA,NA,82521653,WHO FluNET/FluID+RKI,0.8482622130703077,0.6059015807645055,NA,NA,NA,NA,NA,NA,NA,NA,NA,NA,NA
2016,47,ALL,NA,NA,NH,DE,7,5,3,8,NA,NA,82521653,WHO FluNET/FluID+RKI,0.9694425292232088,0.8482622130703077,NA,NA,NA,NA,NA,NA,NA,NA,NA,NA,NA
2016,48,ALL,NA,NA,NH,DE,7,2,0,2,NA,NA,82521653,WHO FluNET/FluID+RKI,0.2423606323058022,0.8482622130703077,NA,NA,NA,NA,NA,NA,NA,NA,NA,NA,NA
2016,49,ALL,NA,NA,NH,DE,10,12,0,12,NA,NA,82521653,WHO FluNET/FluID+RKI,1.4541637938348133,1.211803161529011,NA,NA,NA,NA,NA,NA,NA,NA,NA,NA,NA
2016,50,ALL,NA,NA,NH,DE,21,23,0,23,NA,NA,82521653,WHO FluNET/FluID+RKI,2.7871472715167256,2.544786639210923,NA,NA,NA,NA,NA,NA,NA,NA,NA,NA,NA
2016,51,ALL,NA,NA,NH,DE,25,38,0,38,NA,NA,82521653,WHO FluNET/FluID+RKI,4.604852013810242,3.029507903822528,NA,NA,NA,NA,NA,NA,NA,NA,NA,NA,NA
2016,52,ALL,NA,NA,NH,DE,20,22,0,22,NA,NA,82521653,WHO FluNET/FluID+RKI,2.6659669553638246,2.423606323058022,NA,NA,NA,NA,NA,NA,NA,NA,NA,NA,NA
2017,1,ALL,NA,NA,NH,DE,27,54,0,54,NA,NA,82792351,WHO FluNET/FluID+RKI,6.522341659315846,3.261170829657923,NA,NA,NA,NA,NA,NA,NA,NA,NA,NA,NA
2017,2,ALL,NA,NA,NH,DE,45,85,1,86,NA,NA,82792351,WHO FluNET/FluID+RKI,10.387433012984497,5.435284716096539,NA,NA,NA,NA,NA,NA,NA,NA,NA,NA,NA
2017,3,ALL,NA,NA,NH,DE,27,143,0,143,NA,NA,82792351,WHO FluNET/FluID+RKI,17.27212698670678,3.261170829657923,NA,NA,NA,NA,NA,NA,NA,NA,NA,NA,NA
2017,4,ALL,NA,NA,NH,DE,38,163,3,166,NA,NA,82792351,WHO FluNET/FluID+RKI,20.05016139715612,4.5897959824815215,NA,NA,NA,NA,NA,NA,NA,NA,NA,NA,NA
2017,5,ALL,NA,NA,NH,DE,37,190,4,194,NA,NA,82792351,WHO FluNET/FluID+RKI,23.43211633161619,4.469011877679376,NA,NA,NA,NA,NA,NA,NA,NA,NA,NA,NA
2017,6,ALL,NA,NA,NH,DE,39,185,3,188,NA,NA,82792351,WHO FluNET/FluID+RKI,22.707411702803316,4.710580087283667,NA,NA,NA,NA,NA,NA,NA,NA,NA,NA,NA
2017,7,ALL,NA,NA,NH,DE,31,158,12,170,NA,NA,82792351,WHO FluNET/FluID+RKI,20.5332978163647,3.7443072488665043,NA,NA,NA,NA,NA,NA,NA,NA,NA,NA,NA
2017,8,ALL,NA,NA,NH,DE,23,107,10,117,NA,NA,82792351,WHO FluNET/FluID+RKI,14.131740261851,2.778034410449342,NA,NA,NA,NA,NA,NA,NA,NA,NA,NA,NA
2017,9,ALL,NA,NA,NH,DE,19,61,1,62,NA,NA,82792351,WHO FluNET/FluID+RKI,7.488614497733009,2.2948979912407608,NA,NA,NA,NA,NA,NA,NA,NA,NA,NA,NA
2017,10,ALL,NA,NA,NH,DE,16,31,8,39,NA,NA,82792351,WHO FluNET/FluID+RKI,4.710580087283667,1.9325456768343248,NA,NA,NA,NA,NA,NA,NA,NA,NA,NA,NA
2017,11,ALL,NA,NA,NH,DE,4,11,16,27,NA,NA,82792351,WHO FluNET/FluID+RKI,3.261170829657923,0.4831364192085812,NA,NA,NA,NA,NA,NA,NA,NA,NA,NA,NA
2017,12,ALL,NA,NA,NH,DE,7,9,7,16,NA,NA,82792351,WHO FluNET/FluID+RKI,1.9325456768343248,0.8454887336150171,NA,NA,NA,NA,NA,NA,NA,NA,NA,NA,NA
2017,13,ALL,NA,NA,NH,DE,2,1,5,6,NA,NA,82792351,WHO FluNET/FluID+RKI,0.7247046288128718,0.2415682096042906,NA,NA,NA,NA,NA,NA,NA,NA,NA,NA,NA
2017,14,ALL,NA,NA,NH,DE,3,2,6,8,NA,NA,82792351,WHO FluNET/FluID+RKI,0.9662728384171624,0.3623523144064359,NA,NA,NA,NA,NA,NA,NA,NA,NA,NA,NA
2017,15,ALL,NA,NA,NH,DE,1,1,0,1,NA,NA,82792351,WHO FluNET/FluID+RKI,0.1207841048021453,0.1207841048021453,NA,NA,NA,NA,NA,NA,NA,NA,NA,NA,NA
2017,16,ALL,NA,NA,NH,DE,0,1,1,2,NA,NA,82792351,WHO FluNET/FluID+RKI,0.2415682096042906,0,NA,NA,NA,NA,NA,NA,NA,NA,NA,NA,NA
2017,17,ALL,NA,NA,NH,DE,0,0,1,1,NA,NA,82792351,WHO FluNET/FluID+RKI,0.1207841048021453,0,NA,NA,NA,NA,NA,NA,NA,NA,NA,NA,NA
2017,18,ALL,NA,NA,NH,DE,1,0,0,0,NA,NA,82792351,WHO FluNET/FluID+RKI,0,0.1207841048021453,NA,NA,NA,NA,NA,NA,NA,NA,NA,NA,NA
2017,19,ALL,NA,NA,NH,DE,1,0,3,3,NA,NA,82792351,WHO FluNET/FluID+RKI,0.3623523144064359,0.1207841048021453,NA,NA,NA,NA,NA,NA,NA,NA,NA,NA,NA
2017,20,ALL,NA,NA,NH,DE,0,0,0,0,NA,NA,82792351,WHO FluNET/FluID+RKI,0,0,NA,NA,NA,NA,NA,NA,NA,NA,NA,NA,NA
2017,21,ALL,NA,NA,NH,DE,0,0,0,0,NA,NA,82792351,WHO FluNET/FluID+RKI,0,0,NA,NA,NA,NA,NA,NA,NA,NA,NA,NA,NA
2017,22,ALL,NA,NA,NH,DE,0,1,0,1,NA,NA,82792351,WHO FluNET/FluID+RKI,0.1207841048021453,0,NA,NA,NA,NA,NA,NA,NA,NA,NA,NA,NA
2017,23,ALL,NA,NA,NH,DE,0,0,0,0,NA,NA,82792351,WHO FluNET/FluID+RKI,0,0,NA,NA,NA,NA,NA,NA,NA,NA,NA,NA,NA
2017,24,ALL,NA,NA,NH,DE,0,1,0,1,NA,NA,82792351,WHO FluNET/FluID+RKI,0.1207841048021453,0,NA,NA,NA,NA,NA,NA,NA,NA,NA,NA,NA
2017,25,ALL,NA,NA,NH,DE,0,0,0,0,NA,NA,82792351,WHO FluNET/FluID+RKI,0,0,NA,NA,NA,NA,NA,NA,NA,NA,NA,NA,NA
2017,26,ALL,NA,NA,NH,DE,0,0,0,0,NA,NA,82792351,WHO FluNET/FluID+RKI,0,0,NA,NA,NA,NA,NA,NA,NA,NA,NA,NA,NA
2017,27,ALL,NA,NA,NH,DE,0,0,0,0,NA,NA,82792351,WHO FluNET/FluID+RKI,0,0,NA,NA,NA,NA,NA,NA,NA,NA,NA,NA,NA
2017,28,ALL,NA,NA,NH,DE,0,0,0,0,NA,NA,82792351,WHO FluNET/FluID+RKI,0,0,NA,NA,NA,NA,NA,NA,NA,NA,NA,NA,NA
2017,29,ALL,NA,NA,NH,DE,0,0,0,0,NA,NA,82792351,WHO FluNET/FluID+RKI,0,0,NA,NA,NA,NA,NA,NA,NA,NA,NA,NA,NA
2017,30,ALL,NA,NA,NH,DE,0,0,0,0,NA,NA,82792351,WHO FluNET/FluID+RKI,0,0,NA,NA,NA,NA,NA,NA,NA,NA,NA,NA,NA
2017,31,ALL,NA,NA,NH,DE,0,1,0,1,NA,NA,82792351,WHO FluNET/FluID+RKI,0.1207841048021453,0,NA,NA,NA,NA,NA,NA,NA,NA,NA,NA,NA
2017,32,ALL,NA,NA,NH,DE,0,0,0,0,NA,NA,82792351,WHO FluNET/FluID+RKI,0,0,NA,NA,NA,NA,NA,NA,NA,NA,NA,NA,NA
2017,33,ALL,NA,NA,NH,DE,0,0,0,0,NA,NA,82792351,WHO FluNET/FluID+RKI,0,0,NA,NA,NA,NA,NA,NA,NA,NA,NA,NA,NA
2017,34,ALL,NA,NA,NH,DE,0,0,0,0,NA,NA,82792351,WHO FluNET/FluID+RKI,0,0,NA,NA,NA,NA,NA,NA,NA,NA,NA,NA,NA
2017,35,ALL,NA,NA,NH,DE,0,0,0,0,NA,NA,82792351,WHO FluNET/FluID+RKI,0,0,NA,NA,NA,NA,NA,NA,NA,NA,NA,NA,NA
2017,36,ALL,NA,NA,NH,DE,0,0,0,0,NA,NA,82792351,WHO FluNET/FluID+RKI,0,0,NA,NA,NA,NA,NA,NA,NA,NA,NA,NA,NA
2017,37,ALL,NA,NA,NH,DE,0,0,0,0,NA,NA,82792351,WHO FluNET/FluID+RKI,0,0,NA,NA,NA,NA,NA,NA,NA,NA,NA,NA,NA
2017,38,ALL,NA,NA,NH,DE,0,0,0,0,NA,NA,82792351,WHO FluNET/FluID+RKI,0,0,NA,NA,NA,NA,NA,NA,NA,NA,NA,NA,NA
2017,40,ALL,NA,NA,NH,DE,1,0,3,3,NA,NA,82792351,WHO FluNET/FluID+RKI,0.3623523144064359,0.1207841048021453,NA,NA,NA,NA,NA,NA,NA,NA,NA,NA,NA
2017,41,ALL,NA,NA,NH,DE,0,0,2,2,NA,NA,82792351,WHO FluNET/FluID+RKI,0.2415682096042906,0,NA,NA,NA,NA,NA,NA,NA,NA,NA,NA,NA
2017,42,ALL,NA,NA,NH,DE,0,1,1,2,NA,NA,82792351,WHO FluNET/FluID+RKI,0.2415682096042906,0,NA,NA,NA,NA,NA,NA,NA,NA,NA,NA,NA
2017,43,ALL,NA,NA,NH,DE,1,0,0,0,NA,NA,82792351,WHO FluNET/FluID+RKI,0,0.1207841048021453,NA,NA,NA,NA,NA,NA,NA,NA,NA,NA,NA
2017,44,ALL,NA,NA,NH,DE,0,0,1,1,NA,NA,82792351,WHO FluNET/FluID+RKI,0.1207841048021453,0,NA,NA,NA,NA,NA,NA,NA,NA,NA,NA,NA
2017,45,ALL,NA,NA,NH,DE,2,2,0,2,NA,NA,82792351,WHO FluNET/FluID+RKI,0.2415682096042906,0.2415682096042906,NA,NA,NA,NA,NA,NA,NA,NA,NA,NA,NA
2017,46,ALL,NA,NA,NH,DE,0,2,0,2,NA,NA,82792351,WHO FluNET/FluID+RKI,0.2415682096042906,0,NA,NA,NA,NA,NA,NA,NA,NA,NA,NA,NA
2017,47,ALL,NA,NA,NH,DE,2,1,5,6,NA,NA,82792351,WHO FluNET/FluID+RKI,0.7247046288128718,0.2415682096042906,NA,NA,NA,NA,NA,NA,NA,NA,NA,NA,NA
2017,48,ALL,NA,NA,NH,DE,1,5,2,7,NA,NA,82792351,WHO FluNET/FluID+RKI,0.8454887336150171,0.1207841048021453,NA,NA,NA,NA,NA,NA,NA,NA,NA,NA,NA
2017,49,ALL,NA,NA,NH,DE,4,6,1,7,NA,NA,82792351,WHO FluNET/FluID+RKI,0.8454887336150171,0.4831364192085812,NA,NA,NA,NA,NA,NA,NA,NA,NA,NA,NA
2017,50,ALL,NA,NA,NH,DE,3,6,5,11,NA,NA,82792351,WHO FluNET/FluID+RKI,1.3286251528235984,0.3623523144064359,NA,NA,NA,NA,NA,NA,NA,NA,NA,NA,NA
2017,51,ALL,NA,NA,NH,DE,7,8,8,16,NA,NA,82792351,WHO FluNET/FluID+RKI,1.9325456768343248,0.8454887336150171,NA,NA,NA,NA,NA,NA,NA,NA,NA,NA,NA
2017,52,ALL,NA,NA,NH,DE,6,5,12,17,NA,NA,82792351,WHO FluNET/FluID+RKI,2.0533297816364704,0.7247046288128718,NA,NA,NA,NA,NA,NA,NA,NA,NA,NA,NA
2018,1,ALL,NA,NA,NH,DE,8,10,34,44,NA,NA,83019213,WHO FluNET/FluID+RKI,5.299977970159751,0.9636323582108638,NA,NA,NA,NA,NA,NA,NA,NA,NA,NA,NA
2018,2,ALL,NA,NA,NH,DE,7,22,37,59,NA,NA,83019213,WHO FluNET/FluID+RKI,7.106788641805121,0.8431783134345058,NA,NA,NA,NA,NA,NA,NA,NA,NA,NA,NA
2018,3,ALL,NA,NA,NH,DE,11,23,90,113,NA,NA,83019213,WHO FluNET/FluID+RKI,13.611307059728452,1.3249944925399377,NA,NA,NA,NA,NA,NA,NA,NA,NA,NA,NA
2018,4,ALL,NA,NA,NH,DE,27,36,125,161,NA,NA,83019213,WHO FluNET/FluID+RKI,19.393101208993635,3.2522592089616653,NA,NA,NA,NA,NA,NA,NA,NA,NA,NA,NA
2018,5,ALL,NA,NA,NH,DE,19,40,156,196,NA,NA,83019213,WHO FluNET/FluID+RKI,23.60899277616616,2.2886268507508016,NA,NA,NA,NA,NA,NA,NA,NA,NA,NA,NA
2018,6,ALL,NA,NA,NH,DE,20,35,136,171,NA,NA,83019213,WHO FluNET/FluID+RKI,20.597641656757215,2.4090808955271594,NA,NA,NA,NA,NA,NA,NA,NA,NA,NA,NA
2018,7,ALL,NA,NA,NH,DE,17,68,167,235,NA,NA,83019213,WHO FluNET/FluID+RKI,28.30670052244412,2.0477187611980856,NA,NA,NA,NA,NA,NA,NA,NA,NA,NA,NA
2018,8,ALL,NA,NA,NH,DE,23,59,181,240,NA,NA,83019213,WHO FluNET/FluID+RKI,28.908970746325913,2.7704430298562337,NA,NA,NA,NA,NA,NA,NA,NA,NA,NA,NA
2018,9,ALL,NA,NA,NH,DE,16,93,192,285,NA,NA,83019213,WHO FluNET/FluID+RKI,34.329402761262024,1.9272647164217276,NA,NA,NA,NA,NA,NA,NA,NA,NA,NA,NA
2018,10,ALL,NA,NA,NH,DE,19,91,168,259,NA,NA,83019213,WHO FluNET/FluID+RKI,31.197597597076715,2.2886268507508016,NA,NA,NA,NA,NA,NA,NA,NA,NA,NA,NA
2018,11,ALL,NA,NA,NH,DE,19,76,112,188,NA,NA,83019213,WHO FluNET/FluID+RKI,22.6453604179553,2.2886268507508016,NA,NA,NA,NA,NA,NA,NA,NA,NA,NA,NA
2018,12,ALL,NA,NA,NH,DE,17,53,47,100,NA,NA,83019213,WHO FluNET/FluID+RKI,12.045404477635799,2.0477187611980856,NA,NA,NA,NA,NA,NA,NA,NA,NA,NA,NA
2018,13,ALL,NA,NA,NH,DE,6,41,26,67,NA,NA,83019213,WHO FluNET/FluID+RKI,8.070421000015985,0.7227242686581479,NA,NA,NA,NA,NA,NA,NA,NA,NA,NA,NA
2018,14,ALL,NA,NA,NH,DE,9,19,11,30,NA,NA,83019213,WHO FluNET/FluID+RKI,3.613621343290739,1.0840864029872217,NA,NA,NA,NA,NA,NA,NA,NA,NA,NA,NA
2018,15,ALL,NA,NA,NH,DE,4,9,1,10,NA,NA,83019213,WHO FluNET/FluID+RKI,1.2045404477635797,0.4818161791054319,NA,NA,NA,NA,NA,NA,NA,NA,NA,NA,NA
2018,16,ALL,NA,NA,NH,DE,2,4,1,5,NA,NA,83019213,WHO FluNET/FluID+RKI,0.6022702238817899,0.24090808955271595,NA,NA,NA,NA,NA,NA,NA,NA,NA,NA,NA
2018,17,ALL,NA,NA,NH,DE,0,0,1,1,NA,NA,83019213,WHO FluNET/FluID+RKI,0.12045404477635797,0,NA,NA,NA,NA,NA,NA,NA,NA,NA,NA,NA
2018,18,ALL,NA,NA,NH,DE,0,2,0,2,NA,NA,83019213,WHO FluNET/FluID+RKI,0.24090808955271595,0,NA,NA,NA,NA,NA,NA,NA,NA,NA,NA,NA
2018,19,ALL,NA,NA,NH,DE,1,0,0,0,NA,NA,83019213,WHO FluNET/FluID+RKI,0,0.12045404477635797,NA,NA,NA,NA,NA,NA,NA,NA,NA,NA,NA
2018,20,ALL,NA,NA,NH,DE,1,0,0,0,NA,NA,83019213,WHO FluNET/FluID+RKI,0,0.12045404477635797,NA,NA,NA,NA,NA,NA,NA,NA,NA,NA,NA
2018,21,ALL,NA,NA,NH,DE,1,0,0,0,NA,NA,83019213,WHO FluNET/FluID+RKI,0,0.12045404477635797,NA,NA,NA,NA,NA,NA,NA,NA,NA,NA,NA
2018,22,ALL,NA,NA,NH,DE,0,0,0,0,NA,NA,83019213,WHO FluNET/FluID+RKI,0,0,NA,NA,NA,NA,NA,NA,NA,NA,NA,NA,NA
2018,23,ALL,NA,NA,NH,DE,0,0,0,0,NA,NA,83019213,WHO FluNET/FluID+RKI,0,0,NA,NA,NA,NA,NA,NA,NA,NA,NA,NA,NA
2018,24,ALL,NA,NA,NH,DE,0,0,0,0,NA,NA,83019213,WHO FluNET/FluID+RKI,0,0,NA,NA,NA,NA,NA,NA,NA,NA,NA,NA,NA
2018,25,ALL,NA,NA,NH,DE,0,0,0,0,NA,NA,83019213,WHO FluNET/FluID+RKI,0,0,NA,NA,NA,NA,NA,NA,NA,NA,NA,NA,NA
2018,26,ALL,NA,NA,NH,DE,0,0,0,0,NA,NA,83019213,WHO FluNET/FluID+RKI,0,0,NA,NA,NA,NA,NA,NA,NA,NA,NA,NA,NA
2018,27,ALL,NA,NA,NH,DE,0,0,0,0,NA,NA,83019213,WHO FluNET/FluID+RKI,0,0,NA,NA,NA,NA,NA,NA,NA,NA,NA,NA,NA
2018,28,ALL,NA,NA,NH,DE,0,0,0,0,NA,NA,83019213,WHO FluNET/FluID+RKI,0,0,NA,NA,NA,NA,NA,NA,NA,NA,NA,NA,NA
2018,29,ALL,NA,NA,NH,DE,0,0,0,0,NA,NA,83019213,WHO FluNET/FluID+RKI,0,0,NA,NA,NA,NA,NA,NA,NA,NA,NA,NA,NA
2018,30,ALL,NA,NA,NH,DE,0,0,0,0,NA,NA,83019213,WHO FluNET/FluID+RKI,0,0,NA,NA,NA,NA,NA,NA,NA,NA,NA,NA,NA
2018,31,ALL,NA,NA,NH,DE,0,0,0,0,NA,NA,83019213,WHO FluNET/FluID+RKI,0,0,NA,NA,NA,NA,NA,NA,NA,NA,NA,NA,NA
2018,32,ALL,NA,NA,NH,DE,0,0,0,0,NA,NA,83019213,WHO FluNET/FluID+RKI,0,0,NA,NA,NA,NA,NA,NA,NA,NA,NA,NA,NA
2018,33,ALL,NA,NA,NH,DE,0,1,0,1,NA,NA,83019213,WHO FluNET/FluID+RKI,0.12045404477635797,0,NA,NA,NA,NA,NA,NA,NA,NA,NA,NA,NA
2018,34,ALL,NA,NA,NH,DE,0,0,0,0,NA,NA,83019213,WHO FluNET/FluID+RKI,0,0,NA,NA,NA,NA,NA,NA,NA,NA,NA,NA,NA
2018,35,ALL,NA,NA,NH,DE,0,0,0,0,NA,NA,83019213,WHO FluNET/FluID+RKI,0,0,NA,NA,NA,NA,NA,NA,NA,NA,NA,NA,NA
2018,36,ALL,NA,NA,NH,DE,0,0,0,0,NA,NA,83019213,WHO FluNET/FluID+RKI,0,0,NA,NA,NA,NA,NA,NA,NA,NA,NA,NA,NA
2018,37,ALL,NA,NA,NH,DE,0,0,0,0,NA,NA,83019213,WHO FluNET/FluID+RKI,0,0,NA,NA,NA,NA,NA,NA,NA,NA,NA,NA,NA
2018,38,ALL,NA,NA,NH,DE,0,0,0,0,NA,NA,83019213,WHO FluNET/FluID+RKI,0,0,NA,NA,NA,NA,NA,NA,NA,NA,NA,NA,NA
2018,40,ALL,NA,NA,NH,DE,0,0,0,0,NA,NA,83019213,WHO FluNET/FluID+RKI,0,0,NA,NA,NA,NA,NA,NA,NA,NA,NA,NA,NA
2018,41,ALL,NA,NA,NH,DE,0,0,0,0,NA,NA,83019213,WHO FluNET/FluID+RKI,0,0,NA,NA,NA,NA,NA,NA,NA,NA,NA,NA,NA
2018,42,ALL,NA,NA,NH,DE,0,0,0,0,NA,NA,83019213,WHO FluNET/FluID+RKI,0,0,NA,NA,NA,NA,NA,NA,NA,NA,NA,NA,NA
2018,43,ALL,NA,NA,NH,DE,0,0,0,0,NA,NA,83019213,WHO FluNET/FluID+RKI,0,0,NA,NA,NA,NA,NA,NA,NA,NA,NA,NA,NA
2018,44,ALL,NA,NA,NH,DE,0,1,0,1,NA,NA,83019213,WHO FluNET/FluID+RKI,0.12045404477635797,0,NA,NA,NA,NA,NA,NA,NA,NA,NA,NA,NA
2018,45,ALL,NA,NA,NH,DE,0,2,0,2,NA,NA,83019213,WHO FluNET/FluID+RKI,0.24090808955271595,0,NA,NA,NA,NA,NA,NA,NA,NA,NA,NA,NA
2018,46,ALL,NA,NA,NH,DE,2,0,0,0,NA,NA,83019213,WHO FluNET/FluID+RKI,0,0.24090808955271595,NA,NA,NA,NA,NA,NA,NA,NA,NA,NA,NA
2018,47,ALL,NA,NA,NH,DE,1,3,0,3,NA,NA,83019213,WHO FluNET/FluID+RKI,0.36136213432907394,0.12045404477635797,NA,NA,NA,NA,NA,NA,NA,NA,NA,NA,NA
2018,48,ALL,NA,NA,NH,DE,4,4,0,4,NA,NA,83019213,WHO FluNET/FluID+RKI,0.4818161791054319,0.4818161791054319,NA,NA,NA,NA,NA,NA,NA,NA,NA,NA,NA
2018,49,ALL,NA,NA,NH,DE,5,4,0,4,NA,NA,83019213,WHO FluNET/FluID+RKI,0.4818161791054319,0.6022702238817899,NA,NA,NA,NA,NA,NA,NA,NA,NA,NA,NA
2018,50,ALL,NA,NA,NH,DE,12,2,0,2,NA,NA,83019213,WHO FluNET/FluID+RKI,0.24090808955271595,1.4454485373162957,NA,NA,NA,NA,NA,NA,NA,NA,NA,NA,NA
2018,51,ALL,NA,NA,NH,DE,16,4,0,4,NA,NA,83019213,WHO FluNET/FluID+RKI,0.4818161791054319,1.9272647164217276,NA,NA,NA,NA,NA,NA,NA,NA,NA,NA,NA
2018,52,ALL,NA,NA,NH,DE,7,2,0,2,NA,NA,83019213,WHO FluNET/FluID+RKI,0.24090808955271595,0.8431783134345058,NA,NA,NA,NA,NA,NA,NA,NA,NA,NA,NA
2019,1,ALL,NA,NA,NH,DE,21,9,0,9,NA,NA,83166711,WHO FluNET/FluID+RKI,1.082163751792469,2.5250487541824276,NA,NA,NA,NA,NA,NA,NA,NA,NA,NA,NA
2019,2,ALL,NA,NA,NH,DE,20,24,0,24,NA,NA,83166711,WHO FluNET/FluID+RKI,2.8857700047799173,2.4048083373165974,NA,NA,NA,NA,NA,NA,NA,NA,NA,NA,NA
2019,3,ALL,NA,NA,NH,DE,35,29,0,29,NA,NA,83166711,WHO FluNET/FluID+RKI,3.4869720891090665,4.208414590304046,NA,NA,NA,NA,NA,NA,NA,NA,NA,NA,NA
2019,4,ALL,NA,NA,NH,DE,36,51,0,51,NA,NA,83166711,WHO FluNET/FluID+RKI,6.132261260157324,4.328655007169876,NA,NA,NA,NA,NA,NA,NA,NA,NA,NA,NA
2019,5,ALL,NA,NA,NH,DE,29,112,0,112,NA,NA,83166711,WHO FluNET/FluID+RKI,13.466926688972947,3.4869720891090665,NA,NA,NA,NA,NA,NA,NA,NA,NA,NA,NA
2019,6,ALL,NA,NA,NH,DE,37,133,0,133,NA,NA,83166711,WHO FluNET/FluID+RKI,15.991975443155374,4.4488954240357055,NA,NA,NA,NA,NA,NA,NA,NA,NA,NA,NA
2019,7,ALL,NA,NA,NH,DE,32,125,0,125,NA,NA,83166711,WHO FluNET/FluID+RKI,15.030052108228736,3.8476933397065562,NA,NA,NA,NA,NA,NA,NA,NA,NA,NA,NA
2019,8,ALL,NA,NA,NH,DE,31,129,0,129,NA,NA,83166711,WHO FluNET/FluID+RKI,15.511013775692057,3.7274529228407265,NA,NA,NA,NA,NA,NA,NA,NA,NA,NA,NA
2019,9,ALL,NA,NA,NH,DE,21,129,0,129,NA,NA,83166711,WHO FluNET/FluID+RKI,15.511013775692057,2.5250487541824276,NA,NA,NA,NA,NA,NA,NA,NA,NA,NA,NA
2019,10,ALL,NA,NA,NH,DE,17,95,0,95,NA,NA,83166711,WHO FluNET/FluID+RKI,11.42283960225384,2.044087086719108,NA,NA,NA,NA,NA,NA,NA,NA,NA,NA,NA
2019,11,ALL,NA,NA,NH,DE,15,79,0,79,NA,NA,83166711,WHO FluNET/FluID+RKI,9.498992932400562,1.8036062529874484,NA,NA,NA,NA,NA,NA,NA,NA,NA,NA,NA
2019,12,ALL,NA,NA,NH,DE,9,64,0,64,NA,NA,83166711,WHO FluNET/FluID+RKI,7.6953866794131125,1.082163751792469,NA,NA,NA,NA,NA,NA,NA,NA,NA,NA,NA
2019,13,ALL,NA,NA,NH,DE,5,36,0,36,NA,NA,83166711,WHO FluNET/FluID+RKI,4.328655007169876,0.6012020843291493,NA,NA,NA,NA,NA,NA,NA,NA,NA,NA,NA
2019,14,ALL,NA,NA,NH,DE,7,34,0,34,NA,NA,83166711,WHO FluNET/FluID+RKI,4.088174173438216,0.8416829180608092,NA,NA,NA,NA,NA,NA,NA,NA,NA,NA,NA
2019,15,ALL,NA,NA,NH,DE,1,15,0,15,NA,NA,83166711,WHO FluNET/FluID+RKI,1.8036062529874484,0.12024041686582988,NA,NA,NA,NA,NA,NA,NA,NA,NA,NA,NA
2019,16,ALL,NA,NA,NH,DE,2,5,0,5,NA,NA,83166711,WHO FluNET/FluID+RKI,0.6012020843291493,0.24048083373165977,NA,NA,NA,NA,NA,NA,NA,NA,NA,NA,NA
2019,17,ALL,NA,NA,NH,DE,2,1,0,1,NA,NA,83166711,WHO FluNET/FluID+RKI,0.12024041686582988,0.24048083373165977,NA,NA,NA,NA,NA,NA,NA,NA,NA,NA,NA
2019,18,ALL,NA,NA,NH,DE,0,1,0,1,NA,NA,83166711,WHO FluNET/FluID+RKI,0.12024041686582988,0,NA,NA,NA,NA,NA,NA,NA,NA,NA,NA,NA
2019,19,ALL,NA,NA,NH,DE,0,0,0,0,NA,NA,83166711,WHO FluNET/FluID+RKI,0,0,NA,NA,NA,NA,NA,NA,NA,NA,NA,NA,NA
2019,20,ALL,NA,NA,NH,DE,0,2,0,2,NA,NA,83166711,WHO FluNET/FluID+RKI,0.24048083373165977,0,NA,NA,NA,NA,NA,NA,NA,NA,NA,NA,NA
2019,21,ALL,NA,NA,NH,DE,0,1,0,1,NA,NA,83166711,WHO FluNET/FluID+RKI,0.12024041686582988,0,NA,NA,NA,NA,NA,NA,NA,NA,NA,NA,NA
2019,22,ALL,NA,NA,NH,DE,0,0,0,0,NA,NA,83166711,WHO FluNET/FluID+RKI,0,0,NA,NA,NA,NA,NA,NA,NA,NA,NA,NA,NA
2019,23,ALL,NA,NA,NH,DE,0,0,0,0,NA,NA,83166711,WHO FluNET/FluID+RKI,0,0,NA,NA,NA,NA,NA,NA,NA,NA,NA,NA,NA
2019,24,ALL,NA,NA,NH,DE,0,0,0,0,NA,NA,83166711,WHO FluNET/FluID+RKI,0,0,NA,NA,NA,NA,NA,NA,NA,NA,NA,NA,NA
2019,25,ALL,NA,NA,NH,DE,0,0,0,0,NA,NA,83166711,WHO FluNET/FluID+RKI,0,0,NA,NA,NA,NA,NA,NA,NA,NA,NA,NA,NA
2019,26,ALL,NA,NA,NH,DE,0,0,0,0,NA,NA,83166711,WHO FluNET/FluID+RKI,0,0,NA,NA,NA,NA,NA,NA,NA,NA,NA,NA,NA
2019,27,ALL,NA,NA,NH,DE,0,0,0,0,NA,NA,83166711,WHO FluNET/FluID+RKI,0,0,NA,NA,NA,NA,NA,NA,NA,NA,NA,NA,NA
2019,28,ALL,NA,NA,NH,DE,0,0,0,0,NA,NA,83166711,WHO FluNET/FluID+RKI,0,0,NA,NA,NA,NA,NA,NA,NA,NA,NA,NA,NA
2019,29,ALL,NA,NA,NH,DE,0,0,0,0,NA,NA,83166711,WHO FluNET/FluID+RKI,0,0,NA,NA,NA,NA,NA,NA,NA,NA,NA,NA,NA
2019,30,ALL,NA,NA,NH,DE,0,1,0,1,NA,NA,83166711,WHO FluNET/FluID+RKI,0.12024041686582988,0,NA,NA,NA,NA,NA,NA,NA,NA,NA,NA,NA
2019,31,ALL,NA,NA,NH,DE,0,1,0,1,NA,NA,83166711,WHO FluNET/FluID+RKI,0.12024041686582988,0,NA,NA,NA,NA,NA,NA,NA,NA,NA,NA,NA
2019,32,ALL,NA,NA,NH,DE,0,0,0,0,NA,NA,83166711,WHO FluNET/FluID+RKI,0,0,NA,NA,NA,NA,NA,NA,NA,NA,NA,NA,NA
2019,33,ALL,NA,NA,NH,DE,0,0,0,0,NA,NA,83166711,WHO FluNET/FluID+RKI,0,0,NA,NA,NA,NA,NA,NA,NA,NA,NA,NA,NA
2019,34,ALL,NA,NA,NH,DE,0,0,0,0,NA,NA,83166711,WHO FluNET/FluID+RKI,0,0,NA,NA,NA,NA,NA,NA,NA,NA,NA,NA,NA
2019,35,ALL,NA,NA,NH,DE,0,0,0,0,NA,NA,83166711,WHO FluNET/FluID+RKI,0,0,NA,NA,NA,NA,NA,NA,NA,NA,NA,NA,NA
2019,36,ALL,NA,NA,NH,DE,0,0,0,0,NA,NA,83166711,WHO FluNET/FluID+RKI,0,0,NA,NA,NA,NA,NA,NA,NA,NA,NA,NA,NA
2019,37,ALL,NA,NA,NH,DE,0,0,0,0,NA,NA,83166711,WHO FluNET/FluID+RKI,0,0,NA,NA,NA,NA,NA,NA,NA,NA,NA,NA,NA
2019,38,ALL,NA,NA,NH,DE,0,0,0,0,NA,NA,83166711,WHO FluNET/FluID+RKI,0,0,NA,NA,NA,NA,NA,NA,NA,NA,NA,NA,NA
2019,40,ALL,NA,NA,NH,DE,0,1,0,1,NA,NA,83166711,WHO FluNET/FluID+RKI,0.12024041686582988,0,NA,NA,NA,NA,NA,NA,NA,NA,NA,NA,NA
2019,41,ALL,NA,NA,NH,DE,0,2,0,2,NA,NA,83166711,WHO FluNET/FluID+RKI,0.24048083373165977,0,NA,NA,NA,NA,NA,NA,NA,NA,NA,NA,NA
2019,42,ALL,NA,NA,NH,DE,0,3,0,3,NA,NA,83166711,WHO FluNET/FluID+RKI,0.36072125059748966,0,NA,NA,NA,NA,NA,NA,NA,NA,NA,NA,NA
2019,43,ALL,NA,NA,NH,DE,1,0,0,0,NA,NA,83166711,WHO FluNET/FluID+RKI,0,0.12024041686582988,NA,NA,NA,NA,NA,NA,NA,NA,NA,NA,NA
2019,44,ALL,NA,NA,NH,DE,0,0,0,0,NA,NA,83166711,WHO FluNET/FluID+RKI,0,0,NA,NA,NA,NA,NA,NA,NA,NA,NA,NA,NA
2019,45,ALL,NA,NA,NH,DE,0,2,0,2,NA,NA,83166711,WHO FluNET/FluID+RKI,0.24048083373165977,0,NA,NA,NA,NA,NA,NA,NA,NA,NA,NA,NA
2019,46,ALL,NA,NA,NH,DE,0,1,0,1,NA,NA,83166711,WHO FluNET/FluID+RKI,0.12024041686582988,0,NA,NA,NA,NA,NA,NA,NA,NA,NA,NA,NA
2019,47,ALL,NA,NA,NH,DE,3,1,0,1,NA,NA,83166711,WHO FluNET/FluID+RKI,0.12024041686582988,0.36072125059748966,NA,NA,NA,NA,NA,NA,NA,NA,NA,NA,NA
2019,48,ALL,NA,NA,NH,DE,3,4,0,4,NA,NA,83166711,WHO FluNET/FluID+RKI,0.48096166746331953,0.36072125059748966,NA,NA,NA,NA,NA,NA,NA,NA,NA,NA,NA
2019,49,ALL,NA,NA,NH,DE,4,4,0,4,NA,NA,83166711,WHO FluNET/FluID+RKI,0.48096166746331953,0.48096166746331953,NA,NA,NA,NA,NA,NA,NA,NA,NA,NA,NA
2019,50,ALL,NA,NA,NH,DE,3,8,1,9,NA,NA,83166711,WHO FluNET/FluID+RKI,1.082163751792469,0.36072125059748966,NA,NA,NA,NA,NA,NA,NA,NA,NA,NA,NA
2019,51,ALL,NA,NA,NH,DE,7,8,0,8,NA,NA,83166711,WHO FluNET/FluID+RKI,0.9619233349266391,0.8416829180608092,NA,NA,NA,NA,NA,NA,NA,NA,NA,NA,NA
2019,52,ALL,NA,NA,NH,DE,3,3,0,3,NA,NA,83166711,WHO FluNET/FluID+RKI,0.36072125059748966,0.36072125059748966,NA,NA,NA,NA,NA,NA,NA,NA,NA,NA,NA
2022,1,0TO4,103,2.59,NH,DE,NA,NA,NA,NA,1098,474.0216288557429,84079811,WHO FluNET/FluID+RKI,NA,NA,NA,NA,NA,NA,NA,NA,NA,NA,NA,NA,NA
2022,1,15-34,629,3.35,NH,DE,NA,NA,NA,NA,NA,NA,84079811,WHO FluNET/FluID+RKI,NA,NA,NA,NA,NA,NA,NA,NA,NA,NA,NA,NA,NA
2022,1,15TO29,NA,NA,NH,DE,NA,NA,NA,NA,1207,177.25835515407672,84079811,WHO FluNET/FluID+RKI,NA,NA,NA,NA,NA,NA,NA,NA,NA,NA,NA,NA,NA
2022,1,30TO64,NA,NA,NH,DE,NA,NA,NA,NA,6019,293.92561860379715,84079811,WHO FluNET/FluID+RKI,NA,NA,NA,NA,NA,NA,NA,NA,NA,NA,NA,NA,NA
2022,1,35-59,1410,4.96,NH,DE,NA,NA,NA,NA,NA,NA,84079811,WHO FluNET/FluID+RKI,NA,NA,NA,NA,NA,NA,NA,NA,NA,NA,NA,NA,NA
2022,1,5TO14,66,0.86,NH,DE,NA,NA,NA,NA,389,91.32291453912447,84079811,WHO FluNET/FluID+RKI,NA,NA,NA,NA,NA,NA,NA,NA,NA,NA,NA,NA,NA
2022,1,60-79,1804,9.85,NH,DE,NA,NA,NA,NA,NA,NA,84079811,WHO FluNET/FluID+RKI,NA,NA,NA,NA,NA,NA,NA,NA,NA,NA,NA,NA,NA
2022,1,80+,1367,22.37,NH,DE,NA,NA,NA,NA,NA,NA,84079811,WHO FluNET/FluID+RKI,NA,NA,NA,NA,NA,NA,NA,NA,NA,NA,NA,NA,NA
2022,1,ALL,5380,6.46,NH,DE,5,6,0,6,17061,385.7315718838514,84079811,WHO FluNET/FluID+RKI,0.7136076935282359,0.5946730779401965,NA,NA,NA,NA,NA,NA,NA,NA,NA,NA,NA
2022,1,UNKNOWN,NA,NA,NH,DE,NA,NA,NA,NA,8348,805.2443127450073,84079811,WHO FluNET/FluID+RKI,NA,NA,NA,NA,NA,NA,NA,NA,NA,NA,NA,NA,NA
2022,2,0TO4,184,4.63,NH,DE,NA,NA,NA,NA,1163,502.0830185421029,84079811,WHO FluNET/FluID+RKI,NA,NA,NA,NA,NA,NA,NA,NA,NA,NA,NA,NA,NA
2022,2,15-34,933,4.96,NH,DE,NA,NA,NA,NA,NA,NA,84079811,WHO FluNET/FluID+RKI,NA,NA,NA,NA,NA,NA,NA,NA,NA,NA,NA,NA,NA
2022,2,15TO29,NA,NA,NH,DE,NA,NA,NA,NA,1285,188.71332756668482,84079811,WHO FluNET/FluID+RKI,NA,NA,NA,NA,NA,NA,NA,NA,NA,NA,NA,NA,NA
2022,2,30TO64,NA,NA,NH,DE,NA,NA,NA,NA,6454,315.1679585427657,84079811,WHO FluNET/FluID+RKI,NA,NA,NA,NA,NA,NA,NA,NA,NA,NA,NA,NA,NA
2022,2,35-59,1331,4.69,NH,DE,NA,NA,NA,NA,NA,NA,84079811,WHO FluNET/FluID+RKI,NA,NA,NA,NA,NA,NA,NA,NA,NA,NA,NA,NA,NA
2022,2,5TO14,121,1.59,NH,DE,NA,NA,NA,NA,452,106.11300095548653,84079811,WHO FluNET/FluID+RKI,NA,NA,NA,NA,NA,NA,NA,NA,NA,NA,NA,NA,NA
2022,2,60-79,1595,8.71,NH,DE,NA,NA,NA,NA,NA,NA,84079811,WHO FluNET/FluID+RKI,NA,NA,NA,NA,NA,NA,NA,NA,NA,NA,NA,NA,NA
2022,2,80+,1273,20.83,NH,DE,NA,NA,NA,NA,NA,NA,84079811,WHO FluNET/FluID+RKI,NA,NA,NA,NA,NA,NA,NA,NA,NA,NA,NA,NA,NA
2022,2,ALL,5437,6.53,NH,DE,2,3,0,3,18159,410.5562167422108,84079811,WHO FluNET/FluID+RKI,0.35680384676411797,0.23786923117607864,NA,NA,NA,NA,NA,NA,NA,NA,NA,NA,NA
2022,2,UNKNOWN,NA,NA,NH,DE,NA,NA,NA,NA,8805,849.3263265117141,84079811,WHO FluNET/FluID+RKI,NA,NA,NA,NA,NA,NA,NA,NA,NA,NA,NA,NA,NA
2022,3,0TO4,232,5.84,NH,DE,NA,NA,NA,NA,1194,515.4661428540592,84079811,WHO FluNET/FluID+RKI,NA,NA,NA,NA,NA,NA,NA,NA,NA,NA,NA,NA,NA
2022,3,15-34,976,5.19,NH,DE,NA,NA,NA,NA,NA,NA,84079811,WHO FluNET/FluID+RKI,NA,NA,NA,NA,NA,NA,NA,NA,NA,NA,NA,NA,NA
2022,3,15TO29,NA,NA,NH,DE,NA,NA,NA,NA,1282,188.27275170466143,84079811,WHO FluNET/FluID+RKI,NA,NA,NA,NA,NA,NA,NA,NA,NA,NA,NA,NA,NA
2022,3,30TO64,NA,NA,NH,DE,NA,NA,NA,NA,6481,316.4864486079431,84079811,WHO FluNET/FluID+RKI,NA,NA,NA,NA,NA,NA,NA,NA,NA,NA,NA,NA,NA
2022,3,35-59,1410,4.96,NH,DE,NA,NA,NA,NA,NA,NA,84079811,WHO FluNET/FluID+RKI,NA,NA,NA,NA,NA,NA,NA,NA,NA,NA,NA,NA,NA
2022,3,5TO14,206,2.7,NH,DE,NA,NA,NA,NA,445,104.46965802033519,84079811,WHO FluNET/FluID+RKI,NA,NA,NA,NA,NA,NA,NA,NA,NA,NA,NA,NA,NA
2022,3,60-79,1283,7,NH,DE,NA,NA,NA,NA,NA,NA,84079811,WHO FluNET/FluID+RKI,NA,NA,NA,NA,NA,NA,NA,NA,NA,NA,NA,NA,NA
2022,3,80+,1096,17.93,NH,DE,NA,NA,NA,NA,NA,NA,84079811,WHO FluNET/FluID+RKI,NA,NA,NA,NA,NA,NA,NA,NA,NA,NA,NA,NA,NA
2022,3,ALL,5205,6.25,NH,DE,3,2,0,2,18143,410.1944732834368,84079811,WHO FluNET/FluID+RKI,0.23786923117607864,0.35680384676411797,NA,NA,NA,NA,NA,NA,NA,NA,NA,NA,NA
2022,3,UNKNOWN,NA,NA,NH,DE,NA,NA,NA,NA,8741,843.1529153934006,84079811,WHO FluNET/FluID+RKI,NA,NA,NA,NA,NA,NA,NA,NA,NA,NA,NA,NA,NA
2022,4,0TO4,322,8.1,NH,DE,NA,NA,NA,NA,1202,518.9198523539188,84079811,WHO FluNET/FluID+RKI,NA,NA,NA,NA,NA,NA,NA,NA,NA,NA,NA,NA,NA
2022,4,15-34,1257,6.69,NH,DE,NA,NA,NA,NA,NA,NA,84079811,WHO FluNET/FluID+RKI,NA,NA,NA,NA,NA,NA,NA,NA,NA,NA,NA,NA,NA
2022,4,15TO29,NA,NA,NH,DE,NA,NA,NA,NA,1318,193.5596620489421,84079811,WHO FluNET/FluID+RKI,NA,NA,NA,NA,NA,NA,NA,NA,NA,NA,NA,NA,NA
2022,4,30TO64,NA,NA,NH,DE,NA,NA,NA,NA,6344,309.7963323513024,84079811,WHO FluNET/FluID+RKI,NA,NA,NA,NA,NA,NA,NA,NA,NA,NA,NA,NA,NA
2022,4,35-59,1705,6,NH,DE,NA,NA,NA,NA,NA,NA,84079811,WHO FluNET/FluID+RKI,NA,NA,NA,NA,NA,NA,NA,NA,NA,NA,NA,NA,NA
2022,4,5TO14,337,4.42,NH,DE,NA,NA,NA,NA,450,105.64347440258615,84079811,WHO FluNET/FluID+RKI,NA,NA,NA,NA,NA,NA,NA,NA,NA,NA,NA,NA,NA
2022,4,60-79,1667,9.1,NH,DE,NA,NA,NA,NA,NA,NA,84079811,WHO FluNET/FluID+RKI,NA,NA,NA,NA,NA,NA,NA,NA,NA,NA,NA,NA,NA
2022,4,80+,1506,24.64,NH,DE,NA,NA,NA,NA,NA,NA,84079811,WHO FluNET/FluID+RKI,NA,NA,NA,NA,NA,NA,NA,NA,NA,NA,NA,NA,NA
2022,4,ALL,6794,8.16,NH,DE,4,5,0,5,18075,408.65706358364775,84079811,WHO FluNET/FluID+RKI,0.5946730779401965,0.4757384623521573,NA,NA,NA,NA,NA,NA,NA,NA,NA,NA,NA
2022,4,UNKNOWN,NA,NA,NH,DE,NA,NA,NA,NA,8761,845.0821063678735,84079811,WHO FluNET/FluID+RKI,NA,NA,NA,NA,NA,NA,NA,NA,NA,NA,NA,NA,NA
2022,5,0TO4,409,10.29,NH,DE,NA,NA,NA,NA,1188,512.8758607291644,84079811,WHO FluNET/FluID+RKI,NA,NA,NA,NA,NA,NA,NA,NA,NA,NA,NA,NA,NA
2022,5,15-34,1478,7.86,NH,DE,NA,NA,NA,NA,NA,NA,84079811,WHO FluNET/FluID+RKI,NA,NA,NA,NA,NA,NA,NA,NA,NA,NA,NA,NA,NA
2022,5,15TO29,NA,NA,NH,DE,NA,NA,NA,NA,1299,190.7693482561273,84079811,WHO FluNET/FluID+RKI,NA,NA,NA,NA,NA,NA,NA,NA,NA,NA,NA,NA,NA
2022,5,30TO64,NA,NA,NH,DE,NA,NA,NA,NA,6244,304.9130358136085,84079811,WHO FluNET/FluID+RKI,NA,NA,NA,NA,NA,NA,NA,NA,NA,NA,NA,NA,NA
2022,5,35-59,2011,7.08,NH,DE,NA,NA,NA,NA,NA,NA,84079811,WHO FluNET/FluID+RKI,NA,NA,NA,NA,NA,NA,NA,NA,NA,NA,NA,NA,NA
2022,5,5TO14,415,5.44,NH,DE,NA,NA,NA,NA,452,106.11300095548653,84079811,WHO FluNET/FluID+RKI,NA,NA,NA,NA,NA,NA,NA,NA,NA,NA,NA,NA,NA
2022,5,60-79,2056,11.22,NH,DE,NA,NA,NA,NA,NA,NA,84079811,WHO FluNET/FluID+RKI,NA,NA,NA,NA,NA,NA,NA,NA,NA,NA,NA,NA,NA
2022,5,80+,2025,33.13,NH,DE,NA,NA,NA,NA,NA,NA,84079811,WHO FluNET/FluID+RKI,NA,NA,NA,NA,NA,NA,NA,NA,NA,NA,NA,NA,NA
2022,5,ALL,8402,10.09,NH,DE,6,8,0,8,18119,409.651858095276,84079811,WHO FluNET/FluID+RKI,0.9514769247043146,0.7136076935282359,NA,NA,NA,NA,NA,NA,NA,NA,NA,NA,NA
2022,5,UNKNOWN,NA,NA,NH,DE,NA,NA,NA,NA,8936,861.9625273945119,84079811,WHO FluNET/FluID+RKI,NA,NA,NA,NA,NA,NA,NA,NA,NA,NA,NA,NA,NA
2022,6,0TO4,415,10.44,NH,DE,NA,NA,NA,NA,1208,521.5101344788136,84079811,WHO FluNET/FluID+RKI,NA,NA,NA,NA,NA,NA,NA,NA,NA,NA,NA,NA,NA
2022,6,15-34,1551,8.25,NH,DE,NA,NA,NA,NA,NA,NA,84079811,WHO FluNET/FluID+RKI,NA,NA,NA,NA,NA,NA,NA,NA,NA,NA,NA,NA,NA
2022,6,15TO29,NA,NA,NH,DE,NA,NA,NA,NA,1299,190.7693482561273,84079811,WHO FluNET/FluID+RKI,NA,NA,NA,NA,NA,NA,NA,NA,NA,NA,NA,NA,NA
2022,6,30TO64,NA,NA,NH,DE,NA,NA,NA,NA,6381,311.60315207024917,84079811,WHO FluNET/FluID+RKI,NA,NA,NA,NA,NA,NA,NA,NA,NA,NA,NA,NA,NA
2022,6,35-59,2212,7.79,NH,DE,NA,NA,NA,NA,NA,NA,84079811,WHO FluNET/FluID+RKI,NA,NA,NA,NA,NA,NA,NA,NA,NA,NA,NA,NA,NA
2022,6,5TO14,459,6.01,NH,DE,NA,NA,NA,NA,460,107.99110716708806,84079811,WHO FluNET/FluID+RKI,NA,NA,NA,NA,NA,NA,NA,NA,NA,NA,NA,NA,NA
2022,6,60-79,2757,15.05,NH,DE,NA,NA,NA,NA,NA,NA,84079811,WHO FluNET/FluID+RKI,NA,NA,NA,NA,NA,NA,NA,NA,NA,NA,NA,NA,NA
2022,6,80+,2747,44.95,NH,DE,NA,NA,NA,NA,NA,NA,84079811,WHO FluNET/FluID+RKI,NA,NA,NA,NA,NA,NA,NA,NA,NA,NA,NA,NA,NA
2022,6,ALL,10143,12.19,NH,DE,1,2,0,2,18310,413.9701706343895,84079811,WHO FluNET/FluID+RKI,0.23786923117607864,0.11893461558803932,NA,NA,NA,NA,NA,NA,NA,NA,NA,NA,NA
2022,6,UNKNOWN,NA,NA,NH,DE,NA,NA,NA,NA,8962,864.4704756613266,84079811,WHO FluNET/FluID+RKI,NA,NA,NA,NA,NA,NA,NA,NA,NA,NA,NA,NA,NA
2022,7,0TO4,413,10.39,NH,DE,NA,NA,NA,NA,1197,516.7612839165066,84079811,WHO FluNET/FluID+RKI,NA,NA,NA,NA,NA,NA,NA,NA,NA,NA,NA,NA,NA
2022,7,15-34,1462,7.78,NH,DE,NA,NA,NA,NA,NA,NA,84079811,WHO FluNET/FluID+RKI,NA,NA,NA,NA,NA,NA,NA,NA,NA,NA,NA,NA,NA
2022,7,15TO29,NA,NA,NH,DE,NA,NA,NA,NA,1248,183.27955860172972,84079811,WHO FluNET/FluID+RKI,NA,NA,NA,NA,NA,NA,NA,NA,NA,NA,NA,NA,NA
2022,7,30TO64,NA,NA,NH,DE,NA,NA,NA,NA,6344,309.7963323513024,84079811,WHO FluNET/FluID+RKI,NA,NA,NA,NA,NA,NA,NA,NA,NA,NA,NA,NA,NA
2022,7,35-59,2277,8.02,NH,DE,NA,NA,NA,NA,NA,NA,84079811,WHO FluNET/FluID+RKI,NA,NA,NA,NA,NA,NA,NA,NA,NA,NA,NA,NA,NA
2022,7,5TO14,415,5.44,NH,DE,NA,NA,NA,NA,438,102.82631508518386,84079811,WHO FluNET/FluID+RKI,NA,NA,NA,NA,NA,NA,NA,NA,NA,NA,NA,NA,NA
2022,7,60-79,2838,15.49,NH,DE,NA,NA,NA,NA,NA,NA,84079811,WHO FluNET/FluID+RKI,NA,NA,NA,NA,NA,NA,NA,NA,NA,NA,NA,NA,NA
2022,7,80+,3243,53.06,NH,DE,NA,NA,NA,NA,NA,NA,84079811,WHO FluNET/FluID+RKI,NA,NA,NA,NA,NA,NA,NA,NA,NA,NA,NA,NA,NA
2022,7,ALL,10650,12.79,NH,DE,1,4,1,5,17970,406.28312213544405,84079811,WHO FluNET/FluID+RKI,0.5946730779401965,0.11893461558803932,NA,NA,NA,NA,NA,NA,NA,NA,NA,NA,NA
2022,7,UNKNOWN,NA,NA,NH,DE,NA,NA,NA,NA,8743,843.345834490848,84079811,WHO FluNET/FluID+RKI,NA,NA,NA,NA,NA,NA,NA,NA,NA,NA,NA,NA,NA
2022,8,0TO4,423,10.64,NH,DE,NA,NA,NA,NA,1202,518.9198523539188,84079811,WHO FluNET/FluID+RKI,NA,NA,NA,NA,NA,NA,NA,NA,NA,NA,NA,NA,NA
2022,8,15-34,1287,6.85,NH,DE,NA,NA,NA,NA,NA,NA,84079811,WHO FluNET/FluID+RKI,NA,NA,NA,NA,NA,NA,NA,NA,NA,NA,NA,NA,NA
2022,8,15TO29,NA,NA,NH,DE,NA,NA,NA,NA,1258,184.74814480847434,84079811,WHO FluNET/FluID+RKI,NA,NA,NA,NA,NA,NA,NA,NA,NA,NA,NA,NA,NA
2022,8,30TO64,NA,NA,NH,DE,NA,NA,NA,NA,6605,322.54173631468353,84079811,WHO FluNET/FluID+RKI,NA,NA,NA,NA,NA,NA,NA,NA,NA,NA,NA,NA,NA
2022,8,35-59,2097,7.38,NH,DE,NA,NA,NA,NA,NA,NA,84079811,WHO FluNET/FluID+RKI,NA,NA,NA,NA,NA,NA,NA,NA,NA,NA,NA,NA,NA
2022,8,5TO14,353,4.63,NH,DE,NA,NA,NA,NA,502,117.8511647779961,84079811,WHO FluNET/FluID+RKI,NA,NA,NA,NA,NA,NA,NA,NA,NA,NA,NA,NA,NA
2022,8,60-79,2974,16.23,NH,DE,NA,NA,NA,NA,NA,NA,84079811,WHO FluNET/FluID+RKI,NA,NA,NA,NA,NA,NA,NA,NA,NA,NA,NA,NA,NA
2022,8,80+,3440,56.29,NH,DE,NA,NA,NA,NA,NA,NA,84079811,WHO FluNET/FluID+RKI,NA,NA,NA,NA,NA,NA,NA,NA,NA,NA,NA,NA,NA
2022,8,ALL,10576,12.71,NH,DE,4,4,0,4,18622,421.02416808048065,84079811,WHO FluNET/FluID+RKI,0.4757384623521573,0.4757384623521573,NA,NA,NA,NA,NA,NA,NA,NA,NA,NA,NA
2022,8,UNKNOWN,NA,NA,NH,DE,NA,NA,NA,NA,9055,873.4412136926259,84079811,WHO FluNET/FluID+RKI,NA,NA,NA,NA,NA,NA,NA,NA,NA,NA,NA,NA,NA
2022,9,0TO4,401,10.09,NH,DE,NA,NA,NA,NA,1187,512.444147041682,84079811,WHO FluNET/FluID+RKI,NA,NA,NA,NA,NA,NA,NA,NA,NA,NA,NA,NA,NA
2022,9,15-34,1195,6.36,NH,DE,NA,NA,NA,NA,NA,NA,84079811,WHO FluNET/FluID+RKI,NA,NA,NA,NA,NA,NA,NA,NA,NA,NA,NA,NA,NA
2022,9,15TO29,NA,NA,NH,DE,NA,NA,NA,NA,1338,196.49683446243137,84079811,WHO FluNET/FluID+RKI,NA,NA,NA,NA,NA,NA,NA,NA,NA,NA,NA,NA,NA
2022,9,30TO64,NA,NA,NH,DE,NA,NA,NA,NA,6265,305.93852808652423,84079811,WHO FluNET/FluID+RKI,NA,NA,NA,NA,NA,NA,NA,NA,NA,NA,NA,NA,NA
2022,9,35-59,1952,6.87,NH,DE,NA,NA,NA,NA,NA,NA,84079811,WHO FluNET/FluID+RKI,NA,NA,NA,NA,NA,NA,NA,NA,NA,NA,NA,NA,NA
2022,9,5TO14,288,3.77,NH,DE,NA,NA,NA,NA,498,116.91211167219535,84079811,WHO FluNET/FluID+RKI,NA,NA,NA,NA,NA,NA,NA,NA,NA,NA,NA,NA,NA
2022,9,60-79,3048,16.64,NH,DE,NA,NA,NA,NA,NA,NA,84079811,WHO FluNET/FluID+RKI,NA,NA,NA,NA,NA,NA,NA,NA,NA,NA,NA,NA,NA
2022,9,80+,3442,56.32,NH,DE,NA,NA,NA,NA,NA,NA,84079811,WHO FluNET/FluID+RKI,NA,NA,NA,NA,NA,NA,NA,NA,NA,NA,NA,NA,NA
2022,9,ALL,10330,12.41,NH,DE,1,2,0,2,18280,413.2919016491884,84079811,WHO FluNET/FluID+RKI,0.23786923117607864,0.11893461558803932,NA,NA,NA,NA,NA,NA,NA,NA,NA,NA,NA
2022,9,UNKNOWN,NA,NA,NH,DE,NA,NA,NA,NA,8992,867.3642621230362,84079811,WHO FluNET/FluID+RKI,NA,NA,NA,NA,NA,NA,NA,NA,NA,NA,NA,NA,NA
2022,10,0TO4,391,9.84,NH,DE,NA,NA,NA,NA,1198,517.1929976039889,84079811,WHO FluNET/FluID+RKI,NA,NA,NA,NA,NA,NA,NA,NA,NA,NA,NA,NA,NA
2022,10,15-34,1164,6.19,NH,DE,NA,NA,NA,NA,NA,NA,84079811,WHO FluNET/FluID+RKI,NA,NA,NA,NA,NA,NA,NA,NA,NA,NA,NA,NA,NA
2022,10,15TO29,NA,NA,NH,DE,NA,NA,NA,NA,1291,189.5944792907316,84079811,WHO FluNET/FluID+RKI,NA,NA,NA,NA,NA,NA,NA,NA,NA,NA,NA,NA,NA
2022,10,30TO64,NA,NA,NH,DE,NA,NA,NA,NA,6406,312.8239762046726,84079811,WHO FluNET/FluID+RKI,NA,NA,NA,NA,NA,NA,NA,NA,NA,NA,NA,NA,NA
2022,10,35-59,1840,6.48,NH,DE,NA,NA,NA,NA,NA,NA,84079811,WHO FluNET/FluID+RKI,NA,NA,NA,NA,NA,NA,NA,NA,NA,NA,NA,NA,NA
2022,10,5TO14,247,3.24,NH,DE,NA,NA,NA,NA,523,122.78119358345013,84079811,WHO FluNET/FluID+RKI,NA,NA,NA,NA,NA,NA,NA,NA,NA,NA,NA,NA,NA
2022,10,60-79,2899,15.83,NH,DE,NA,NA,NA,NA,NA,NA,84079811,WHO FluNET/FluID+RKI,NA,NA,NA,NA,NA,NA,NA,NA,NA,NA,NA,NA,NA
2022,10,80+,3378,55.27,NH,DE,NA,NA,NA,NA,NA,NA,84079811,WHO FluNET/FluID+RKI,NA,NA,NA,NA,NA,NA,NA,NA,NA,NA,NA,NA,NA
2022,10,ALL,9919,11.92,NH,DE,2,5,0,5,18659,421.8606998288954,84079811,WHO FluNET/FluID+RKI,0.5946730779401965,0.23786923117607864,NA,NA,NA,NA,NA,NA,NA,NA,NA,NA,NA
2022,10,UNKNOWN,NA,NA,NH,DE,NA,NA,NA,NA,9241,891.3826897552242,84079811,WHO FluNET/FluID+RKI,NA,NA,NA,NA,NA,NA,NA,NA,NA,NA,NA,NA,NA
2022,11,0TO4,459,11.55,NH,DE,NA,NA,NA,NA,1245,537.4835409156648,84079811,WHO FluNET/FluID+RKI,NA,NA,NA,NA,NA,NA,NA,NA,NA,NA,NA,NA,NA
2022,11,15-34,1321,7.03,NH,DE,NA,NA,NA,NA,NA,NA,84079811,WHO FluNET/FluID+RKI,NA,NA,NA,NA,NA,NA,NA,NA,NA,NA,NA,NA,NA
2022,11,15TO29,NA,NA,NH,DE,NA,NA,NA,NA,1254,184.16071032577648,84079811,WHO FluNET/FluID+RKI,NA,NA,NA,NA,NA,NA,NA,NA,NA,NA,NA,NA,NA
2022,11,30TO64,NA,NA,NH,DE,NA,NA,NA,NA,6299,307.5988489093401,84079811,WHO FluNET/FluID+RKI,NA,NA,NA,NA,NA,NA,NA,NA,NA,NA,NA,NA,NA
2022,11,35-59,1974,6.95,NH,DE,NA,NA,NA,NA,NA,NA,84079811,WHO FluNET/FluID+RKI,NA,NA,NA,NA,NA,NA,NA,NA,NA,NA,NA,NA,NA
2022,11,5TO14,301,3.94,NH,DE,NA,NA,NA,NA,501,117.61640150154591,84079811,WHO FluNET/FluID+RKI,NA,NA,NA,NA,NA,NA,NA,NA,NA,NA,NA,NA,NA
2022,11,60-79,3361,18.35,NH,DE,NA,NA,NA,NA,NA,NA,84079811,WHO FluNET/FluID+RKI,NA,NA,NA,NA,NA,NA,NA,NA,NA,NA,NA,NA,NA
2022,11,80+,4005,65.53,NH,DE,NA,NA,NA,NA,NA,NA,84079811,WHO FluNET/FluID+RKI,NA,NA,NA,NA,NA,NA,NA,NA,NA,NA,NA,NA,NA
2022,11,ALL,11425,13.73,NH,DE,1,9,0,9,18374,415.4171444694851,84079811,WHO FluNET/FluID+RKI,1.0704115402923537,0.11893461558803932,NA,NA,NA,NA,NA,NA,NA,NA,NA,NA,NA
2022,11,UNKNOWN,NA,NA,NH,DE,NA,NA,NA,NA,9075,875.3704046670988,84079811,WHO FluNET/FluID+RKI,NA,NA,NA,NA,NA,NA,NA,NA,NA,NA,NA,NA,NA
2022,12,0TO4,469,11.8,NH,DE,NA,NA,NA,NA,1217,525.3955576661558,84079811,WHO FluNET/FluID+RKI,NA,NA,NA,NA,NA,NA,NA,NA,NA,NA,NA,NA,NA
2022,12,15-34,1277,6.79,NH,DE,NA,NA,NA,NA,NA,NA,84079811,WHO FluNET/FluID+RKI,NA,NA,NA,NA,NA,NA,NA,NA,NA,NA,NA,NA,NA
2022,12,15TO29,NA,NA,NH,DE,NA,NA,NA,NA,1222,179.46123446419367,84079811,WHO FluNET/FluID+RKI,NA,NA,NA,NA,NA,NA,NA,NA,NA,NA,NA,NA,NA
2022,12,30TO64,NA,NA,NH,DE,NA,NA,NA,NA,5980,292.0211329540965,84079811,WHO FluNET/FluID+RKI,NA,NA,NA,NA,NA,NA,NA,NA,NA,NA,NA,NA,NA
2022,12,35-59,2122,7.47,NH,DE,NA,NA,NA,NA,NA,NA,84079811,WHO FluNET/FluID+RKI,NA,NA,NA,NA,NA,NA,NA,NA,NA,NA,NA,NA,NA
2022,12,5TO14,329,4.31,NH,DE,NA,NA,NA,NA,525,123.25072013635052,84079811,WHO FluNET/FluID+RKI,NA,NA,NA,NA,NA,NA,NA,NA,NA,NA,NA,NA,NA
2022,12,60-79,3835,20.93,NH,DE,NA,NA,NA,NA,NA,NA,84079811,WHO FluNET/FluID+RKI,NA,NA,NA,NA,NA,NA,NA,NA,NA,NA,NA,NA,NA
2022,12,80+,4558,74.58,NH,DE,NA,NA,NA,NA,NA,NA,84079811,WHO FluNET/FluID+RKI,NA,NA,NA,NA,NA,NA,NA,NA,NA,NA,NA,NA,NA
2022,12,ALL,12592,15.13,NH,DE,3,7,0,7,18004,407.05182698533855,84079811,WHO FluNET/FluID+RKI,0.8325423091162752,0.35680384676411797,NA,NA,NA,NA,NA,NA,NA,NA,NA,NA,NA
2022,12,UNKNOWN,NA,NA,NH,DE,NA,NA,NA,NA,9060,873.9235114362441,84079811,WHO FluNET/FluID+RKI,NA,NA,NA,NA,NA,NA,NA,NA,NA,NA,NA,NA,NA
2022,13,0TO4,430,10.82,NH,DE,NA,NA,NA,NA,1210,522.3735618537786,84079811,WHO FluNET/FluID+RKI,NA,NA,NA,NA,NA,NA,NA,NA,NA,NA,NA,NA,NA
2022,13,15-34,1253,6.67,NH,DE,NA,NA,NA,NA,NA,NA,84079811,WHO FluNET/FluID+RKI,NA,NA,NA,NA,NA,NA,NA,NA,NA,NA,NA,NA,NA
2022,13,15TO29,NA,NA,NH,DE,NA,NA,NA,NA,1228,180.34238618824043,84079811,WHO FluNET/FluID+RKI,NA,NA,NA,NA,NA,NA,NA,NA,NA,NA,NA,NA,NA
2022,13,30TO64,NA,NA,NH,DE,NA,NA,NA,NA,6210,303.2527149907926,84079811,WHO FluNET/FluID+RKI,NA,NA,NA,NA,NA,NA,NA,NA,NA,NA,NA,NA,NA
2022,13,35-59,2081,7.33,NH,DE,NA,NA,NA,NA,NA,NA,84079811,WHO FluNET/FluID+RKI,NA,NA,NA,NA,NA,NA,NA,NA,NA,NA,NA,NA,NA
2022,13,5TO14,260,3.41,NH,DE,NA,NA,NA,NA,484,113.62542580189267,84079811,WHO FluNET/FluID+RKI,NA,NA,NA,NA,NA,NA,NA,NA,NA,NA,NA,NA,NA
2022,13,60-79,3857,21.05,NH,DE,NA,NA,NA,NA,NA,NA,84079811,WHO FluNET/FluID+RKI,NA,NA,NA,NA,NA,NA,NA,NA,NA,NA,NA,NA,NA
2022,13,80+,4441,72.66,NH,DE,NA,NA,NA,NA,NA,NA,84079811,WHO FluNET/FluID+RKI,NA,NA,NA,NA,NA,NA,NA,NA,NA,NA,NA,NA,NA
2022,13,ALL,12325,14.81,NH,DE,0,12,0,12,18253,412.6814595625075,84079811,WHO FluNET/FluID+RKI,1.4272153870564719,0,NA,NA,NA,NA,NA,NA,NA,NA,NA,NA,NA
2022,13,UNKNOWN,NA,NA,NH,DE,NA,NA,NA,NA,9121,879.8075439083865,84079811,WHO FluNET/FluID+RKI,NA,NA,NA,NA,NA,NA,NA,NA,NA,NA,NA,NA,NA
2022,14,0TO4,408,10.26,NH,DE,NA,NA,NA,NA,1280,552.5935199775508,84079811,WHO FluNET/FluID+RKI,NA,NA,NA,NA,NA,NA,NA,NA,NA,NA,NA,NA,NA
2022,14,15-34,1076,5.72,NH,DE,NA,NA,NA,NA,NA,NA,84079811,WHO FluNET/FluID+RKI,NA,NA,NA,NA,NA,NA,NA,NA,NA,NA,NA,NA,NA
2022,14,15TO29,NA,NA,NH,DE,NA,NA,NA,NA,1326,194.73453101433782,84079811,WHO FluNET/FluID+RKI,NA,NA,NA,NA,NA,NA,NA,NA,NA,NA,NA,NA,NA
2022,14,30TO64,NA,NA,NH,DE,NA,NA,NA,NA,6262,305.79202919039335,84079811,WHO FluNET/FluID+RKI,NA,NA,NA,NA,NA,NA,NA,NA,NA,NA,NA,NA,NA
2022,14,35-59,1874,6.6,NH,DE,NA,NA,NA,NA,NA,NA,84079811,WHO FluNET/FluID+RKI,NA,NA,NA,NA,NA,NA,NA,NA,NA,NA,NA,NA,NA
2022,14,5TO14,218,2.86,NH,DE,NA,NA,NA,NA,504,118.3206913308965,84079811,WHO FluNET/FluID+RKI,NA,NA,NA,NA,NA,NA,NA,NA,NA,NA,NA,NA,NA
2022,14,60-79,3474,18.96,NH,DE,NA,NA,NA,NA,NA,NA,84079811,WHO FluNET/FluID+RKI,NA,NA,NA,NA,NA,NA,NA,NA,NA,NA,NA,NA,NA
2022,14,80+,4018,65.74,NH,DE,NA,NA,NA,NA,NA,NA,84079811,WHO FluNET/FluID+RKI,NA,NA,NA,NA,NA,NA,NA,NA,NA,NA,NA,NA,NA
2022,14,ALL,11073,13.3,NH,DE,0,16,0,16,18649,421.63461016716167,84079811,WHO FluNET/FluID+RKI,1.902953849408629,0,NA,NA,NA,NA,NA,NA,NA,NA,NA,NA,NA
2022,14,UNKNOWN,NA,NA,NH,DE,NA,NA,NA,NA,9277,894.8552335092755,84079811,WHO FluNET/FluID+RKI,NA,NA,NA,NA,NA,NA,NA,NA,NA,NA,NA,NA,NA
2022,15,0TO4,331,8.33,NH,DE,NA,NA,NA,NA,1126,486.1096121052518,84079811,WHO FluNET/FluID+RKI,NA,NA,NA,NA,NA,NA,NA,NA,NA,NA,NA,NA,NA
2022,15,15-34,897,4.77,NH,DE,NA,NA,NA,NA,NA,NA,84079811,WHO FluNET/FluID+RKI,NA,NA,NA,NA,NA,NA,NA,NA,NA,NA,NA,NA,NA
2022,15,15TO29,NA,NA,NH,DE,NA,NA,NA,NA,1116,163.89422067270058,84079811,WHO FluNET/FluID+RKI,NA,NA,NA,NA,NA,NA,NA,NA,NA,NA,NA,NA,NA
2022,15,30TO64,NA,NA,NH,DE,NA,NA,NA,NA,5173,252.61292989490659,84079811,WHO FluNET/FluID+RKI,NA,NA,NA,NA,NA,NA,NA,NA,NA,NA,NA,NA,NA
2022,15,35-59,1603,5.64,NH,DE,NA,NA,NA,NA,NA,NA,84079811,WHO FluNET/FluID+RKI,NA,NA,NA,NA,NA,NA,NA,NA,NA,NA,NA,NA,NA
2022,15,5TO14,197,2.58,NH,DE,NA,NA,NA,NA,435,102.12202525583328,84079811,WHO FluNET/FluID+RKI,NA,NA,NA,NA,NA,NA,NA,NA,NA,NA,NA,NA,NA
2022,15,60-79,3068,16.75,NH,DE,NA,NA,NA,NA,NA,NA,84079811,WHO FluNET/FluID+RKI,NA,NA,NA,NA,NA,NA,NA,NA,NA,NA,NA,NA,NA
2022,15,80+,3505,57.35,NH,DE,NA,NA,NA,NA,NA,NA,84079811,WHO FluNET/FluID+RKI,NA,NA,NA,NA,NA,NA,NA,NA,NA,NA,NA,NA,NA
2022,15,ALL,9605,11.54,NH,DE,0,6,0,6,15498,350.3937577548754,84079811,WHO FluNET/FluID+RKI,0.7136076935282359,0,NA,NA,NA,NA,NA,NA,NA,NA,NA,NA,NA
2022,15,UNKNOWN,NA,NA,NH,DE,NA,NA,NA,NA,7648,737.7226286384541,84079811,WHO FluNET/FluID+RKI,NA,NA,NA,NA,NA,NA,NA,NA,NA,NA,NA,NA,NA
2022,16,0TO4,302,7.6,NH,DE,NA,NA,NA,NA,1241,535.7566861657349,84079811,WHO FluNET/FluID+RKI,NA,NA,NA,NA,NA,NA,NA,NA,NA,NA,NA,NA,NA
2022,16,15-34,757,4.03,NH,DE,NA,NA,NA,NA,NA,NA,84079811,WHO FluNET/FluID+RKI,NA,NA,NA,NA,NA,NA,NA,NA,NA,NA,NA,NA,NA
2022,16,15TO29,NA,NA,NH,DE,NA,NA,NA,NA,1199,176.083486188681,84079811,WHO FluNET/FluID+RKI,NA,NA,NA,NA,NA,NA,NA,NA,NA,NA,NA,NA,NA
2022,16,30TO64,NA,NA,NH,DE,NA,NA,NA,NA,5651,275.9550873450835,84079811,WHO FluNET/FluID+RKI,NA,NA,NA,NA,NA,NA,NA,NA,NA,NA,NA,NA,NA
2022,16,35-59,1321,4.65,NH,DE,NA,NA,NA,NA,NA,NA,84079811,WHO FluNET/FluID+RKI,NA,NA,NA,NA,NA,NA,NA,NA,NA,NA,NA,NA,NA
2022,16,5TO14,134,1.76,NH,DE,NA,NA,NA,NA,462,108.46063371998845,84079811,WHO FluNET/FluID+RKI,NA,NA,NA,NA,NA,NA,NA,NA,NA,NA,NA,NA,NA
2022,16,60-79,2537,13.85,NH,DE,NA,NA,NA,NA,NA,NA,84079811,WHO FluNET/FluID+RKI,NA,NA,NA,NA,NA,NA,NA,NA,NA,NA,NA,NA,NA
2022,16,80+,2953,48.32,NH,DE,NA,NA,NA,NA,NA,NA,84079811,WHO FluNET/FluID+RKI,NA,NA,NA,NA,NA,NA,NA,NA,NA,NA,NA,NA,NA
2022,16,ALL,8008,9.62,NH,DE,0,13,0,13,16654,376.52972265129017,84079811,WHO FluNET/FluID+RKI,1.5461500026445112,0,NA,NA,NA,NA,NA,NA,NA,NA,NA,NA,NA
2022,16,UNKNOWN,NA,NA,NH,DE,NA,NA,NA,NA,8101,781.4188042102663,84079811,WHO FluNET/FluID+RKI,NA,NA,NA,NA,NA,NA,NA,NA,NA,NA,NA,NA,NA
2022,17,0TO4,249,6.26,NH,DE,NA,NA,NA,NA,1286,555.1838021024456,84079811,WHO FluNET/FluID+RKI,NA,NA,NA,NA,NA,NA,NA,NA,NA,NA,NA,NA,NA
2022,17,15-34,754,4.01,NH,DE,NA,NA,NA,NA,NA,NA,84079811,WHO FluNET/FluID+RKI,NA,NA,NA,NA,NA,NA,NA,NA,NA,NA,NA,NA,NA
2022,17,15TO29,NA,NA,NH,DE,NA,NA,NA,NA,1350,198.2591379105249,84079811,WHO FluNET/FluID+RKI,NA,NA,NA,NA,NA,NA,NA,NA,NA,NA,NA,NA,NA
2022,17,30TO64,NA,NA,NH,DE,NA,NA,NA,NA,6577,321.17441328412923,84079811,WHO FluNET/FluID+RKI,NA,NA,NA,NA,NA,NA,NA,NA,NA,NA,NA,NA,NA
2022,17,35-59,1322,4.65,NH,DE,NA,NA,NA,NA,NA,NA,84079811,WHO FluNET/FluID+RKI,NA,NA,NA,NA,NA,NA,NA,NA,NA,NA,NA,NA,NA
2022,17,5TO14,109,1.43,NH,DE,NA,NA,NA,NA,549,128.8850387711551,84079811,WHO FluNET/FluID+RKI,NA,NA,NA,NA,NA,NA,NA,NA,NA,NA,NA,NA,NA
2022,17,60-79,2389,13.04,NH,DE,NA,NA,NA,NA,NA,NA,84079811,WHO FluNET/FluID+RKI,NA,NA,NA,NA,NA,NA,NA,NA,NA,NA,NA,NA,NA
2022,17,80+,2808,45.95,NH,DE,NA,NA,NA,NA,NA,NA,84079811,WHO FluNET/FluID+RKI,NA,NA,NA,NA,NA,NA,NA,NA,NA,NA,NA,NA,NA
2022,17,ALL,7634,9.17,NH,DE,0,29,0,29,19227,434.70259261536904,84079811,WHO FluNET/FluID+RKI,3.44910385205314,0,NA,NA,NA,NA,NA,NA,NA,NA,NA,NA,NA
2022,17,UNKNOWN,NA,NA,NH,DE,NA,NA,NA,NA,9465,912.9896286693213,84079811,WHO FluNET/FluID+RKI,NA,NA,NA,NA,NA,NA,NA,NA,NA,NA,NA,NA,NA
2022,18,0TO4,191,4.8,NH,DE,NA,NA,NA,NA,1267,546.9812420402789,84079811,WHO FluNET/FluID+RKI,NA,NA,NA,NA,NA,NA,NA,NA,NA,NA,NA,NA,NA
2022,18,15-34,631,3.36,NH,DE,NA,NA,NA,NA,NA,NA,84079811,WHO FluNET/FluID+RKI,NA,NA,NA,NA,NA,NA,NA,NA,NA,NA,NA,NA,NA
2022,18,15TO29,NA,NA,NH,DE,NA,NA,NA,NA,1354,198.84657239322274,84079811,WHO FluNET/FluID+RKI,NA,NA,NA,NA,NA,NA,NA,NA,NA,NA,NA,NA,NA
2022,18,30TO64,NA,NA,NH,DE,NA,NA,NA,NA,6638,324.1532241721225,84079811,WHO FluNET/FluID+RKI,NA,NA,NA,NA,NA,NA,NA,NA,NA,NA,NA,NA,NA
2022,18,35-59,1085,3.82,NH,DE,NA,NA,NA,NA,NA,NA,84079811,WHO FluNET/FluID+RKI,NA,NA,NA,NA,NA,NA,NA,NA,NA,NA,NA,NA,NA
2022,18,5TO14,111,1.45,NH,DE,NA,NA,NA,NA,600,140.85796587011487,84079811,WHO FluNET/FluID+RKI,NA,NA,NA,NA,NA,NA,NA,NA,NA,NA,NA,NA,NA
2022,18,60-79,2113,11.53,NH,DE,NA,NA,NA,NA,NA,NA,84079811,WHO FluNET/FluID+RKI,NA,NA,NA,NA,NA,NA,NA,NA,NA,NA,NA,NA,NA
2022,18,80+,2321,37.98,NH,DE,NA,NA,NA,NA,NA,NA,84079811,WHO FluNET/FluID+RKI,NA,NA,NA,NA,NA,NA,NA,NA,NA,NA,NA,NA,NA
2022,18,ALL,6454,7.75,NH,DE,2,32,0,32,19395,438.50089893249503,84079811,WHO FluNET/FluID+RKI,3.805907698817258,0.23786923117607864,NA,NA,NA,NA,NA,NA,NA,NA,NA,NA,NA
2022,18,UNKNOWN,NA,NA,NH,DE,NA,NA,NA,NA,9536,919.8382566287002,84079811,WHO FluNET/FluID+RKI,NA,NA,NA,NA,NA,NA,NA,NA,NA,NA,NA,NA,NA
2022,19,0TO4,167,4.2,NH,DE,NA,NA,NA,NA,1325,572.0206359142617,84079811,WHO FluNET/FluID+RKI,NA,NA,NA,NA,NA,NA,NA,NA,NA,NA,NA,NA,NA
2022,19,15-34,468,2.49,NH,DE,NA,NA,NA,NA,NA,NA,84079811,WHO FluNET/FluID+RKI,NA,NA,NA,NA,NA,NA,NA,NA,NA,NA,NA,NA,NA
2022,19,15TO29,NA,NA,NH,DE,NA,NA,NA,NA,1423,208.97981721976072,84079811,WHO FluNET/FluID+RKI,NA,NA,NA,NA,NA,NA,NA,NA,NA,NA,NA,NA,NA
2022,19,30TO64,NA,NA,NH,DE,NA,NA,NA,NA,6768,330.5015096711246,84079811,WHO FluNET/FluID+RKI,NA,NA,NA,NA,NA,NA,NA,NA,NA,NA,NA,NA,NA
2022,19,35-59,943,3.32,NH,DE,NA,NA,NA,NA,NA,NA,84079811,WHO FluNET/FluID+RKI,NA,NA,NA,NA,NA,NA,NA,NA,NA,NA,NA,NA,NA
2022,19,5TO14,109,1.43,NH,DE,NA,NA,NA,NA,642,150.7180234810229,84079811,WHO FluNET/FluID+RKI,NA,NA,NA,NA,NA,NA,NA,NA,NA,NA,NA,NA,NA
2022,19,60-79,1790,9.77,NH,DE,NA,NA,NA,NA,NA,NA,84079811,WHO FluNET/FluID+RKI,NA,NA,NA,NA,NA,NA,NA,NA,NA,NA,NA,NA,NA
2022,19,80+,2014,32.95,NH,DE,NA,NA,NA,NA,NA,NA,84079811,WHO FluNET/FluID+RKI,NA,NA,NA,NA,NA,NA,NA,NA,NA,NA,NA,NA,NA
2022,19,ALL,5495,6.6,NH,DE,0,23,0,23,19938,450.77756756463447,84079811,WHO FluNET/FluID+RKI,2.7354961585249042,0,NA,NA,NA,NA,NA,NA,NA,NA,NA,NA,NA
2022,19,UNKNOWN,NA,NA,NH,DE,NA,NA,NA,NA,9780,943.3743865172701,84079811,WHO FluNET/FluID+RKI,NA,NA,NA,NA,NA,NA,NA,NA,NA,NA,NA,NA,NA
2022,20,0TO4,156,3.92,NH,DE,NA,NA,NA,NA,1443,622.9628510371921,84079811,WHO FluNET/FluID+RKI,NA,NA,NA,NA,NA,NA,NA,NA,NA,NA,NA,NA,NA
2022,20,15-34,456,2.43,NH,DE,NA,NA,NA,NA,NA,NA,84079811,WHO FluNET/FluID+RKI,NA,NA,NA,NA,NA,NA,NA,NA,NA,NA,NA,NA,NA
2022,20,15TO29,NA,NA,NH,DE,NA,NA,NA,NA,1442,211.7701310125755,84079811,WHO FluNET/FluID+RKI,NA,NA,NA,NA,NA,NA,NA,NA,NA,NA,NA,NA,NA
2022,20,30TO64,NA,NA,NH,DE,NA,NA,NA,NA,6767,330.4526767057477,84079811,WHO FluNET/FluID+RKI,NA,NA,NA,NA,NA,NA,NA,NA,NA,NA,NA,NA,NA
2022,20,35-59,822,2.89,NH,DE,NA,NA,NA,NA,NA,NA,84079811,WHO FluNET/FluID+RKI,NA,NA,NA,NA,NA,NA,NA,NA,NA,NA,NA,NA,NA
2022,20,5TO14,120,1.57,NH,DE,NA,NA,NA,NA,595,139.68414948786392,84079811,WHO FluNET/FluID+RKI,NA,NA,NA,NA,NA,NA,NA,NA,NA,NA,NA,NA,NA
2022,20,60-79,1562,8.53,NH,DE,NA,NA,NA,NA,NA,NA,84079811,WHO FluNET/FluID+RKI,NA,NA,NA,NA,NA,NA,NA,NA,NA,NA,NA,NA,NA
2022,20,80+,1678,27.46,NH,DE,NA,NA,NA,NA,NA,NA,84079811,WHO FluNET/FluID+RKI,NA,NA,NA,NA,NA,NA,NA,NA,NA,NA,NA,NA,NA
2022,20,ALL,4799,5.77,NH,DE,0,24,1,25,19837,448.4940619811242,84079811,WHO FluNET/FluID+RKI,2.973365389700983,0,NA,NA,NA,NA,NA,NA,NA,NA,NA,NA,NA
2022,20,UNKNOWN,NA,NA,NH,DE,NA,NA,NA,NA,9590,925.0470722597772,84079811,WHO FluNET/FluID+RKI,NA,NA,NA,NA,NA,NA,NA,NA,NA,NA,NA,NA,NA
2022,21,0TO4,120,3.02,NH,DE,NA,NA,NA,NA,1299,560.7960800397177,84079811,WHO FluNET/FluID+RKI,NA,NA,NA,NA,NA,NA,NA,NA,NA,NA,NA,NA,NA
2022,21,15-34,385,2.05,NH,DE,NA,NA,NA,NA,NA,NA,84079811,WHO FluNET/FluID+RKI,NA,NA,NA,NA,NA,NA,NA,NA,NA,NA,NA,NA,NA
2022,21,15TO29,NA,NA,NH,DE,NA,NA,NA,NA,1356,199.1402896345717,84079811,WHO FluNET/FluID+RKI,NA,NA,NA,NA,NA,NA,NA,NA,NA,NA,NA,NA,NA
2022,21,30TO64,NA,NA,NH,DE,NA,NA,NA,NA,5615,274.19710059151373,84079811,WHO FluNET/FluID+RKI,NA,NA,NA,NA,NA,NA,NA,NA,NA,NA,NA,NA,NA
2022,21,35-59,639,2.25,NH,DE,NA,NA,NA,NA,NA,NA,84079811,WHO FluNET/FluID+RKI,NA,NA,NA,NA,NA,NA,NA,NA,NA,NA,NA,NA,NA
2022,21,5TO14,96,1.26,NH,DE,NA,NA,NA,NA,512,120.19879754249803,84079811,WHO FluNET/FluID+RKI,NA,NA,NA,NA,NA,NA,NA,NA,NA,NA,NA,NA,NA
2022,21,60-79,1233,6.73,NH,DE,NA,NA,NA,NA,NA,NA,84079811,WHO FluNET/FluID+RKI,NA,NA,NA,NA,NA,NA,NA,NA,NA,NA,NA,NA,NA
2022,21,80+,1314,21.5,NH,DE,NA,NA,NA,NA,NA,NA,84079811,WHO FluNET/FluID+RKI,NA,NA,NA,NA,NA,NA,NA,NA,NA,NA,NA,NA,NA
2022,21,ALL,3787,4.55,NH,DE,0,12,0,12,17005,384.46546977814273,84079811,WHO FluNET/FluID+RKI,1.4272153870564719,0,NA,NA,NA,NA,NA,NA,NA,NA,NA,NA,NA
2022,21,UNKNOWN,NA,NA,NH,DE,NA,NA,NA,NA,8223,793.1868691545513,84079811,WHO FluNET/FluID+RKI,NA,NA,NA,NA,NA,NA,NA,NA,NA,NA,NA,NA,NA
2022,22,0TO4,104,2.62,NH,DE,NA,NA,NA,NA,1330,574.179204351674,84079811,WHO FluNET/FluID+RKI,NA,NA,NA,NA,NA,NA,NA,NA,NA,NA,NA,NA,NA
2022,22,15-34,273,1.45,NH,DE,NA,NA,NA,NA,NA,NA,84079811,WHO FluNET/FluID+RKI,NA,NA,NA,NA,NA,NA,NA,NA,NA,NA,NA,NA,NA
2022,22,15TO29,NA,NA,NH,DE,NA,NA,NA,NA,1392,204.42719997885234,84079811,WHO FluNET/FluID+RKI,NA,NA,NA,NA,NA,NA,NA,NA,NA,NA,NA,NA,NA
2022,22,30TO64,NA,NA,NH,DE,NA,NA,NA,NA,6614,322.981233003076,84079811,WHO FluNET/FluID+RKI,NA,NA,NA,NA,NA,NA,NA,NA,NA,NA,NA,NA,NA
2022,22,35-59,451,1.59,NH,DE,NA,NA,NA,NA,NA,NA,84079811,WHO FluNET/FluID+RKI,NA,NA,NA,NA,NA,NA,NA,NA,NA,NA,NA,NA,NA
2022,22,5TO14,52,0.68,NH,DE,NA,NA,NA,NA,603,141.56225569946545,84079811,WHO FluNET/FluID+RKI,NA,NA,NA,NA,NA,NA,NA,NA,NA,NA,NA,NA,NA
2022,22,60-79,872,4.76,NH,DE,NA,NA,NA,NA,NA,NA,84079811,WHO FluNET/FluID+RKI,NA,NA,NA,NA,NA,NA,NA,NA,NA,NA,NA,NA,NA
2022,22,80+,893,14.61,NH,DE,NA,NA,NA,NA,NA,NA,84079811,WHO FluNET/FluID+RKI,NA,NA,NA,NA,NA,NA,NA,NA,NA,NA,NA,NA,NA
2022,22,ALL,2645,3.18,NH,DE,0,7,0,7,19457,439.90265483524394,84079811,WHO FluNET/FluID+RKI,0.8325423091162752,0,NA,NA,NA,NA,NA,NA,NA,NA,NA,NA,NA
2022,22,UNKNOWN,NA,NA,NH,DE,NA,NA,NA,NA,9518,918.1019847516744,84079811,WHO FluNET/FluID+RKI,NA,NA,NA,NA,NA,NA,NA,NA,NA,NA,NA,NA,NA
2022,23,0TO4,100,2.52,NH,DE,NA,NA,NA,NA,1306,563.8180758520949,84079811,WHO FluNET/FluID+RKI,NA,NA,NA,NA,NA,NA,NA,NA,NA,NA,NA,NA,NA
2022,23,15-34,373,1.98,NH,DE,NA,NA,NA,NA,NA,NA,84079811,WHO FluNET/FluID+RKI,NA,NA,NA,NA,NA,NA,NA,NA,NA,NA,NA,NA,NA
2022,23,15TO29,NA,NA,NH,DE,NA,NA,NA,NA,1364,200.3151585999674,84079811,WHO FluNET/FluID+RKI,NA,NA,NA,NA,NA,NA,NA,NA,NA,NA,NA,NA,NA
2022,23,30TO64,NA,NA,NH,DE,NA,NA,NA,NA,6090,297.39275914555986,84079811,WHO FluNET/FluID+RKI,NA,NA,NA,NA,NA,NA,NA,NA,NA,NA,NA,NA,NA
2022,23,35-59,556,1.96,NH,DE,NA,NA,NA,NA,NA,NA,84079811,WHO FluNET/FluID+RKI,NA,NA,NA,NA,NA,NA,NA,NA,NA,NA,NA,NA,NA
2022,23,5TO14,54,0.71,NH,DE,NA,NA,NA,NA,589,138.27556982916278,84079811,WHO FluNET/FluID+RKI,NA,NA,NA,NA,NA,NA,NA,NA,NA,NA,NA,NA,NA
2022,23,60-79,979,5.34,NH,DE,NA,NA,NA,NA,NA,NA,84079811,WHO FluNET/FluID+RKI,NA,NA,NA,NA,NA,NA,NA,NA,NA,NA,NA,NA,NA
2022,23,80+,1036,16.95,NH,DE,NA,NA,NA,NA,NA,NA,84079811,WHO FluNET/FluID+RKI,NA,NA,NA,NA,NA,NA,NA,NA,NA,NA,NA,NA,NA
2022,23,ALL,3098,3.72,NH,DE,0,7,0,7,18047,408.0240125307934,84079811,WHO FluNET/FluID+RKI,0.8325423091162752,0,NA,NA,NA,NA,NA,NA,NA,NA,NA,NA,NA
2022,23,UNKNOWN,NA,NA,NH,DE,NA,NA,NA,NA,8698,839.0051547982839,84079811,WHO FluNET/FluID+RKI,NA,NA,NA,NA,NA,NA,NA,NA,NA,NA,NA,NA,NA
2022,24,0TO4,128,3.22,NH,DE,NA,NA,NA,NA,1422,613.8968636000604,84079811,WHO FluNET/FluID+RKI,NA,NA,NA,NA,NA,NA,NA,NA,NA,NA,NA,NA,NA
2022,24,15-34,453,2.41,NH,DE,NA,NA,NA,NA,NA,NA,84079811,WHO FluNET/FluID+RKI,NA,NA,NA,NA,NA,NA,NA,NA,NA,NA,NA,NA,NA
2022,24,15TO29,NA,NA,NH,DE,NA,NA,NA,NA,1353,198.69971377254834,84079811,WHO FluNET/FluID+RKI,NA,NA,NA,NA,NA,NA,NA,NA,NA,NA,NA,NA,NA
2022,24,30TO64,NA,NA,NH,DE,NA,NA,NA,NA,6253,305.35253250200094,84079811,WHO FluNET/FluID+RKI,NA,NA,NA,NA,NA,NA,NA,NA,NA,NA,NA,NA,NA
2022,24,35-59,697,2.45,NH,DE,NA,NA,NA,NA,NA,NA,84079811,WHO FluNET/FluID+RKI,NA,NA,NA,NA,NA,NA,NA,NA,NA,NA,NA,NA,NA
2022,24,5TO14,53,0.69,NH,DE,NA,NA,NA,NA,577,135.4584105117605,84079811,WHO FluNET/FluID+RKI,NA,NA,NA,NA,NA,NA,NA,NA,NA,NA,NA,NA,NA
2022,24,60-79,1244,6.79,NH,DE,NA,NA,NA,NA,NA,NA,84079811,WHO FluNET/FluID+RKI,NA,NA,NA,NA,NA,NA,NA,NA,NA,NA,NA,NA,NA
2022,24,80+,1373,22.47,NH,DE,NA,NA,NA,NA,NA,NA,84079811,WHO FluNET/FluID+RKI,NA,NA,NA,NA,NA,NA,NA,NA,NA,NA,NA,NA,NA
2022,24,ALL,3949,4.74,NH,DE,0,7,0,7,18707,422.94593020521705,84079811,WHO FluNET/FluID+RKI,0.8325423091162752,0,NA,NA,NA,NA,NA,NA,NA,NA,NA,NA,NA
2022,24,UNKNOWN,NA,NA,NH,DE,NA,NA,NA,NA,9102,877.9748124826374,84079811,WHO FluNET/FluID+RKI,NA,NA,NA,NA,NA,NA,NA,NA,NA,NA,NA,NA,NA
2022,25,0TO4,196,4.93,NH,DE,NA,NA,NA,NA,1389,599.6503119131391,84079811,WHO FluNET/FluID+RKI,NA,NA,NA,NA,NA,NA,NA,NA,NA,NA,NA,NA,NA
2022,25,15-34,569,3.03,NH,DE,NA,NA,NA,NA,NA,NA,84079811,WHO FluNET/FluID+RKI,NA,NA,NA,NA,NA,NA,NA,NA,NA,NA,NA,NA,NA
2022,25,15TO29,NA,NA,NH,DE,NA,NA,NA,NA,1416,207.95180687503944,84079811,WHO FluNET/FluID+RKI,NA,NA,NA,NA,NA,NA,NA,NA,NA,NA,NA,NA,NA
2022,25,30TO64,NA,NA,NH,DE,NA,NA,NA,NA,6533,319.0257628075439,84079811,WHO FluNET/FluID+RKI,NA,NA,NA,NA,NA,NA,NA,NA,NA,NA,NA,NA,NA
2022,25,35-59,878,3.09,NH,DE,NA,NA,NA,NA,NA,NA,84079811,WHO FluNET/FluID+RKI,NA,NA,NA,NA,NA,NA,NA,NA,NA,NA,NA,NA,NA
2022,25,5TO14,87,1.14,NH,DE,NA,NA,NA,NA,610,143.2055986346168,84079811,WHO FluNET/FluID+RKI,NA,NA,NA,NA,NA,NA,NA,NA,NA,NA,NA,NA,NA
2022,25,60-79,1559,8.51,NH,DE,NA,NA,NA,NA,NA,NA,84079811,WHO FluNET/FluID+RKI,NA,NA,NA,NA,NA,NA,NA,NA,NA,NA,NA,NA,NA
2022,25,80+,1636,26.77,NH,DE,NA,NA,NA,NA,NA,NA,84079811,WHO FluNET/FluID+RKI,NA,NA,NA,NA,NA,NA,NA,NA,NA,NA,NA,NA,NA
2022,25,ALL,4926,5.92,NH,DE,0,7,0,7,19625,443.7009611523699,84079811,WHO FluNET/FluID+RKI,0.8325423091162752,0,NA,NA,NA,NA,NA,NA,NA,NA,NA,NA,NA
2022,25,UNKNOWN,NA,NA,NH,DE,NA,NA,NA,NA,9677,933.4390529987344,84079811,WHO FluNET/FluID+RKI,NA,NA,NA,NA,NA,NA,NA,NA,NA,NA,NA,NA,NA
2022,26,0TO4,265,6.67,NH,DE,NA,NA,NA,NA,1343,579.791482288946,84079811,WHO FluNET/FluID+RKI,NA,NA,NA,NA,NA,NA,NA,NA,NA,NA,NA,NA,NA
2022,26,15-34,788,4.19,NH,DE,NA,NA,NA,NA,NA,NA,84079811,WHO FluNET/FluID+RKI,NA,NA,NA,NA,NA,NA,NA,NA,NA,NA,NA,NA,NA
2022,26,15TO29,NA,NA,NH,DE,NA,NA,NA,NA,1379,202.51803791008433,84079811,WHO FluNET/FluID+RKI,NA,NA,NA,NA,NA,NA,NA,NA,NA,NA,NA,NA,NA
2022,26,30TO64,NA,NA,NH,DE,NA,NA,NA,NA,6233,304.37587319446214,84079811,WHO FluNET/FluID+RKI,NA,NA,NA,NA,NA,NA,NA,NA,NA,NA,NA,NA,NA
2022,26,35-59,1234,4.34,NH,DE,NA,NA,NA,NA,NA,NA,84079811,WHO FluNET/FluID+RKI,NA,NA,NA,NA,NA,NA,NA,NA,NA,NA,NA,NA,NA
2022,26,5TO14,107,1.4,NH,DE,NA,NA,NA,NA,526,123.4854834128007,84079811,WHO FluNET/FluID+RKI,NA,NA,NA,NA,NA,NA,NA,NA,NA,NA,NA,NA,NA
2022,26,60-79,2155,11.76,NH,DE,NA,NA,NA,NA,NA,NA,84079811,WHO FluNET/FluID+RKI,NA,NA,NA,NA,NA,NA,NA,NA,NA,NA,NA,NA,NA
2022,26,80+,2374,38.84,NH,DE,NA,NA,NA,NA,NA,NA,84079811,WHO FluNET/FluID+RKI,NA,NA,NA,NA,NA,NA,NA,NA,NA,NA,NA,NA,NA
2022,26,ALL,6924,8.32,NH,DE,0,5,0,5,18515,418.6050086999302,84079811,WHO FluNET/FluID+RKI,0.5946730779401965,0,NA,NA,NA,NA,NA,NA,NA,NA,NA,NA,NA
2022,26,UNKNOWN,NA,NA,NH,DE,NA,NA,NA,NA,9034,871.4155631694292,84079811,WHO FluNET/FluID+RKI,NA,NA,NA,NA,NA,NA,NA,NA,NA,NA,NA,NA,NA
2022,27,0TO4,291,7.32,NH,DE,NA,NA,NA,NA,1336,576.7694864765688,84079811,WHO FluNET/FluID+RKI,NA,NA,NA,NA,NA,NA,NA,NA,NA,NA,NA,NA,NA
2022,27,15-34,805,4.28,NH,DE,NA,NA,NA,NA,NA,NA,84079811,WHO FluNET/FluID+RKI,NA,NA,NA,NA,NA,NA,NA,NA,NA,NA,NA,NA,NA
2022,27,15TO29,NA,NA,NH,DE,NA,NA,NA,NA,1408,206.77693790964375,84079811,WHO FluNET/FluID+RKI,NA,NA,NA,NA,NA,NA,NA,NA,NA,NA,NA,NA,NA
2022,27,30TO64,NA,NA,NH,DE,NA,NA,NA,NA,6356,310.38232793582563,84079811,WHO FluNET/FluID+RKI,NA,NA,NA,NA,NA,NA,NA,NA,NA,NA,NA,NA,NA
2022,27,35-59,1317,4.64,NH,DE,NA,NA,NA,NA,NA,NA,84079811,WHO FluNET/FluID+RKI,NA,NA,NA,NA,NA,NA,NA,NA,NA,NA,NA,NA,NA
2022,27,5TO14,115,1.51,NH,DE,NA,NA,NA,NA,503,118.08592805444628,84079811,WHO FluNET/FluID+RKI,NA,NA,NA,NA,NA,NA,NA,NA,NA,NA,NA,NA,NA
2022,27,60-79,2448,13.36,NH,DE,NA,NA,NA,NA,NA,NA,84079811,WHO FluNET/FluID+RKI,NA,NA,NA,NA,NA,NA,NA,NA,NA,NA,NA,NA,NA
2022,27,80+,2604,42.61,NH,DE,NA,NA,NA,NA,NA,NA,84079811,WHO FluNET/FluID+RKI,NA,NA,NA,NA,NA,NA,NA,NA,NA,NA,NA,NA,NA
2022,27,ALL,7580,9.11,NH,DE,0,4,0,4,18865,426.51814686060936,84079811,WHO FluNET/FluID+RKI,0.4757384623521573,0,NA,NA,NA,NA,NA,NA,NA,NA,NA,NA,NA
2022,27,UNKNOWN,NA,NA,NH,DE,NA,NA,NA,NA,9262,893.4083402784207,84079811,WHO FluNET/FluID+RKI,NA,NA,NA,NA,NA,NA,NA,NA,NA,NA,NA,NA,NA
2022,28,0TO4,293,7.37,NH,DE,NA,NA,NA,NA,1302,562.091221102165,84079811,WHO FluNET/FluID+RKI,NA,NA,NA,NA,NA,NA,NA,NA,NA,NA,NA,NA,NA
2022,28,15-34,750,3.99,NH,DE,NA,NA,NA,NA,NA,NA,84079811,WHO FluNET/FluID+RKI,NA,NA,NA,NA,NA,NA,NA,NA,NA,NA,NA,NA,NA
2022,28,15TO29,NA,NA,NH,DE,NA,NA,NA,NA,1349,198.11227928985042,84079811,WHO FluNET/FluID+RKI,NA,NA,NA,NA,NA,NA,NA,NA,NA,NA,NA,NA,NA
2022,28,30TO64,NA,NA,NH,DE,NA,NA,NA,NA,6193,302.42255457938455,84079811,WHO FluNET/FluID+RKI,NA,NA,NA,NA,NA,NA,NA,NA,NA,NA,NA,NA,NA
2022,28,35-59,1484,5.22,NH,DE,NA,NA,NA,NA,NA,NA,84079811,WHO FluNET/FluID+RKI,NA,NA,NA,NA,NA,NA,NA,NA,NA,NA,NA,NA,NA
2022,28,5TO14,145,1.9,NH,DE,NA,NA,NA,NA,490,115.03400546059382,84079811,WHO FluNET/FluID+RKI,NA,NA,NA,NA,NA,NA,NA,NA,NA,NA,NA,NA,NA
2022,28,60-79,2703,14.76,NH,DE,NA,NA,NA,NA,NA,NA,84079811,WHO FluNET/FluID+RKI,NA,NA,NA,NA,NA,NA,NA,NA,NA,NA,NA,NA,NA
2022,28,80+,2857,46.75,NH,DE,NA,NA,NA,NA,NA,NA,84079811,WHO FluNET/FluID+RKI,NA,NA,NA,NA,NA,NA,NA,NA,NA,NA,NA,NA,NA
2022,28,ALL,8235,9.89,NH,DE,2,3,0,3,18582,420.1198094335459,84079811,WHO FluNET/FluID+RKI,0.35680384676411797,0.23786923117607864,NA,NA,NA,NA,NA,NA,NA,NA,NA,NA,NA
2022,28,UNKNOWN,NA,NA,NH,DE,NA,NA,NA,NA,9248,892.0579065962899,84079811,WHO FluNET/FluID+RKI,NA,NA,NA,NA,NA,NA,NA,NA,NA,NA,NA,NA,NA
2022,29,0TO4,356,8.96,NH,DE,NA,NA,NA,NA,1348,581.9500507263583,84079811,WHO FluNET/FluID+RKI,NA,NA,NA,NA,NA,NA,NA,NA,NA,NA,NA,NA,NA
2022,29,15-34,880,4.68,NH,DE,NA,NA,NA,NA,NA,NA,84079811,WHO FluNET/FluID+RKI,NA,NA,NA,NA,NA,NA,NA,NA,NA,NA,NA,NA,NA
2022,29,15TO29,NA,NA,NH,DE,NA,NA,NA,NA,1350,198.2591379105249,84079811,WHO FluNET/FluID+RKI,NA,NA,NA,NA,NA,NA,NA,NA,NA,NA,NA,NA,NA
2022,29,30TO64,NA,NA,NH,DE,NA,NA,NA,NA,5929,289.53065171987265,84079811,WHO FluNET/FluID+RKI,NA,NA,NA,NA,NA,NA,NA,NA,NA,NA,NA,NA,NA
2022,29,35-59,1538,5.41,NH,DE,NA,NA,NA,NA,NA,NA,84079811,WHO FluNET/FluID+RKI,NA,NA,NA,NA,NA,NA,NA,NA,NA,NA,NA,NA,NA
2022,29,5TO14,141,1.85,NH,DE,NA,NA,NA,NA,401,94.14007385652678,84079811,WHO FluNET/FluID+RKI,NA,NA,NA,NA,NA,NA,NA,NA,NA,NA,NA,NA,NA
2022,29,60-79,3286,17.94,NH,DE,NA,NA,NA,NA,NA,NA,84079811,WHO FluNET/FluID+RKI,NA,NA,NA,NA,NA,NA,NA,NA,NA,NA,NA,NA,NA
2022,29,80+,3765,61.6,NH,DE,NA,NA,NA,NA,NA,NA,84079811,WHO FluNET/FluID+RKI,NA,NA,NA,NA,NA,NA,NA,NA,NA,NA,NA,NA,NA
2022,29,ALL,9968,11.98,NH,DE,0,1,0,1,18276,413.20146578449493,84079811,WHO FluNET/FluID+RKI,0.11893461558803932,0,NA,NA,NA,NA,NA,NA,NA,NA,NA,NA,NA
2022,29,UNKNOWN,NA,NA,NH,DE,NA,NA,NA,NA,9248,892.0579065962899,84079811,WHO FluNET/FluID+RKI,NA,NA,NA,NA,NA,NA,NA,NA,NA,NA,NA,NA,NA
2022,30,0TO4,380,9.56,NH,DE,NA,NA,NA,NA,1301,561.6595074146826,84079811,WHO FluNET/FluID+RKI,NA,NA,NA,NA,NA,NA,NA,NA,NA,NA,NA,NA,NA
2022,30,15-34,915,4.87,NH,DE,NA,NA,NA,NA,NA,NA,84079811,WHO FluNET/FluID+RKI,NA,NA,NA,NA,NA,NA,NA,NA,NA,NA,NA,NA,NA
2022,30,15TO29,NA,NA,NH,DE,NA,NA,NA,NA,1345,197.5248448071526,84079811,WHO FluNET/FluID+RKI,NA,NA,NA,NA,NA,NA,NA,NA,NA,NA,NA,NA,NA
2022,30,30TO64,NA,NA,NH,DE,NA,NA,NA,NA,5727,279.66639271373094,84079811,WHO FluNET/FluID+RKI,NA,NA,NA,NA,NA,NA,NA,NA,NA,NA,NA,NA,NA
2022,30,35-59,1602,5.64,NH,DE,NA,NA,NA,NA,NA,NA,84079811,WHO FluNET/FluID+RKI,NA,NA,NA,NA,NA,NA,NA,NA,NA,NA,NA,NA,NA
2022,30,5TO14,135,1.77,NH,DE,NA,NA,NA,NA,438,102.82631508518386,84079811,WHO FluNET/FluID+RKI,NA,NA,NA,NA,NA,NA,NA,NA,NA,NA,NA,NA,NA
2022,30,60-79,3441,18.78,NH,DE,NA,NA,NA,NA,NA,NA,84079811,WHO FluNET/FluID+RKI,NA,NA,NA,NA,NA,NA,NA,NA,NA,NA,NA,NA,NA
2022,30,80+,4244,69.44,NH,DE,NA,NA,NA,NA,NA,NA,84079811,WHO FluNET/FluID+RKI,NA,NA,NA,NA,NA,NA,NA,NA,NA,NA,NA,NA,NA
2022,30,ALL,10718,12.88,NH,DE,3,2,0,2,17472,395.0238569811061,84079811,WHO FluNET/FluID+RKI,0.23786923117607864,0.35680384676411797,NA,NA,NA,NA,NA,NA,NA,NA,NA,NA,NA
2022,30,UNKNOWN,NA,NA,NH,DE,NA,NA,NA,NA,8661,835.4361514955089,84079811,WHO FluNET/FluID+RKI,NA,NA,NA,NA,NA,NA,NA,NA,NA,NA,NA,NA,NA
2022,31,0TO4,344,8.65,NH,DE,NA,NA,NA,NA,1256,542.2323914779718,84079811,WHO FluNET/FluID+RKI,NA,NA,NA,NA,NA,NA,NA,NA,NA,NA,NA,NA,NA
2022,31,15-34,781,4.16,NH,DE,NA,NA,NA,NA,NA,NA,84079811,WHO FluNET/FluID+RKI,NA,NA,NA,NA,NA,NA,NA,NA,NA,NA,NA,NA,NA
2022,31,15TO29,NA,NA,NH,DE,NA,NA,NA,NA,1365,200.46201722064188,84079811,WHO FluNET/FluID+RKI,NA,NA,NA,NA,NA,NA,NA,NA,NA,NA,NA,NA,NA
2022,31,30TO64,NA,NA,NH,DE,NA,NA,NA,NA,5819,284.1590255284093,84079811,WHO FluNET/FluID+RKI,NA,NA,NA,NA,NA,NA,NA,NA,NA,NA,NA,NA,NA
2022,31,35-59,1389,4.89,NH,DE,NA,NA,NA,NA,NA,NA,84079811,WHO FluNET/FluID+RKI,NA,NA,NA,NA,NA,NA,NA,NA,NA,NA,NA,NA,NA
2022,31,5TO14,103,1.35,NH,DE,NA,NA,NA,NA,464,108.93016027288883,84079811,WHO FluNET/FluID+RKI,NA,NA,NA,NA,NA,NA,NA,NA,NA,NA,NA,NA,NA
2022,31,60-79,3289,17.95,NH,DE,NA,NA,NA,NA,NA,NA,84079811,WHO FluNET/FluID+RKI,NA,NA,NA,NA,NA,NA,NA,NA,NA,NA,NA,NA,NA
2022,31,80+,3735,61.11,NH,DE,NA,NA,NA,NA,NA,NA,84079811,WHO FluNET/FluID+RKI,NA,NA,NA,NA,NA,NA,NA,NA,NA,NA,NA,NA,NA
2022,31,ALL,9642,11.58,NH,DE,0,0,0,0,17714,400.49522679506146,84079811,WHO FluNET/FluID+RKI,0,0,NA,NA,NA,NA,NA,NA,NA,NA,NA,NA,NA
2022,31,UNKNOWN,NA,NA,NH,DE,NA,NA,NA,NA,8810,849.8086242553323,84079811,WHO FluNET/FluID+RKI,NA,NA,NA,NA,NA,NA,NA,NA,NA,NA,NA,NA,NA
2022,32,0TO4,297,7.47,NH,DE,NA,NA,NA,NA,1322,570.7254948518142,84079811,WHO FluNET/FluID+RKI,NA,NA,NA,NA,NA,NA,NA,NA,NA,NA,NA,NA,NA
2022,32,15-34,682,3.63,NH,DE,NA,NA,NA,NA,NA,NA,84079811,WHO FluNET/FluID+RKI,NA,NA,NA,NA,NA,NA,NA,NA,NA,NA,NA,NA,NA
2022,32,15TO29,NA,NA,NH,DE,NA,NA,NA,NA,1293,189.88819653208054,84079811,WHO FluNET/FluID+RKI,NA,NA,NA,NA,NA,NA,NA,NA,NA,NA,NA,NA,NA
2022,32,30TO64,NA,NA,NH,DE,NA,NA,NA,NA,5980,292.0211329540965,84079811,WHO FluNET/FluID+RKI,NA,NA,NA,NA,NA,NA,NA,NA,NA,NA,NA,NA,NA
2022,32,35-59,1213,4.27,NH,DE,NA,NA,NA,NA,NA,NA,84079811,WHO FluNET/FluID+RKI,NA,NA,NA,NA,NA,NA,NA,NA,NA,NA,NA,NA,NA
2022,32,5TO14,77,1.01,NH,DE,NA,NA,NA,NA,418,98.13104955618003,84079811,WHO FluNET/FluID+RKI,NA,NA,NA,NA,NA,NA,NA,NA,NA,NA,NA,NA,NA
2022,32,60-79,2724,14.87,NH,DE,NA,NA,NA,NA,NA,NA,84079811,WHO FluNET/FluID+RKI,NA,NA,NA,NA,NA,NA,NA,NA,NA,NA,NA,NA,NA
2022,32,80+,3033,49.63,NH,DE,NA,NA,NA,NA,NA,NA,84079811,WHO FluNET/FluID+RKI,NA,NA,NA,NA,NA,NA,NA,NA,NA,NA,NA,NA,NA
2022,32,ALL,8027,9.64,NH,DE,0,2,0,2,17737,401.01523301704896,84079811,WHO FluNET/FluID+RKI,0.23786923117607864,0,NA,NA,NA,NA,NA,NA,NA,NA,NA,NA,NA
2022,32,UNKNOWN,NA,NA,NH,DE,NA,NA,NA,NA,8724,841.5131030650987,84079811,WHO FluNET/FluID+RKI,NA,NA,NA,NA,NA,NA,NA,NA,NA,NA,NA,NA,NA
2022,33,0TO4,243,6.11,NH,DE,NA,NA,NA,NA,1280,552.5935199775508,84079811,WHO FluNET/FluID+RKI,NA,NA,NA,NA,NA,NA,NA,NA,NA,NA,NA,NA,NA
2022,33,15-34,530,2.82,NH,DE,NA,NA,NA,NA,NA,NA,84079811,WHO FluNET/FluID+RKI,NA,NA,NA,NA,NA,NA,NA,NA,NA,NA,NA,NA,NA
2022,33,15TO29,NA,NA,NH,DE,NA,NA,NA,NA,1400,205.60206894424806,84079811,WHO FluNET/FluID+RKI,NA,NA,NA,NA,NA,NA,NA,NA,NA,NA,NA,NA,NA
2022,33,30TO64,NA,NA,NH,DE,NA,NA,NA,NA,6151,300.37157003355316,84079811,WHO FluNET/FluID+RKI,NA,NA,NA,NA,NA,NA,NA,NA,NA,NA,NA,NA,NA
2022,33,35-59,955,3.36,NH,DE,NA,NA,NA,NA,NA,NA,84079811,WHO FluNET/FluID+RKI,NA,NA,NA,NA,NA,NA,NA,NA,NA,NA,NA,NA,NA
2022,33,5TO14,82,1.07,NH,DE,NA,NA,NA,NA,535,125.59835290085243,84079811,WHO FluNET/FluID+RKI,NA,NA,NA,NA,NA,NA,NA,NA,NA,NA,NA,NA,NA
2022,33,60-79,2227,12.16,NH,DE,NA,NA,NA,NA,NA,NA,84079811,WHO FluNET/FluID+RKI,NA,NA,NA,NA,NA,NA,NA,NA,NA,NA,NA,NA,NA
2022,33,80+,2564,41.95,NH,DE,NA,NA,NA,NA,NA,NA,84079811,WHO FluNET/FluID+RKI,NA,NA,NA,NA,NA,NA,NA,NA,NA,NA,NA,NA,NA
2022,33,ALL,6602,7.93,NH,DE,0,2,0,2,18129,409.8779477570097,84079811,WHO FluNET/FluID+RKI,0.23786923117607864,0,NA,NA,NA,NA,NA,NA,NA,NA,NA,NA,NA
2022,33,UNKNOWN,NA,NA,NH,DE,NA,NA,NA,NA,8763,845.2750254653208,84079811,WHO FluNET/FluID+RKI,NA,NA,NA,NA,NA,NA,NA,NA,NA,NA,NA,NA,NA
2022,34,0TO4,229,5.76,NH,DE,NA,NA,NA,NA,1254,541.3689641030069,84079811,WHO FluNET/FluID+RKI,NA,NA,NA,NA,NA,NA,NA,NA,NA,NA,NA,NA,NA
2022,34,15-34,492,2.62,NH,DE,NA,NA,NA,NA,NA,NA,84079811,WHO FluNET/FluID+RKI,NA,NA,NA,NA,NA,NA,NA,NA,NA,NA,NA,NA,NA
2022,34,15TO29,NA,NA,NH,DE,NA,NA,NA,NA,1419,208.39238273706286,84079811,WHO FluNET/FluID+RKI,NA,NA,NA,NA,NA,NA,NA,NA,NA,NA,NA,NA,NA
2022,34,30TO64,NA,NA,NH,DE,NA,NA,NA,NA,6100,297.88108879932923,84079811,WHO FluNET/FluID+RKI,NA,NA,NA,NA,NA,NA,NA,NA,NA,NA,NA,NA,NA
2022,34,35-59,958,3.37,NH,DE,NA,NA,NA,NA,NA,NA,84079811,WHO FluNET/FluID+RKI,NA,NA,NA,NA,NA,NA,NA,NA,NA,NA,NA,NA,NA
2022,34,5TO14,72,0.94,NH,DE,NA,NA,NA,NA,545,127.94598566535434,84079811,WHO FluNET/FluID+RKI,NA,NA,NA,NA,NA,NA,NA,NA,NA,NA,NA,NA,NA
2022,34,60-79,2165,11.82,NH,DE,NA,NA,NA,NA,NA,NA,84079811,WHO FluNET/FluID+RKI,NA,NA,NA,NA,NA,NA,NA,NA,NA,NA,NA,NA,NA
2022,34,80+,2446,40.02,NH,DE,NA,NA,NA,NA,NA,NA,84079811,WHO FluNET/FluID+RKI,NA,NA,NA,NA,NA,NA,NA,NA,NA,NA,NA,NA,NA
2022,34,ALL,6364,7.65,NH,DE,3,5,0,5,18289,413.49538234474875,84079811,WHO FluNET/FluID+RKI,0.5946730779401965,0.35680384676411797,NA,NA,NA,NA,NA,NA,NA,NA,NA,NA,NA
2022,34,UNKNOWN,NA,NA,NH,DE,NA,NA,NA,NA,8971,865.3386115998396,84079811,WHO FluNET/FluID+RKI,NA,NA,NA,NA,NA,NA,NA,NA,NA,NA,NA,NA,NA
2022,35,0TO4,190,4.78,NH,DE,NA,NA,NA,NA,1248,538.7786819781121,84079811,WHO FluNET/FluID+RKI,NA,NA,NA,NA,NA,NA,NA,NA,NA,NA,NA,NA,NA
2022,35,15-34,403,2.14,NH,DE,NA,NA,NA,NA,NA,NA,84079811,WHO FluNET/FluID+RKI,NA,NA,NA,NA,NA,NA,NA,NA,NA,NA,NA,NA,NA
2022,35,15TO29,NA,NA,NH,DE,NA,NA,NA,NA,1396,205.0146344615502,84079811,WHO FluNET/FluID+RKI,NA,NA,NA,NA,NA,NA,NA,NA,NA,NA,NA,NA,NA
2022,35,30TO64,NA,NA,NH,DE,NA,NA,NA,NA,6213,303.39921388692335,84079811,WHO FluNET/FluID+RKI,NA,NA,NA,NA,NA,NA,NA,NA,NA,NA,NA,NA,NA
2022,35,35-59,827,2.91,NH,DE,NA,NA,NA,NA,NA,NA,84079811,WHO FluNET/FluID+RKI,NA,NA,NA,NA,NA,NA,NA,NA,NA,NA,NA,NA,NA
2022,35,5TO14,68,0.89,NH,DE,NA,NA,NA,NA,585,137.336516723362,84079811,WHO FluNET/FluID+RKI,NA,NA,NA,NA,NA,NA,NA,NA,NA,NA,NA,NA,NA
2022,35,60-79,1704,9.3,NH,DE,NA,NA,NA,NA,NA,NA,84079811,WHO FluNET/FluID+RKI,NA,NA,NA,NA,NA,NA,NA,NA,NA,NA,NA,NA,NA
2022,35,80+,1962,32.1,NH,DE,NA,NA,NA,NA,NA,NA,84079811,WHO FluNET/FluID+RKI,NA,NA,NA,NA,NA,NA,NA,NA,NA,NA,NA,NA,NA
2022,35,ALL,5154,6.19,NH,DE,0,4,0,4,18211,411.73188298322594,84079811,WHO FluNET/FluID+RKI,0.4757384623521573,0,NA,NA,NA,NA,NA,NA,NA,NA,NA,NA,NA
2022,35,UNKNOWN,NA,NA,NH,DE,NA,NA,NA,NA,8769,845.8537827576628,84079811,WHO FluNET/FluID+RKI,NA,NA,NA,NA,NA,NA,NA,NA,NA,NA,NA,NA,NA
2022,36,0TO4,149,3.75,NH,DE,NA,NA,NA,NA,1300,561.2277937272002,84079811,WHO FluNET/FluID+RKI,NA,NA,NA,NA,NA,NA,NA,NA,NA,NA,NA,NA,NA
2022,36,15-34,332,1.77,NH,DE,NA,NA,NA,NA,NA,NA,84079811,WHO FluNET/FluID+RKI,NA,NA,NA,NA,NA,NA,NA,NA,NA,NA,NA,NA,NA
2022,36,15TO29,NA,NA,NH,DE,NA,NA,NA,NA,1415,207.80494825436503,84079811,WHO FluNET/FluID+RKI,NA,NA,NA,NA,NA,NA,NA,NA,NA,NA,NA,NA,NA
2022,36,30TO64,NA,NA,NH,DE,NA,NA,NA,NA,6483,316.58411453869695,84079811,WHO FluNET/FluID+RKI,NA,NA,NA,NA,NA,NA,NA,NA,NA,NA,NA,NA,NA
2022,36,35-59,676,2.38,NH,DE,NA,NA,NA,NA,NA,NA,84079811,WHO FluNET/FluID+RKI,NA,NA,NA,NA,NA,NA,NA,NA,NA,NA,NA,NA,NA
2022,36,5TO14,47,0.62,NH,DE,NA,NA,NA,NA,529,124.18977324215128,84079811,WHO FluNET/FluID+RKI,NA,NA,NA,NA,NA,NA,NA,NA,NA,NA,NA,NA,NA
2022,36,60-79,1524,8.32,NH,DE,NA,NA,NA,NA,NA,NA,84079811,WHO FluNET/FluID+RKI,NA,NA,NA,NA,NA,NA,NA,NA,NA,NA,NA,NA,NA
2022,36,80+,1555,25.44,NH,DE,NA,NA,NA,NA,NA,NA,84079811,WHO FluNET/FluID+RKI,NA,NA,NA,NA,NA,NA,NA,NA,NA,NA,NA,NA,NA
2022,36,ALL,4285,5.15,NH,DE,1,2,0,2,18848,426.13379443566214,84079811,WHO FluNET/FluID+RKI,0.23786923117607864,0.11893461558803932,NA,NA,NA,NA,NA,NA,NA,NA,NA,NA,NA
2022,36,UNKNOWN,NA,NA,NH,DE,NA,NA,NA,NA,9121,879.8075439083865,84079811,WHO FluNET/FluID+RKI,NA,NA,NA,NA,NA,NA,NA,NA,NA,NA,NA,NA,NA
2022,37,0TO4,171,4.3,NH,DE,NA,NA,NA,NA,1360,587.1306149761479,84079811,WHO FluNET/FluID+RKI,NA,NA,NA,NA,NA,NA,NA,NA,NA,NA,NA,NA,NA
2022,37,15-34,337,1.79,NH,DE,NA,NA,NA,NA,NA,NA,84079811,WHO FluNET/FluID+RKI,NA,NA,NA,NA,NA,NA,NA,NA,NA,NA,NA,NA,NA
2022,37,15TO29,NA,NA,NH,DE,NA,NA,NA,NA,1392,204.42719997885234,84079811,WHO FluNET/FluID+RKI,NA,NA,NA,NA,NA,NA,NA,NA,NA,NA,NA,NA,NA
2022,37,30TO64,NA,NA,NH,DE,NA,NA,NA,NA,6421,313.55647068532676,84079811,WHO FluNET/FluID+RKI,NA,NA,NA,NA,NA,NA,NA,NA,NA,NA,NA,NA,NA
2022,37,35-59,631,2.22,NH,DE,NA,NA,NA,NA,NA,NA,84079811,WHO FluNET/FluID+RKI,NA,NA,NA,NA,NA,NA,NA,NA,NA,NA,NA,NA,NA
2022,37,5TO14,63,0.83,NH,DE,NA,NA,NA,NA,531,124.65929979505167,84079811,WHO FluNET/FluID+RKI,NA,NA,NA,NA,NA,NA,NA,NA,NA,NA,NA,NA,NA
2022,37,60-79,1450,7.92,NH,DE,NA,NA,NA,NA,NA,NA,84079811,WHO FluNET/FluID+RKI,NA,NA,NA,NA,NA,NA,NA,NA,NA,NA,NA,NA,NA
2022,37,80+,1628,26.64,NH,DE,NA,NA,NA,NA,NA,NA,84079811,WHO FluNET/FluID+RKI,NA,NA,NA,NA,NA,NA,NA,NA,NA,NA,NA,NA,NA
2022,37,ALL,4282,5.14,NH,DE,0,4,0,4,18963,428.7338255455996,84079811,WHO FluNET/FluID+RKI,0.4757384623521573,0,NA,NA,NA,NA,NA,NA,NA,NA,NA,NA,NA
2022,37,UNKNOWN,NA,NA,NH,DE,NA,NA,NA,NA,9259,893.1189616322499,84079811,WHO FluNET/FluID+RKI,NA,NA,NA,NA,NA,NA,NA,NA,NA,NA,NA,NA,NA
2022,38,0TO4,130,3.27,NH,DE,NA,NA,NA,NA,1369,591.0160381634901,84079811,WHO FluNET/FluID+RKI,NA,NA,NA,NA,NA,NA,NA,NA,NA,NA,NA,NA,NA
2022,38,15-34,341,1.81,NH,DE,NA,NA,NA,NA,NA,NA,84079811,WHO FluNET/FluID+RKI,NA,NA,NA,NA,NA,NA,NA,NA,NA,NA,NA,NA,NA
2022,38,15TO29,NA,NA,NH,DE,NA,NA,NA,NA,1356,199.1402896345717,84079811,WHO FluNET/FluID+RKI,NA,NA,NA,NA,NA,NA,NA,NA,NA,NA,NA,NA,NA
2022,38,30TO64,NA,NA,NH,DE,NA,NA,NA,NA,6294,307.35468408245544,84079811,WHO FluNET/FluID+RKI,NA,NA,NA,NA,NA,NA,NA,NA,NA,NA,NA,NA,NA
2022,38,35-59,731,2.57,NH,DE,NA,NA,NA,NA,NA,NA,84079811,WHO FluNET/FluID+RKI,NA,NA,NA,NA,NA,NA,NA,NA,NA,NA,NA,NA,NA
2022,38,5TO14,58,0.76,NH,DE,NA,NA,NA,NA,520,122.07690375409955,84079811,WHO FluNET/FluID+RKI,NA,NA,NA,NA,NA,NA,NA,NA,NA,NA,NA,NA,NA
2022,38,60-79,1617,8.83,NH,DE,NA,NA,NA,NA,NA,NA,84079811,WHO FluNET/FluID+RKI,NA,NA,NA,NA,NA,NA,NA,NA,NA,NA,NA,NA,NA
2022,38,80+,1782,29.16,NH,DE,NA,NA,NA,NA,NA,NA,84079811,WHO FluNET/FluID+RKI,NA,NA,NA,NA,NA,NA,NA,NA,NA,NA,NA,NA,NA
2022,38,ALL,4659,5.6,NH,DE,3,3,0,3,18996,429.47992142932077,84079811,WHO FluNET/FluID+RKI,0.35680384676411797,0.35680384676411797,NA,NA,NA,NA,NA,NA,NA,NA,NA,NA,NA
2022,38,UNKNOWN,NA,NA,NH,DE,NA,NA,NA,NA,9457,912.217952279532,84079811,WHO FluNET/FluID+RKI,NA,NA,NA,NA,NA,NA,NA,NA,NA,NA,NA,NA,NA
2022,39,0TO4,166,4.18,NH,DE,NA,NA,NA,NA,1439,621.2359962872623,84079811,WHO FluNET/FluID+RKI,NA,NA,NA,NA,NA,NA,NA,NA,NA,NA,NA,NA,NA
2022,39,15-34,467,2.48,NH,DE,NA,NA,NA,NA,NA,NA,84079811,WHO FluNET/FluID+RKI,NA,NA,NA,NA,NA,NA,NA,NA,NA,NA,NA,NA,NA
2022,39,15TO29,NA,NA,NH,DE,NA,NA,NA,NA,1366,200.60887584131632,84079811,WHO FluNET/FluID+RKI,NA,NA,NA,NA,NA,NA,NA,NA,NA,NA,NA,NA,NA
2022,39,30TO64,NA,NA,NH,DE,NA,NA,NA,NA,6553,320.0024221150827,84079811,WHO FluNET/FluID+RKI,NA,NA,NA,NA,NA,NA,NA,NA,NA,NA,NA,NA,NA
2022,39,35-59,931,3.28,NH,DE,NA,NA,NA,NA,NA,NA,84079811,WHO FluNET/FluID+RKI,NA,NA,NA,NA,NA,NA,NA,NA,NA,NA,NA,NA,NA
2022,39,5TO14,71,0.93,NH,DE,NA,NA,NA,NA,540,126.77216928310337,84079811,WHO FluNET/FluID+RKI,NA,NA,NA,NA,NA,NA,NA,NA,NA,NA,NA,NA,NA
2022,39,60-79,2282,12.46,NH,DE,NA,NA,NA,NA,NA,NA,84079811,WHO FluNET/FluID+RKI,NA,NA,NA,NA,NA,NA,NA,NA,NA,NA,NA,NA,NA
2022,39,80+,2678,43.82,NH,DE,NA,NA,NA,NA,NA,NA,84079811,WHO FluNET/FluID+RKI,NA,NA,NA,NA,NA,NA,NA,NA,NA,NA,NA,NA,NA
2022,39,ALL,6597,7.93,NH,DE,3,6,0,6,19430,439.2922127485629,84079811,WHO FluNET/FluID+RKI,0.7136076935282359,0.35680384676411797,NA,NA,NA,NA,NA,NA,NA,NA,NA,NA,NA
2022,39,UNKNOWN,NA,NA,NH,DE,NA,NA,NA,NA,9532,919.4524184338056,84079811,WHO FluNET/FluID+RKI,NA,NA,NA,NA,NA,NA,NA,NA,NA,NA,NA,NA,NA
2022,40,0TO4,230,5.79,NH,DE,NA,NA,NA,NA,1268,547.4129557277613,84079811,WHO FluNET/FluID+RKI,NA,NA,NA,NA,NA,NA,NA,NA,NA,NA,NA,NA,NA
2022,40,15-34,641,3.41,NH,DE,NA,NA,NA,NA,NA,NA,84079811,WHO FluNET/FluID+RKI,NA,NA,NA,NA,NA,NA,NA,NA,NA,NA,NA,NA,NA
2022,40,15TO29,NA,NA,NH,DE,NA,NA,NA,NA,1243,182.5452654983574,84079811,WHO FluNET/FluID+RKI,NA,NA,NA,NA,NA,NA,NA,NA,NA,NA,NA,NA,NA
2022,40,30TO64,NA,NA,NH,DE,NA,NA,NA,NA,5681,277.4200763063917,84079811,WHO FluNET/FluID+RKI,NA,NA,NA,NA,NA,NA,NA,NA,NA,NA,NA,NA,NA
2022,40,35-59,1538,5.41,NH,DE,NA,NA,NA,NA,NA,NA,84079811,WHO FluNET/FluID+RKI,NA,NA,NA,NA,NA,NA,NA,NA,NA,NA,NA,NA,NA
2022,40,5TO14,82,1.07,NH,DE,NA,NA,NA,NA,420,98.60057610908042,84079811,WHO FluNET/FluID+RKI,NA,NA,NA,NA,NA,NA,NA,NA,NA,NA,NA,NA,NA
2022,40,60-79,3752,20.48,NH,DE,NA,NA,NA,NA,NA,NA,84079811,WHO FluNET/FluID+RKI,NA,NA,NA,NA,NA,NA,NA,NA,NA,NA,NA,NA,NA
2022,40,80+,4557,74.56,NH,DE,NA,NA,NA,NA,NA,NA,84079811,WHO FluNET/FluID+RKI,NA,NA,NA,NA,NA,NA,NA,NA,NA,NA,NA,NA,NA
2022,40,ALL,10809,12.99,NH,DE,2,12,0,12,17173,388.2637760952688,84079811,WHO FluNET/FluID+RKI,1.4272153870564719,0.23786923117607864,NA,NA,NA,NA,NA,NA,NA,NA,NA,NA,NA
2022,40,UNKNOWN,NA,NA,NH,DE,NA,NA,NA,NA,8561,825.7901966231442,84079811,WHO FluNET/FluID+RKI,NA,NA,NA,NA,NA,NA,NA,NA,NA,NA,NA,NA,NA
2022,41,0TO4,283,7.12,NH,DE,NA,NA,NA,NA,1350,582.8134781013232,84079811,WHO FluNET/FluID+RKI,NA,NA,NA,NA,NA,NA,NA,NA,NA,NA,NA,NA,NA
2022,41,15-34,760,4.04,NH,DE,NA,NA,NA,NA,NA,NA,84079811,WHO FluNET/FluID+RKI,NA,NA,NA,NA,NA,NA,NA,NA,NA,NA,NA,NA,NA
2022,41,15TO29,NA,NA,NH,DE,NA,NA,NA,NA,1263,185.48243791184663,84079811,WHO FluNET/FluID+RKI,NA,NA,NA,NA,NA,NA,NA,NA,NA,NA,NA,NA,NA
2022,41,30TO64,NA,NA,NH,DE,NA,NA,NA,NA,6182,301.8853919602382,84079811,WHO FluNET/FluID+RKI,NA,NA,NA,NA,NA,NA,NA,NA,NA,NA,NA,NA,NA
2022,41,35-59,2020,7.11,NH,DE,NA,NA,NA,NA,NA,NA,84079811,WHO FluNET/FluID+RKI,NA,NA,NA,NA,NA,NA,NA,NA,NA,NA,NA,NA,NA
2022,41,5TO14,75,0.98,NH,DE,NA,NA,NA,NA,466,109.3996868257892,84079811,WHO FluNET/FluID+RKI,NA,NA,NA,NA,NA,NA,NA,NA,NA,NA,NA,NA,NA
2022,41,60-79,5210,28.44,NH,DE,NA,NA,NA,NA,NA,NA,84079811,WHO FluNET/FluID+RKI,NA,NA,NA,NA,NA,NA,NA,NA,NA,NA,NA,NA,NA
2022,41,80+,6547,107.12,NH,DE,NA,NA,NA,NA,NA,NA,84079811,WHO FluNET/FluID+RKI,NA,NA,NA,NA,NA,NA,NA,NA,NA,NA,NA,NA,NA
2022,41,ALL,14900,17.9,NH,DE,6,16,0,16,18428,416.638028642847,84079811,WHO FluNET/FluID+RKI,1.902953849408629,0.7136076935282359,NA,NA,NA,NA,NA,NA,NA,NA,NA,NA,NA
2022,41,UNKNOWN,NA,NA,NH,DE,NA,NA,NA,NA,9167,884.2446831496743,84079811,WHO FluNET/FluID+RKI,NA,NA,NA,NA,NA,NA,NA,NA,NA,NA,NA,NA,NA
2022,42,0TO4,309,7.77,NH,DE,NA,NA,NA,NA,1311,565.9766442895072,84079811,WHO FluNET/FluID+RKI,NA,NA,NA,NA,NA,NA,NA,NA,NA,NA,NA,NA,NA
2022,42,15-34,916,4.87,NH,DE,NA,NA,NA,NA,NA,NA,84079811,WHO FluNET/FluID+RKI,NA,NA,NA,NA,NA,NA,NA,NA,NA,NA,NA,NA,NA
2022,42,15TO29,NA,NA,NH,DE,NA,NA,NA,NA,1298,190.62248963545287,84079811,WHO FluNET/FluID+RKI,NA,NA,NA,NA,NA,NA,NA,NA,NA,NA,NA,NA,NA
2022,42,30TO64,NA,NA,NH,DE,NA,NA,NA,NA,6150,300.3227370681762,84079811,WHO FluNET/FluID+RKI,NA,NA,NA,NA,NA,NA,NA,NA,NA,NA,NA,NA,NA
2022,42,35-59,2290,8.06,NH,DE,NA,NA,NA,NA,NA,NA,84079811,WHO FluNET/FluID+RKI,NA,NA,NA,NA,NA,NA,NA,NA,NA,NA,NA,NA,NA
2022,42,5TO14,85,1.11,NH,DE,NA,NA,NA,NA,530,124.42453651860146,84079811,WHO FluNET/FluID+RKI,NA,NA,NA,NA,NA,NA,NA,NA,NA,NA,NA,NA,NA
2022,42,60-79,6240,34.06,NH,DE,NA,NA,NA,NA,NA,NA,84079811,WHO FluNET/FluID+RKI,NA,NA,NA,NA,NA,NA,NA,NA,NA,NA,NA,NA,NA
2022,42,80+,7851,128.46,NH,DE,NA,NA,NA,NA,NA,NA,84079811,WHO FluNET/FluID+RKI,NA,NA,NA,NA,NA,NA,NA,NA,NA,NA,NA,NA,NA
2022,42,ALL,17697,21.26,NH,DE,10,17,1,18,18419,416.4345479472868,84079811,WHO FluNET/FluID+RKI,2.1408230805847075,1.189346155880393,NA,NA,NA,NA,NA,NA,NA,NA,NA,NA,NA
2022,42,UNKNOWN,NA,NA,NH,DE,NA,NA,NA,NA,9130,880.6756798468995,84079811,WHO FluNET/FluID+RKI,NA,NA,NA,NA,NA,NA,NA,NA,NA,NA,NA,NA,NA
2022,43,0TO4,280,7.04,NH,DE,NA,NA,NA,NA,1373,592.7428929134198,84079811,WHO FluNET/FluID+RKI,NA,NA,NA,NA,NA,NA,NA,NA,NA,NA,NA,NA,NA
2022,43,15-34,826,4.39,NH,DE,NA,NA,NA,NA,NA,NA,84079811,WHO FluNET/FluID+RKI,NA,NA,NA,NA,NA,NA,NA,NA,NA,NA,NA,NA,NA
2022,43,15TO29,NA,NA,NH,DE,NA,NA,NA,NA,1244,182.69212411903186,84079811,WHO FluNET/FluID+RKI,NA,NA,NA,NA,NA,NA,NA,NA,NA,NA,NA,NA,NA
2022,43,30TO64,NA,NA,NH,DE,NA,NA,NA,NA,6032,294.56044715369734,84079811,WHO FluNET/FluID+RKI,NA,NA,NA,NA,NA,NA,NA,NA,NA,NA,NA,NA,NA
2022,43,35-59,2160,7.6,NH,DE,NA,NA,NA,NA,NA,NA,84079811,WHO FluNET/FluID+RKI,NA,NA,NA,NA,NA,NA,NA,NA,NA,NA,NA,NA,NA
2022,43,5TO14,98,1.28,NH,DE,NA,NA,NA,NA,501,117.61640150154591,84079811,WHO FluNET/FluID+RKI,NA,NA,NA,NA,NA,NA,NA,NA,NA,NA,NA,NA,NA
2022,43,60-79,5826,31.8,NH,DE,NA,NA,NA,NA,NA,NA,84079811,WHO FluNET/FluID+RKI,NA,NA,NA,NA,NA,NA,NA,NA,NA,NA,NA,NA,NA
2022,43,80+,7253,118.67,NH,DE,NA,NA,NA,NA,NA,NA,84079811,WHO FluNET/FluID+RKI,NA,NA,NA,NA,NA,NA,NA,NA,NA,NA,NA,NA,NA
2022,43,ALL,16454,19.77,NH,DE,8,26,1,27,18441,416.93194520310084,84079811,WHO FluNET/FluID+RKI,3.2112346208770615,0.9514769247043146,NA,NA,NA,NA,NA,NA,NA,NA,NA,NA,NA
2022,43,UNKNOWN,NA,NA,NH,DE,NA,NA,NA,NA,9291,896.2056671914065,84079811,WHO FluNET/FluID+RKI,NA,NA,NA,NA,NA,NA,NA,NA,NA,NA,NA,NA,NA
2022,44,0TO4,210,5.28,NH,DE,NA,NA,NA,NA,1306,563.8180758520949,84079811,WHO FluNET/FluID+RKI,NA,NA,NA,NA,NA,NA,NA,NA,NA,NA,NA,NA,NA
2022,44,15-34,549,2.92,NH,DE,NA,NA,NA,NA,NA,NA,84079811,WHO FluNET/FluID+RKI,NA,NA,NA,NA,NA,NA,NA,NA,NA,NA,NA,NA,NA
2022,44,15TO29,NA,NA,NH,DE,NA,NA,NA,NA,1242,182.3984068776829,84079811,WHO FluNET/FluID+RKI,NA,NA,NA,NA,NA,NA,NA,NA,NA,NA,NA,NA,NA
2022,44,30TO64,NA,NA,NH,DE,NA,NA,NA,NA,5670,276.8829136872453,84079811,WHO FluNET/FluID+RKI,NA,NA,NA,NA,NA,NA,NA,NA,NA,NA,NA,NA,NA
2022,44,35-59,1642,5.78,NH,DE,NA,NA,NA,NA,NA,NA,84079811,WHO FluNET/FluID+RKI,NA,NA,NA,NA,NA,NA,NA,NA,NA,NA,NA,NA,NA
2022,44,5TO14,87,1.14,NH,DE,NA,NA,NA,NA,455,106.81729078483711,84079811,WHO FluNET/FluID+RKI,NA,NA,NA,NA,NA,NA,NA,NA,NA,NA,NA,NA,NA
2022,44,60-79,4383,23.93,NH,DE,NA,NA,NA,NA,NA,NA,84079811,WHO FluNET/FluID+RKI,NA,NA,NA,NA,NA,NA,NA,NA,NA,NA,NA,NA,NA
2022,44,80+,5134,84,NH,DE,NA,NA,NA,NA,NA,NA,84079811,WHO FluNET/FluID+RKI,NA,NA,NA,NA,NA,NA,NA,NA,NA,NA,NA,NA,NA
2022,44,ALL,12011,14.43,NH,DE,23,26,1,27,17102,386.6585394969595,84079811,WHO FluNET/FluID+RKI,3.2112346208770615,2.7354961585249042,NA,NA,NA,NA,NA,NA,NA,NA,NA,NA,NA
2022,44,UNKNOWN,NA,NA,NH,DE,NA,NA,NA,NA,8429,813.0575361916227,84079811,WHO FluNET/FluID+RKI,NA,NA,NA,NA,NA,NA,NA,NA,NA,NA,NA,NA,NA
2022,45,0TO4,175,4.4,NH,DE,NA,NA,NA,NA,1401,604.8308761629287,84079811,WHO FluNET/FluID+RKI,NA,NA,NA,NA,NA,NA,NA,NA,NA,NA,NA,NA,NA
2022,45,15-34,497,2.64,NH,DE,NA,NA,NA,NA,NA,NA,84079811,WHO FluNET/FluID+RKI,NA,NA,NA,NA,NA,NA,NA,NA,NA,NA,NA,NA,NA
2022,45,15TO29,NA,NA,NH,DE,NA,NA,NA,NA,1283,188.4196103253359,84079811,WHO FluNET/FluID+RKI,NA,NA,NA,NA,NA,NA,NA,NA,NA,NA,NA,NA,NA
2022,45,30TO64,NA,NA,NH,DE,NA,NA,NA,NA,6692,326.79020430247726,84079811,WHO FluNET/FluID+RKI,NA,NA,NA,NA,NA,NA,NA,NA,NA,NA,NA,NA,NA
2022,45,35-59,1149,4.05,NH,DE,NA,NA,NA,NA,NA,NA,84079811,WHO FluNET/FluID+RKI,NA,NA,NA,NA,NA,NA,NA,NA,NA,NA,NA,NA,NA
2022,45,5TO14,63,0.83,NH,DE,NA,NA,NA,NA,526,123.4854834128007,84079811,WHO FluNET/FluID+RKI,NA,NA,NA,NA,NA,NA,NA,NA,NA,NA,NA,NA,NA
2022,45,60-79,3072,16.77,NH,DE,NA,NA,NA,NA,NA,NA,84079811,WHO FluNET/FluID+RKI,NA,NA,NA,NA,NA,NA,NA,NA,NA,NA,NA,NA,NA
2022,45,80+,3760,61.52,NH,DE,NA,NA,NA,NA,NA,NA,84079811,WHO FluNET/FluID+RKI,NA,NA,NA,NA,NA,NA,NA,NA,NA,NA,NA,NA,NA
2022,45,ALL,8718,10.47,NH,DE,45,68,1,69,19435,439.4052575794298,84079811,WHO FluNET/FluID+RKI,8.206488475574714,5.35205770146177,NA,NA,NA,NA,NA,NA,NA,NA,NA,NA,NA
2022,45,UNKNOWN,NA,NA,NH,DE,NA,NA,NA,NA,9533,919.5488779825292,84079811,WHO FluNET/FluID+RKI,NA,NA,NA,NA,NA,NA,NA,NA,NA,NA,NA,NA,NA
2022,46,0TO4,145,3.65,NH,DE,NA,NA,NA,NA,1496,645.8436764737626,84079811,WHO FluNET/FluID+RKI,NA,NA,NA,NA,NA,NA,NA,NA,NA,NA,NA,NA,NA
2022,46,15-34,374,1.99,NH,DE,NA,NA,NA,NA,NA,NA,84079811,WHO FluNET/FluID+RKI,NA,NA,NA,NA,NA,NA,NA,NA,NA,NA,NA,NA,NA
2022,46,15TO29,NA,NA,NH,DE,NA,NA,NA,NA,1269,186.36358963589342,84079811,WHO FluNET/FluID+RKI,NA,NA,NA,NA,NA,NA,NA,NA,NA,NA,NA,NA,NA
2022,46,30TO64,NA,NA,NH,DE,NA,NA,NA,NA,6613,322.93240003769904,84079811,WHO FluNET/FluID+RKI,NA,NA,NA,NA,NA,NA,NA,NA,NA,NA,NA,NA,NA
2022,46,35-59,981,3.45,NH,DE,NA,NA,NA,NA,NA,NA,84079811,WHO FluNET/FluID+RKI,NA,NA,NA,NA,NA,NA,NA,NA,NA,NA,NA,NA,NA
2022,46,5TO14,41,0.54,NH,DE,NA,NA,NA,NA,536,125.83311617730261,84079811,WHO FluNET/FluID+RKI,NA,NA,NA,NA,NA,NA,NA,NA,NA,NA,NA,NA,NA
2022,46,60-79,2680,14.63,NH,DE,NA,NA,NA,NA,NA,NA,84079811,WHO FluNET/FluID+RKI,NA,NA,NA,NA,NA,NA,NA,NA,NA,NA,NA,NA,NA
2022,46,80+,3217,52.64,NH,DE,NA,NA,NA,NA,NA,NA,84079811,WHO FluNET/FluID+RKI,NA,NA,NA,NA,NA,NA,NA,NA,NA,NA,NA,NA,NA
2022,46,ALL,7443,8.94,NH,DE,62,73,0,73,19383,438.22959133841465,84079811,WHO FluNET/FluID+RKI,8.68222693792687,7.373946166458437,NA,NA,NA,NA,NA,NA,NA,NA,NA,NA,NA
2022,46,UNKNOWN,NA,NA,NH,DE,NA,NA,NA,NA,9469,913.3754668642158,84079811,WHO FluNET/FluID+RKI,NA,NA,NA,NA,NA,NA,NA,NA,NA,NA,NA,NA,NA
2022,47,0TO4,143,3.6,NH,DE,NA,NA,NA,NA,1513,653.1828091609644,84079811,WHO FluNET/FluID+RKI,NA,NA,NA,NA,NA,NA,NA,NA,NA,NA,NA,NA,NA
2022,47,15-34,403,2.14,NH,DE,NA,NA,NA,NA,NA,NA,84079811,WHO FluNET/FluID+RKI,NA,NA,NA,NA,NA,NA,NA,NA,NA,NA,NA,NA,NA
2022,47,15TO29,NA,NA,NH,DE,NA,NA,NA,NA,1352,198.55285515187384,84079811,WHO FluNET/FluID+RKI,NA,NA,NA,NA,NA,NA,NA,NA,NA,NA,NA,NA,NA
2022,47,30TO64,NA,NA,NH,DE,NA,NA,NA,NA,6575,321.07674735337537,84079811,WHO FluNET/FluID+RKI,NA,NA,NA,NA,NA,NA,NA,NA,NA,NA,NA,NA,NA
2022,47,35-59,965,3.4,NH,DE,NA,NA,NA,NA,NA,NA,84079811,WHO FluNET/FluID+RKI,NA,NA,NA,NA,NA,NA,NA,NA,NA,NA,NA,NA,NA
2022,47,5TO14,46,0.6,NH,DE,NA,NA,NA,NA,535,125.59835290085243,84079811,WHO FluNET/FluID+RKI,NA,NA,NA,NA,NA,NA,NA,NA,NA,NA,NA,NA,NA
2022,47,60-79,2387,13.03,NH,DE,NA,NA,NA,NA,NA,NA,84079811,WHO FluNET/FluID+RKI,NA,NA,NA,NA,NA,NA,NA,NA,NA,NA,NA,NA,NA
2022,47,80+,3019,49.4,NH,DE,NA,NA,NA,NA,NA,NA,84079811,WHO FluNET/FluID+RKI,NA,NA,NA,NA,NA,NA,NA,NA,NA,NA,NA,NA,NA
2022,47,ALL,6967,8.37,NH,DE,65,115,0,115,19724,445.9392488035335,84079811,WHO FluNET/FluID+RKI,13.677480792624522,7.730750013222556,NA,NA,NA,NA,NA,NA,NA,NA,NA,NA,NA
2022,47,UNKNOWN,NA,NA,NH,DE,NA,NA,NA,NA,9749,940.3841405068371,84079811,WHO FluNET/FluID+RKI,NA,NA,NA,NA,NA,NA,NA,NA,NA,NA,NA,NA,NA
2022,48,0TO4,110,2.77,NH,DE,NA,NA,NA,NA,1482,639.7996848490081,84079811,WHO FluNET/FluID+RKI,NA,NA,NA,NA,NA,NA,NA,NA,NA,NA,NA,NA,NA
2022,48,15-34,404,2.15,NH,DE,NA,NA,NA,NA,NA,NA,84079811,WHO FluNET/FluID+RKI,NA,NA,NA,NA,NA,NA,NA,NA,NA,NA,NA,NA,NA
2022,48,15TO29,NA,NA,NH,DE,NA,NA,NA,NA,1205,176.9646379127278,84079811,WHO FluNET/FluID+RKI,NA,NA,NA,NA,NA,NA,NA,NA,NA,NA,NA,NA,NA
2022,48,30TO64,NA,NA,NH,DE,NA,NA,NA,NA,6282,306.76868849793215,84079811,WHO FluNET/FluID+RKI,NA,NA,NA,NA,NA,NA,NA,NA,NA,NA,NA,NA,NA
2022,48,35-59,1022,3.6,NH,DE,NA,NA,NA,NA,NA,NA,84079811,WHO FluNET/FluID+RKI,NA,NA,NA,NA,NA,NA,NA,NA,NA,NA,NA,NA,NA
2022,48,5TO14,56,0.73,NH,DE,NA,NA,NA,NA,499,117.14687494864553,84079811,WHO FluNET/FluID+RKI,NA,NA,NA,NA,NA,NA,NA,NA,NA,NA,NA,NA,NA
2022,48,60-79,2706,14.77,NH,DE,NA,NA,NA,NA,NA,NA,84079811,WHO FluNET/FluID+RKI,NA,NA,NA,NA,NA,NA,NA,NA,NA,NA,NA,NA,NA
2022,48,80+,3294,53.9,NH,DE,NA,NA,NA,NA,NA,NA,84079811,WHO FluNET/FluID+RKI,NA,NA,NA,NA,NA,NA,NA,NA,NA,NA,NA,NA,NA
2022,48,ALL,7595,9.12,NH,DE,57,181,0,181,19234,434.86085537858264,84079811,WHO FluNET/FluID+RKI,21.527165421435118,6.7792730885182415,NA,NA,NA,NA,NA,NA,NA,NA,NA,NA,NA
2022,48,UNKNOWN,NA,NA,NH,DE,NA,NA,NA,NA,9766,942.0239528351391,84079811,WHO FluNET/FluID+RKI,NA,NA,NA,NA,NA,NA,NA,NA,NA,NA,NA,NA,NA
2022,49,0TO4,142,3.57,NH,DE,NA,NA,NA,NA,1457,629.0068426619466,84079811,WHO FluNET/FluID+RKI,NA,NA,NA,NA,NA,NA,NA,NA,NA,NA,NA,NA,NA
2022,49,15-34,521,2.77,NH,DE,NA,NA,NA,NA,NA,NA,84079811,WHO FluNET/FluID+RKI,NA,NA,NA,NA,NA,NA,NA,NA,NA,NA,NA,NA,NA
2022,49,15TO29,NA,NA,NH,DE,NA,NA,NA,NA,1256,184.4544275671254,84079811,WHO FluNET/FluID+RKI,NA,NA,NA,NA,NA,NA,NA,NA,NA,NA,NA,NA,NA
2022,49,30TO64,NA,NA,NH,DE,NA,NA,NA,NA,6225,303.98520947144664,84079811,WHO FluNET/FluID+RKI,NA,NA,NA,NA,NA,NA,NA,NA,NA,NA,NA,NA,NA
2022,49,35-59,1323,4.66,NH,DE,NA,NA,NA,NA,NA,NA,84079811,WHO FluNET/FluID+RKI,NA,NA,NA,NA,NA,NA,NA,NA,NA,NA,NA,NA,NA
2022,49,5TO14,55,0.72,NH,DE,NA,NA,NA,NA,421,98.8353393855306,84079811,WHO FluNET/FluID+RKI,NA,NA,NA,NA,NA,NA,NA,NA,NA,NA,NA,NA,NA
2022,49,60-79,3137,17.12,NH,DE,NA,NA,NA,NA,NA,NA,84079811,WHO FluNET/FluID+RKI,NA,NA,NA,NA,NA,NA,NA,NA,NA,NA,NA,NA,NA
2022,49,80+,3980,65.12,NH,DE,NA,NA,NA,NA,NA,NA,84079811,WHO FluNET/FluID+RKI,NA,NA,NA,NA,NA,NA,NA,NA,NA,NA,NA,NA,NA
2022,49,ALL,9161,11.01,NH,DE,59,201,0,201,18903,427.3772875751974,84079811,WHO FluNET/FluID+RKI,23.9058577331959,7.01714231969432,NA,NA,NA,NA,NA,NA,NA,NA,NA,NA,NA
2022,49,UNKNOWN,NA,NA,NH,DE,NA,NA,NA,NA,9544,920.6099330184894,84079811,WHO FluNET/FluID+RKI,NA,NA,NA,NA,NA,NA,NA,NA,NA,NA,NA,NA,NA
2022,50,0TO4,147,3.7,NH,DE,NA,NA,NA,NA,1434,619.07742784985,84079811,WHO FluNET/FluID+RKI,NA,NA,NA,NA,NA,NA,NA,NA,NA,NA,NA,NA,NA
2022,50,15-34,502,2.67,NH,DE,NA,NA,NA,NA,NA,NA,84079811,WHO FluNET/FluID+RKI,NA,NA,NA,NA,NA,NA,NA,NA,NA,NA,NA,NA,NA
2022,50,15TO29,NA,NA,NH,DE,NA,NA,NA,NA,1241,182.25154825700847,84079811,WHO FluNET/FluID+RKI,NA,NA,NA,NA,NA,NA,NA,NA,NA,NA,NA,NA,NA
2022,50,30TO64,NA,NA,NH,DE,NA,NA,NA,NA,5943,290.21431323514975,84079811,WHO FluNET/FluID+RKI,NA,NA,NA,NA,NA,NA,NA,NA,NA,NA,NA,NA,NA
2022,50,35-59,1416,4.99,NH,DE,NA,NA,NA,NA,NA,NA,84079811,WHO FluNET/FluID+RKI,NA,NA,NA,NA,NA,NA,NA,NA,NA,NA,NA,NA,NA
2022,50,5TO14,46,0.6,NH,DE,NA,NA,NA,NA,423,99.30486593843098,84079811,WHO FluNET/FluID+RKI,NA,NA,NA,NA,NA,NA,NA,NA,NA,NA,NA,NA,NA
2022,50,60-79,3735,20.39,NH,DE,NA,NA,NA,NA,NA,NA,84079811,WHO FluNET/FluID+RKI,NA,NA,NA,NA,NA,NA,NA,NA,NA,NA,NA,NA,NA
2022,50,80+,4793,78.42,NH,DE,NA,NA,NA,NA,NA,NA,84079811,WHO FluNET/FluID+RKI,NA,NA,NA,NA,NA,NA,NA,NA,NA,NA,NA,NA,NA
2022,50,ALL,10643,12.79,NH,DE,50,193,2,195,18630,421.2050398098677,84079811,WHO FluNET/FluID+RKI,23.19225003966767,5.946730779401966,NA,NA,NA,NA,NA,NA,NA,NA,NA,NA,NA
2022,50,UNKNOWN,NA,NA,NH,DE,NA,NA,NA,NA,9589,924.9506127110535,84079811,WHO FluNET/FluID+RKI,NA,NA,NA,NA,NA,NA,NA,NA,NA,NA,NA,NA,NA
2022,51,0TO4,165,4.15,NH,DE,NA,NA,NA,NA,1294,558.6375116023054,84079811,WHO FluNET/FluID+RKI,NA,NA,NA,NA,NA,NA,NA,NA,NA,NA,NA,NA,NA
2022,51,15-34,589,3.13,NH,DE,NA,NA,NA,NA,NA,NA,84079811,WHO FluNET/FluID+RKI,NA,NA,NA,NA,NA,NA,NA,NA,NA,NA,NA,NA,NA
2022,51,15TO29,NA,NA,NH,DE,NA,NA,NA,NA,1065,156.404431018303,84079811,WHO FluNET/FluID+RKI,NA,NA,NA,NA,NA,NA,NA,NA,NA,NA,NA,NA,NA
2022,51,30TO64,NA,NA,NH,DE,NA,NA,NA,NA,4916,240.06285779303317,84079811,WHO FluNET/FluID+RKI,NA,NA,NA,NA,NA,NA,NA,NA,NA,NA,NA,NA,NA
2022,51,35-59,1634,5.75,NH,DE,NA,NA,NA,NA,NA,NA,84079811,WHO FluNET/FluID+RKI,NA,NA,NA,NA,NA,NA,NA,NA,NA,NA,NA,NA,NA
2022,51,5TO14,46,0.6,NH,DE,NA,NA,NA,NA,367,86.15812245722026,84079811,WHO FluNET/FluID+RKI,NA,NA,NA,NA,NA,NA,NA,NA,NA,NA,NA,NA,NA
2022,51,60-79,4352,23.76,NH,DE,NA,NA,NA,NA,NA,NA,84079811,WHO FluNET/FluID+RKI,NA,NA,NA,NA,NA,NA,NA,NA,NA,NA,NA,NA,NA
2022,51,80+,5510,90.16,NH,DE,NA,NA,NA,NA,NA,NA,84079811,WHO FluNET/FluID+RKI,NA,NA,NA,NA,NA,NA,NA,NA,NA,NA,NA,NA,NA
2022,51,ALL,12306,14.78,NH,DE,31,107,0,107,15942,360.4321387358513,84079811,WHO FluNET/FluID+RKI,12.726003867920207,3.6869730832292187,NA,NA,NA,NA,NA,NA,NA,NA,NA,NA,NA
2022,51,UNKNOWN,NA,NA,NH,DE,NA,NA,NA,NA,8300,800.6142544062722,84079811,WHO FluNET/FluID+RKI,NA,NA,NA,NA,NA,NA,NA,NA,NA,NA,NA,NA,NA
2022,52,0TO4,165,4.15,NH,DE,NA,NA,NA,NA,1131,488.2681805426641,84079811,WHO FluNET/FluID+RKI,NA,NA,NA,NA,NA,NA,NA,NA,NA,NA,NA,NA,NA
2022,52,15-34,661,3.52,NH,DE,NA,NA,NA,NA,NA,NA,84079811,WHO FluNET/FluID+RKI,NA,NA,NA,NA,NA,NA,NA,NA,NA,NA,NA,NA,NA
2022,52,15TO29,NA,NA,NH,DE,NA,NA,NA,NA,919,134.96307239983142,84079811,WHO FluNET/FluID+RKI,NA,NA,NA,NA,NA,NA,NA,NA,NA,NA,NA,NA,NA
2022,52,30TO64,NA,NA,NH,DE,NA,NA,NA,NA,3771,184.1491124364378,84079811,WHO FluNET/FluID+RKI,NA,NA,NA,NA,NA,NA,NA,NA,NA,NA,NA,NA,NA
2022,52,35-59,1767,6.22,NH,DE,NA,NA,NA,NA,NA,NA,84079811,WHO FluNET/FluID+RKI,NA,NA,NA,NA,NA,NA,NA,NA,NA,NA,NA,NA,NA
2022,52,5TO14,58,0.76,NH,DE,NA,NA,NA,NA,284,66.67277051185437,84079811,WHO FluNET/FluID+RKI,NA,NA,NA,NA,NA,NA,NA,NA,NA,NA,NA,NA,NA
2022,52,60-79,4923,26.87,NH,DE,NA,NA,NA,NA,NA,NA,84079811,WHO FluNET/FluID+RKI,NA,NA,NA,NA,NA,NA,NA,NA,NA,NA,NA,NA,NA
2022,52,80+,6082,99.51,NH,DE,NA,NA,NA,NA,NA,NA,84079811,WHO FluNET/FluID+RKI,NA,NA,NA,NA,NA,NA,NA,NA,NA,NA,NA,NA,NA
2022,52,ALL,13661,16.41,NH,DE,10,20,1,21,13037,294.75309200221386,84079811,WHO FluNET/FluID+RKI,2.4976269273488256,1.189346155880393,NA,NA,NA,NA,NA,NA,NA,NA,NA,NA,NA
2022,52,UNKNOWN,NA,NA,NH,DE,NA,NA,NA,NA,6932,668.6575917523228,84079811,WHO FluNET/FluID+RKI,NA,NA,NA,NA,NA,NA,NA,NA,NA,NA,NA,NA,NA
2023,1,0TO4,189,4.75,NH,DE,NA,NA,NA,NA,NA,NA,84300000,WHO FluNET/FluID+RKI,NA,NA,NA,NA,NA,NA,NA,NA,NA,NA,NA,NA,NA
2023,1,15-34,475,2.53,NH,DE,NA,NA,NA,NA,NA,NA,84300000,WHO FluNET/FluID+RKI,NA,NA,NA,NA,NA,NA,NA,NA,NA,NA,NA,NA,NA
2023,1,35-59,1235,4.35,NH,DE,NA,NA,NA,NA,NA,NA,84300000,WHO FluNET/FluID+RKI,NA,NA,NA,NA,NA,NA,NA,NA,NA,NA,NA,NA,NA
2023,1,5TO14,42,0.55,NH,DE,NA,NA,NA,NA,NA,NA,84300000,WHO FluNET/FluID+RKI,NA,NA,NA,NA,NA,NA,NA,NA,NA,NA,NA,NA,NA
2023,1,60-79,3535,19.3,NH,DE,NA,NA,NA,NA,NA,NA,84300000,WHO FluNET/FluID+RKI,NA,NA,NA,NA,NA,NA,NA,NA,NA,NA,NA,NA,NA
2023,1,80+,4543,74.33,NH,DE,NA,NA,NA,NA,NA,NA,84300000,WHO FluNET/FluID+RKI,NA,NA,NA,NA,NA,NA,NA,NA,NA,NA,NA,NA,NA
2023,1,ALL,10021,12.04,NH,DE,NA,NA,NA,NA,NA,NA,84300000,WHO FluNET/FluID+RKI,NA,NA,NA,NA,NA,NA,NA,NA,NA,NA,NA,NA,NA
2023,2,0TO4,145,3.65,NH,DE,NA,NA,NA,NA,NA,NA,84300000,WHO FluNET/FluID+RKI,NA,NA,NA,NA,NA,NA,NA,NA,NA,NA,NA,NA,NA
2023,2,15-34,467,2.48,NH,DE,NA,NA,NA,NA,NA,NA,84300000,WHO FluNET/FluID+RKI,NA,NA,NA,NA,NA,NA,NA,NA,NA,NA,NA,NA,NA
2023,2,35-59,1120,3.94,NH,DE,NA,NA,NA,NA,NA,NA,84300000,WHO FluNET/FluID+RKI,NA,NA,NA,NA,NA,NA,NA,NA,NA,NA,NA,NA,NA
2023,2,5TO14,35,0.46,NH,DE,NA,NA,NA,NA,NA,NA,84300000,WHO FluNET/FluID+RKI,NA,NA,NA,NA,NA,NA,NA,NA,NA,NA,NA,NA,NA
2023,2,60-79,3089,16.86,NH,DE,NA,NA,NA,NA,NA,NA,84300000,WHO FluNET/FluID+RKI,NA,NA,NA,NA,NA,NA,NA,NA,NA,NA,NA,NA,NA
2023,2,80+,3942,64.5,NH,DE,NA,NA,NA,NA,NA,NA,84300000,WHO FluNET/FluID+RKI,NA,NA,NA,NA,NA,NA,NA,NA,NA,NA,NA,NA,NA
2023,2,ALL,8804,10.58,NH,DE,NA,NA,NA,NA,NA,NA,84300000,WHO FluNET/FluID+RKI,NA,NA,NA,NA,NA,NA,NA,NA,NA,NA,NA,NA,NA
2023,3,0TO4,123,3.09,NH,DE,NA,NA,NA,NA,NA,NA,84300000,WHO FluNET/FluID+RKI,NA,NA,NA,NA,NA,NA,NA,NA,NA,NA,NA,NA,NA
2023,3,15-34,356,1.89,NH,DE,NA,NA,NA,NA,NA,NA,84300000,WHO FluNET/FluID+RKI,NA,NA,NA,NA,NA,NA,NA,NA,NA,NA,NA,NA,NA
2023,3,35-59,801,2.82,NH,DE,NA,NA,NA,NA,NA,NA,84300000,WHO FluNET/FluID+RKI,NA,NA,NA,NA,NA,NA,NA,NA,NA,NA,NA,NA,NA
2023,3,5TO14,39,0.51,NH,DE,NA,NA,NA,NA,NA,NA,84300000,WHO FluNET/FluID+RKI,NA,NA,NA,NA,NA,NA,NA,NA,NA,NA,NA,NA,NA
2023,3,60-79,2289,12.5,NH,DE,NA,NA,NA,NA,NA,NA,84300000,WHO FluNET/FluID+RKI,NA,NA,NA,NA,NA,NA,NA,NA,NA,NA,NA,NA,NA
2023,3,80+,2636,43.13,NH,DE,NA,NA,NA,NA,NA,NA,84300000,WHO FluNET/FluID+RKI,NA,NA,NA,NA,NA,NA,NA,NA,NA,NA,NA,NA,NA
2023,3,ALL,6251,7.51,NH,DE,NA,NA,NA,NA,NA,NA,84300000,WHO FluNET/FluID+RKI,NA,NA,NA,NA,NA,NA,NA,NA,NA,NA,NA,NA,NA
2023,4,0TO4,125,3.14,NH,DE,NA,NA,NA,NA,NA,NA,84300000,WHO FluNET/FluID+RKI,NA,NA,NA,NA,NA,NA,NA,NA,NA,NA,NA,NA,NA
2023,4,15-34,273,1.45,NH,DE,NA,NA,NA,NA,NA,NA,84300000,WHO FluNET/FluID+RKI,NA,NA,NA,NA,NA,NA,NA,NA,NA,NA,NA,NA,NA
2023,4,35-59,589,2.07,NH,DE,NA,NA,NA,NA,NA,NA,84300000,WHO FluNET/FluID+RKI,NA,NA,NA,NA,NA,NA,NA,NA,NA,NA,NA,NA,NA
2023,4,5TO14,43,0.56,NH,DE,NA,NA,NA,NA,NA,NA,84300000,WHO FluNET/FluID+RKI,NA,NA,NA,NA,NA,NA,NA,NA,NA,NA,NA,NA,NA
2023,4,60-79,1469,8.02,NH,DE,NA,NA,NA,NA,NA,NA,84300000,WHO FluNET/FluID+RKI,NA,NA,NA,NA,NA,NA,NA,NA,NA,NA,NA,NA,NA
2023,4,80+,1814,29.68,NH,DE,NA,NA,NA,NA,NA,NA,84300000,WHO FluNET/FluID+RKI,NA,NA,NA,NA,NA,NA,NA,NA,NA,NA,NA,NA,NA
2023,4,ALL,4317,5.19,NH,DE,NA,NA,NA,NA,NA,NA,84300000,WHO FluNET/FluID+RKI,NA,NA,NA,NA,NA,NA,NA,NA,NA,NA,NA,NA,NA
